<?xml version="1.0" encoding="UTF-8"?>
<gpx xmlns="http://www.topografix.com/GPX/1/1" xmlns:gpxtpx="http://www.garmin.com/xmlschemas/TrackPointExtension/v1" xmlns:xsi="http://www.w3.org/2001/XMLSchema-instance" xsi:schemaLocation="http://www.topografix.com/GPX/1/1 http://www.topografix.com/GPX/1/1/gpx.xsd" version="1.1" creator="gpx.py -- https://github.com/tkrajina/gpxpy">
  <trk>
    <name>gpx from keep</name>
    <type>Run</type>
    <trkseg>
      <trkpt lat="40.00126851408667" lon="116.4723368973329">
        <ele>38.329083730466664</ele>
        <time>2026-08-24T22:49:17.375000Z</time>
      </trkpt>
      <trkpt lat="40.00126039916254" lon="116.47233588149525">
        <ele>38.32624832633883</ele>
        <time>2026-08-24T22:17:14Z</time>
        <extensions>
          <gpxtpx:TrackPointExtension>
            <gpxtpx:hr>103</gpxtpx:hr>
          </gpxtpx:TrackPointExtension>
        </extensions>
      </trkpt>
      <trkpt lat="40.00125454929664" lon="116.47233511604912">
        <ele>38.32422269042581</ele>
        <time>2026-08-24T22:17:14.600000Z</time>
        <extensions>
          <gpxtpx:TrackPointExtension>
            <gpxtpx:hr>103</gpxtpx:hr>
          </gpxtpx:TrackPointExtension>
        </extensions>
      </trkpt>
      <trkpt lat="40.001245701369015" lon="116.47233366436535">
        <ele>38.320800283923745</ele>
        <time>2026-08-24T22:17:15.600000Z</time>
        <extensions>
          <gpxtpx:TrackPointExtension>
            <gpxtpx:hr>103</gpxtpx:hr>
          </gpxtpx:TrackPointExtension>
        </extensions>
      </trkpt>
      <trkpt lat="40.00123715092897" lon="116.4723317819045">
        <ele>38.31662767287344</ele>
        <time>2026-08-24T22:17:16.600000Z</time>
        <extensions>
          <gpxtpx:TrackPointExtension>
            <gpxtpx:hr>103</gpxtpx:hr>
          </gpxtpx:TrackPointExtension>
        </extensions>
      </trkpt>
      <trkpt lat="40.001229423164304" lon="116.47232978753401">
        <ele>38.3114158352837</ele>
        <time>2026-08-24T22:17:17.600000Z</time>
        <extensions>
          <gpxtpx:TrackPointExtension>
            <gpxtpx:hr>103</gpxtpx:hr>
          </gpxtpx:TrackPointExtension>
        </extensions>
      </trkpt>
      <trkpt lat="40.001221722949396" lon="116.47232770280608">
        <ele>38.30480305291712</ele>
        <time>2026-08-24T22:17:18.600000Z</time>
        <extensions>
          <gpxtpx:TrackPointExtension>
            <gpxtpx:hr>103</gpxtpx:hr>
          </gpxtpx:TrackPointExtension>
        </extensions>
      </trkpt>
      <trkpt lat="40.001213079423174" lon="116.47232538658405">
        <ele>38.296329327858984</ele>
        <time>2026-08-24T22:17:19.600000Z</time>
        <extensions>
          <gpxtpx:TrackPointExtension>
            <gpxtpx:hr>102</gpxtpx:hr>
          </gpxtpx:TrackPointExtension>
        </extensions>
      </trkpt>
      <trkpt lat="40.00120360936133" lon="116.47232287043119">
        <ele>38.28561121132225</ele>
        <time>2026-08-24T22:17:20.600000Z</time>
        <extensions>
          <gpxtpx:TrackPointExtension>
            <gpxtpx:hr>102</gpxtpx:hr>
          </gpxtpx:TrackPointExtension>
        </extensions>
      </trkpt>
      <trkpt lat="40.001194196593694" lon="116.4723201878498">
        <ele>38.272807599045336</ele>
        <time>2026-08-24T22:17:21.600000Z</time>
        <extensions>
          <gpxtpx:TrackPointExtension>
            <gpxtpx:hr>102</gpxtpx:hr>
          </gpxtpx:TrackPointExtension>
        </extensions>
      </trkpt>
      <trkpt lat="40.00118432136489" lon="116.47231713440553">
        <ele>38.25880604982376</ele>
        <time>2026-08-24T22:17:22.600000Z</time>
        <extensions>
          <gpxtpx:TrackPointExtension>
            <gpxtpx:hr>102</gpxtpx:hr>
          </gpxtpx:TrackPointExtension>
        </extensions>
      </trkpt>
      <trkpt lat="40.0011731461089" lon="116.47231388826359">
        <ele>38.245013454928994</ele>
        <time>2026-08-24T22:17:23.600000Z</time>
        <extensions>
          <gpxtpx:TrackPointExtension>
            <gpxtpx:hr>102</gpxtpx:hr>
          </gpxtpx:TrackPointExtension>
        </extensions>
      </trkpt>
      <trkpt lat="40.0011617151273" lon="116.4723110034806">
        <ele>38.23296806123108</ele>
        <time>2026-08-24T22:17:24.600000Z</time>
        <extensions>
          <gpxtpx:TrackPointExtension>
            <gpxtpx:hr>102</gpxtpx:hr>
          </gpxtpx:TrackPointExtension>
        </extensions>
      </trkpt>
      <trkpt lat="40.0011507270943" lon="116.4723086380411">
        <ele>38.223879056982696</ele>
        <time>2026-08-24T22:17:25.600000Z</time>
        <extensions>
          <gpxtpx:TrackPointExtension>
            <gpxtpx:hr>102</gpxtpx:hr>
          </gpxtpx:TrackPointExtension>
        </extensions>
      </trkpt>
      <trkpt lat="40.00114035213347" lon="116.47230709083166">
        <ele>38.21844214294106</ele>
        <time>2026-08-24T22:17:26.600000Z</time>
        <extensions>
          <gpxtpx:TrackPointExtension>
            <gpxtpx:hr>102</gpxtpx:hr>
          </gpxtpx:TrackPointExtension>
        </extensions>
      </trkpt>
      <trkpt lat="40.001131054929324" lon="116.47230770265553">
        <ele>38.21672412566841</ele>
        <time>2026-08-24T22:17:27.600000Z</time>
        <extensions>
          <gpxtpx:TrackPointExtension>
            <gpxtpx:hr>102</gpxtpx:hr>
          </gpxtpx:TrackPointExtension>
        </extensions>
      </trkpt>
      <trkpt lat="40.00112387848111" lon="116.47231232045077">
        <ele>38.21809662133455</ele>
        <time>2026-08-24T22:17:28.600000Z</time>
        <extensions>
          <gpxtpx:TrackPointExtension>
            <gpxtpx:hr>101</gpxtpx:hr>
          </gpxtpx:TrackPointExtension>
        </extensions>
      </trkpt>
      <trkpt lat="40.001118664393736" lon="116.47232019356937">
        <ele>38.22145034652203</ele>
        <time>2026-08-24T22:17:29.600000Z</time>
        <extensions>
          <gpxtpx:TrackPointExtension>
            <gpxtpx:hr>101</gpxtpx:hr>
          </gpxtpx:TrackPointExtension>
        </extensions>
      </trkpt>
      <trkpt lat="40.00111368790935" lon="116.47232843857208">
        <ele>38.22560948319733</ele>
        <time>2026-08-24T22:17:30.600000Z</time>
        <extensions>
          <gpxtpx:TrackPointExtension>
            <gpxtpx:hr>101</gpxtpx:hr>
          </gpxtpx:TrackPointExtension>
        </extensions>
      </trkpt>
      <trkpt lat="40.00110675687988" lon="116.47233424794669">
        <ele>38.22970554791391</ele>
        <time>2026-08-24T22:17:31.600000Z</time>
        <extensions>
          <gpxtpx:TrackPointExtension>
            <gpxtpx:hr>101</gpxtpx:hr>
          </gpxtpx:TrackPointExtension>
        </extensions>
      </trkpt>
      <trkpt lat="40.00109736764515" lon="116.47233720796373">
        <ele>38.23318061232567</ele>
        <time>2026-08-24T22:17:32.600000Z</time>
        <extensions>
          <gpxtpx:TrackPointExtension>
            <gpxtpx:hr>102</gpxtpx:hr>
          </gpxtpx:TrackPointExtension>
        </extensions>
      </trkpt>
      <trkpt lat="40.00108632274049" lon="116.47233859446185">
        <ele>38.23558415286243</ele>
        <time>2026-08-24T22:17:33.600000Z</time>
        <extensions>
          <gpxtpx:TrackPointExtension>
            <gpxtpx:hr>102</gpxtpx:hr>
          </gpxtpx:TrackPointExtension>
        </extensions>
      </trkpt>
      <trkpt lat="40.00107413658398" lon="116.47233867747535">
        <ele>38.23643732070923</ele>
        <time>2026-08-24T22:17:34.600000Z</time>
        <extensions>
          <gpxtpx:TrackPointExtension>
            <gpxtpx:hr>102</gpxtpx:hr>
          </gpxtpx:TrackPointExtension>
        </extensions>
      </trkpt>
      <trkpt lat="40.00106154775336" lon="116.47233767869771">
        <ele>38.23520648665726</ele>
        <time>2026-08-24T22:17:35.600000Z</time>
        <extensions>
          <gpxtpx:TrackPointExtension>
            <gpxtpx:hr>102</gpxtpx:hr>
          </gpxtpx:TrackPointExtension>
        </extensions>
      </trkpt>
      <trkpt lat="40.00104909676813" lon="116.47233609533083">
        <ele>38.23136299010366</ele>
        <time>2026-08-24T22:17:36.600000Z</time>
        <extensions>
          <gpxtpx:TrackPointExtension>
            <gpxtpx:hr>102</gpxtpx:hr>
          </gpxtpx:TrackPointExtension>
        </extensions>
      </trkpt>
      <trkpt lat="40.00103703464567" lon="116.47233428950678">
        <ele>38.22437802050263</ele>
        <time>2026-08-24T22:17:37.600000Z</time>
        <extensions>
          <gpxtpx:TrackPointExtension>
            <gpxtpx:hr>102</gpxtpx:hr>
          </gpxtpx:TrackPointExtension>
        </extensions>
      </trkpt>
      <trkpt lat="40.00102525334587" lon="116.47233220965187">
        <ele>38.21369933336973</ele>
        <time>2026-08-24T22:17:38.600000Z</time>
        <extensions>
          <gpxtpx:TrackPointExtension>
            <gpxtpx:hr>104</gpxtpx:hr>
          </gpxtpx:TrackPointExtension>
        </extensions>
      </trkpt>
      <trkpt lat="40.00101348298454" lon="116.4723299481308">
        <ele>38.19877816736698</ele>
        <time>2026-08-24T22:17:39.600000Z</time>
        <extensions>
          <gpxtpx:TrackPointExtension>
            <gpxtpx:hr>104</gpxtpx:hr>
          </gpxtpx:TrackPointExtension>
        </extensions>
      </trkpt>
      <trkpt lat="40.001001720147976" lon="116.4723277198288">
        <ele>38.17906582541764</ele>
        <time>2026-08-24T22:17:40.600000Z</time>
        <extensions>
          <gpxtpx:TrackPointExtension>
            <gpxtpx:hr>104</gpxtpx:hr>
          </gpxtpx:TrackPointExtension>
        </extensions>
      </trkpt>
      <trkpt lat="40.000990186107686" lon="116.47232553659883">
        <ele>38.153978516347706</ele>
        <time>2026-08-24T22:17:41.600000Z</time>
        <extensions>
          <gpxtpx:TrackPointExtension>
            <gpxtpx:hr>104</gpxtpx:hr>
          </gpxtpx:TrackPointExtension>
        </extensions>
      </trkpt>
      <trkpt lat="40.0009792266909" lon="116.47232294570456">
        <ele>38.12287001591176</ele>
        <time>2026-08-24T22:17:42.600000Z</time>
        <extensions>
          <gpxtpx:TrackPointExtension>
            <gpxtpx:hr>104</gpxtpx:hr>
          </gpxtpx:TrackPointExtension>
        </extensions>
      </trkpt>
      <trkpt lat="40.00096948220435" lon="116.47231879403634">
        <ele>38.085067744366825</ele>
        <time>2026-08-24T22:17:43.600000Z</time>
        <extensions>
          <gpxtpx:TrackPointExtension>
            <gpxtpx:hr>104</gpxtpx:hr>
          </gpxtpx:TrackPointExtension>
        </extensions>
      </trkpt>
      <trkpt lat="40.00096224658629" lon="116.47231139812763">
        <ele>38.039983049966395</ele>
        <time>2026-08-24T22:17:44.600000Z</time>
        <extensions>
          <gpxtpx:TrackPointExtension>
            <gpxtpx:hr>104</gpxtpx:hr>
          </gpxtpx:TrackPointExtension>
        </extensions>
      </trkpt>
      <trkpt lat="40.00095726649773" lon="116.47230148001367">
        <ele>37.98723576590419</ele>
        <time>2026-08-24T22:17:45.600000Z</time>
        <extensions>
          <gpxtpx:TrackPointExtension>
            <gpxtpx:hr>104</gpxtpx:hr>
          </gpxtpx:TrackPointExtension>
        </extensions>
      </trkpt>
      <trkpt lat="40.00095259582367" lon="116.47229229082164">
        <ele>37.926785374991596</ele>
        <time>2026-08-24T22:17:46.600000Z</time>
        <extensions>
          <gpxtpx:TrackPointExtension>
            <gpxtpx:hr>104</gpxtpx:hr>
          </gpxtpx:TrackPointExtension>
        </extensions>
      </trkpt>
      <trkpt lat="40.00094732376957" lon="116.4722852224282">
        <ele>37.85887092910707</ele>
        <time>2026-08-24T22:17:47.600000Z</time>
        <extensions>
          <gpxtpx:TrackPointExtension>
            <gpxtpx:hr>103</gpxtpx:hr>
          </gpxtpx:TrackPointExtension>
        </extensions>
      </trkpt>
      <trkpt lat="40.000941532862036" lon="116.4722801691273">
        <ele>37.78372562211007</ele>
        <time>2026-08-24T22:17:48.600000Z</time>
        <extensions>
          <gpxtpx:TrackPointExtension>
            <gpxtpx:hr>103</gpxtpx:hr>
          </gpxtpx:TrackPointExtension>
        </extensions>
      </trkpt>
      <trkpt lat="40.00093552182745" lon="116.47227686060747">
        <ele>37.7014948092401</ele>
        <time>2026-08-24T22:17:49.600000Z</time>
        <extensions>
          <gpxtpx:TrackPointExtension>
            <gpxtpx:hr>103</gpxtpx:hr>
          </gpxtpx:TrackPointExtension>
        </extensions>
      </trkpt>
      <trkpt lat="40.00092948665613" lon="116.47227494951873">
        <ele>37.61235527601093</ele>
        <time>2026-08-24T22:17:50.600000Z</time>
        <extensions>
          <gpxtpx:TrackPointExtension>
            <gpxtpx:hr>103</gpxtpx:hr>
          </gpxtpx:TrackPointExtension>
        </extensions>
      </trkpt>
      <trkpt lat="40.00092362935897" lon="116.47227430103086">
        <ele>37.51669940818101</ele>
        <time>2026-08-24T22:17:51.600000Z</time>
        <extensions>
          <gpxtpx:TrackPointExtension>
            <gpxtpx:hr>101</gpxtpx:hr>
          </gpxtpx:TrackPointExtension>
        </extensions>
      </trkpt>
      <trkpt lat="40.000918316223476" lon="116.47227483756913">
        <ele>37.41536725405604</ele>
        <time>2026-08-24T22:17:52.600000Z</time>
        <extensions>
          <gpxtpx:TrackPointExtension>
            <gpxtpx:hr>101</gpxtpx:hr>
          </gpxtpx:TrackPointExtension>
        </extensions>
      </trkpt>
      <trkpt lat="40.00091381264949" lon="116.47227672965317">
        <ele>37.30997584480792</ele>
        <time>2026-08-24T22:17:53.500000Z</time>
        <extensions>
          <gpxtpx:TrackPointExtension>
            <gpxtpx:hr>101</gpxtpx:hr>
          </gpxtpx:TrackPointExtension>
        </extensions>
      </trkpt>
      <trkpt lat="40.000909858372026" lon="116.47227984927919">
        <ele>37.20343833696097</ele>
        <time>2026-08-24T22:17:54.500000Z</time>
        <extensions>
          <gpxtpx:TrackPointExtension>
            <gpxtpx:hr>101</gpxtpx:hr>
          </gpxtpx:TrackPointExtension>
        </extensions>
      </trkpt>
      <trkpt lat="40.00090579876234" lon="116.4722837980348">
        <ele>37.10024432837963</ele>
        <time>2026-08-24T22:17:55.500000Z</time>
        <extensions>
          <gpxtpx:TrackPointExtension>
            <gpxtpx:hr>101</gpxtpx:hr>
          </gpxtpx:TrackPointExtension>
        </extensions>
      </trkpt>
      <trkpt lat="40.0009025853226" lon="116.47228693714484">
        <ele>37.02597780432552</ele>
        <time>2026-08-24T22:17:56.300000Z</time>
        <extensions>
          <gpxtpx:TrackPointExtension>
            <gpxtpx:hr>101</gpxtpx:hr>
          </gpxtpx:TrackPointExtension>
        </extensions>
      </trkpt>
      <trkpt lat="40.000899044927365" lon="116.47228988762127">
        <ele>36.9404381159693</ele>
        <time>2026-08-24T22:17:57.300000Z</time>
        <extensions>
          <gpxtpx:TrackPointExtension>
            <gpxtpx:hr>99</gpxtpx:hr>
          </gpxtpx:TrackPointExtension>
        </extensions>
      </trkpt>
      <trkpt lat="40.00089640469118" lon="116.47229128588724">
        <ele>36.8702442003414</ele>
        <time>2026-08-24T22:17:58.300000Z</time>
        <extensions>
          <gpxtpx:TrackPointExtension>
            <gpxtpx:hr>99</gpxtpx:hr>
          </gpxtpx:TrackPointExtension>
        </extensions>
      </trkpt>
      <trkpt lat="40.000894377634644" lon="116.47229163269817">
        <ele>36.81513792835176</ele>
        <time>2026-08-24T22:17:59.300000Z</time>
        <extensions>
          <gpxtpx:TrackPointExtension>
            <gpxtpx:hr>99</gpxtpx:hr>
          </gpxtpx:TrackPointExtension>
        </extensions>
      </trkpt>
      <trkpt lat="40.00089270362014" lon="116.47229137146472">
        <ele>36.773323794826865</ele>
        <time>2026-08-24T22:18:00.300000Z</time>
        <extensions>
          <gpxtpx:TrackPointExtension>
            <gpxtpx:hr>99</gpxtpx:hr>
          </gpxtpx:TrackPointExtension>
        </extensions>
      </trkpt>
      <trkpt lat="40.0008912283773" lon="116.47229088859216">
        <ele>36.74246799573302</ele>
        <time>2026-08-24T22:18:01.300000Z</time>
        <extensions>
          <gpxtpx:TrackPointExtension>
            <gpxtpx:hr>99</gpxtpx:hr>
          </gpxtpx:TrackPointExtension>
        </extensions>
      </trkpt>
      <trkpt lat="40.00088995671872" lon="116.47229039712346">
        <ele>36.720296376384795</ele>
        <time>2026-08-24T22:18:02.300000Z</time>
        <extensions>
          <gpxtpx:TrackPointExtension>
            <gpxtpx:hr>99</gpxtpx:hr>
          </gpxtpx:TrackPointExtension>
        </extensions>
      </trkpt>
      <trkpt lat="40.00088890136351" lon="116.47228997528674">
        <ele>36.70486491266638</ele>
        <time>2026-08-24T22:18:03.300000Z</time>
        <extensions>
          <gpxtpx:TrackPointExtension>
            <gpxtpx:hr>104</gpxtpx:hr>
          </gpxtpx:TrackPointExtension>
        </extensions>
      </trkpt>
      <trkpt lat="40.000887959423636" lon="116.47228971640217">
        <ele>36.69458240363747</ele>
        <time>2026-08-24T22:18:04.300000Z</time>
        <extensions>
          <gpxtpx:TrackPointExtension>
            <gpxtpx:hr>104</gpxtpx:hr>
          </gpxtpx:TrackPointExtension>
        </extensions>
      </trkpt>
      <trkpt lat="40.00088707128552" lon="116.47228965707323">
        <ele>36.68813549447805</ele>
        <time>2026-08-24T22:18:05.300000Z</time>
        <extensions>
          <gpxtpx:TrackPointExtension>
            <gpxtpx:hr>104</gpxtpx:hr>
          </gpxtpx:TrackPointExtension>
        </extensions>
      </trkpt>
      <trkpt lat="40.00088621926277" lon="116.47228979550066">
        <ele>36.68441577348858</ele>
        <time>2026-08-24T22:18:06.300000Z</time>
        <extensions>
          <gpxtpx:TrackPointExtension>
            <gpxtpx:hr>104</gpxtpx:hr>
          </gpxtpx:TrackPointExtension>
        </extensions>
      </trkpt>
      <trkpt lat="40.00088537991074" lon="116.47229013969188">
        <ele>36.68245417252183</ele>
        <time>2026-08-24T22:18:07.300000Z</time>
        <extensions>
          <gpxtpx:TrackPointExtension>
            <gpxtpx:hr>104</gpxtpx:hr>
          </gpxtpx:TrackPointExtension>
        </extensions>
      </trkpt>
      <trkpt lat="40.00088451449573" lon="116.47229069268704">
        <ele>36.681398880667984</ele>
        <time>2026-08-24T22:18:08.300000Z</time>
        <extensions>
          <gpxtpx:TrackPointExtension>
            <gpxtpx:hr>103</gpxtpx:hr>
          </gpxtpx:TrackPointExtension>
        </extensions>
      </trkpt>
      <trkpt lat="40.000883644417925" lon="116.47229132723092">
        <ele>36.68055981956422</ele>
        <time>2026-08-24T22:18:09.300000Z</time>
        <extensions>
          <gpxtpx:TrackPointExtension>
            <gpxtpx:hr>103</gpxtpx:hr>
          </gpxtpx:TrackPointExtension>
        </extensions>
      </trkpt>
      <trkpt lat="40.00088275507322" lon="116.47229196491234">
        <ele>36.67945725470781</ele>
        <time>2026-08-24T22:18:10.300000Z</time>
        <extensions>
          <gpxtpx:TrackPointExtension>
            <gpxtpx:hr>103</gpxtpx:hr>
          </gpxtpx:TrackPointExtension>
        </extensions>
      </trkpt>
      <trkpt lat="40.00088172486746" lon="116.47229266372841">
        <ele>36.677837831899524</ele>
        <time>2026-08-24T22:18:11.300000Z</time>
        <extensions>
          <gpxtpx:TrackPointExtension>
            <gpxtpx:hr>103</gpxtpx:hr>
          </gpxtpx:TrackPointExtension>
        </extensions>
      </trkpt>
      <trkpt lat="40.000880581844775" lon="116.472293377453">
        <ele>36.67568010184914</ele>
        <time>2026-08-24T22:18:12.300000Z</time>
        <extensions>
          <gpxtpx:TrackPointExtension>
            <gpxtpx:hr>103</gpxtpx:hr>
          </gpxtpx:TrackPointExtension>
        </extensions>
      </trkpt>
      <trkpt lat="40.00087960182355" lon="116.47229408327942">
        <ele>36.673194628208876</ele>
        <time>2026-08-24T22:18:13.300000Z</time>
        <extensions>
          <gpxtpx:TrackPointExtension>
            <gpxtpx:hr>103</gpxtpx:hr>
          </gpxtpx:TrackPointExtension>
        </extensions>
      </trkpt>
      <trkpt lat="40.000879004371654" lon="116.47229481379784">
        <ele>36.67081463895738</ele>
        <time>2026-08-24T22:18:14.300000Z</time>
        <extensions>
          <gpxtpx:TrackPointExtension>
            <gpxtpx:hr>103</gpxtpx:hr>
          </gpxtpx:TrackPointExtension>
        </extensions>
      </trkpt>
      <trkpt lat="40.00087869883707" lon="116.47229547910271">
        <ele>36.66917361225933</ele>
        <time>2026-08-24T22:18:15.300000Z</time>
        <extensions>
          <gpxtpx:TrackPointExtension>
            <gpxtpx:hr>103</gpxtpx:hr>
          </gpxtpx:TrackPointExtension>
        </extensions>
      </trkpt>
      <trkpt lat="40.00087851442942" lon="116.47229605233673">
        <ele>36.66904705949128</ele>
        <time>2026-08-24T22:18:16.300000Z</time>
        <extensions>
          <gpxtpx:TrackPointExtension>
            <gpxtpx:hr>103</gpxtpx:hr>
          </gpxtpx:TrackPointExtension>
        </extensions>
      </trkpt>
      <trkpt lat="40.00087833790272" lon="116.47229661694406">
        <ele>36.67126394622028</ele>
        <time>2026-08-24T22:18:17.300000Z</time>
        <extensions>
          <gpxtpx:TrackPointExtension>
            <gpxtpx:hr>103</gpxtpx:hr>
          </gpxtpx:TrackPointExtension>
        </extensions>
      </trkpt>
      <trkpt lat="40.000878082509374" lon="116.47229721246262">
        <ele>36.67662313207984</ele>
        <time>2026-08-24T22:18:18.300000Z</time>
        <extensions>
          <gpxtpx:TrackPointExtension>
            <gpxtpx:hr>102</gpxtpx:hr>
          </gpxtpx:TrackPointExtension>
        </extensions>
      </trkpt>
      <trkpt lat="40.000877659302205" lon="116.47229787892913">
        <ele>36.68581258226186</ele>
        <time>2026-08-24T22:18:19.300000Z</time>
        <extensions>
          <gpxtpx:TrackPointExtension>
            <gpxtpx:hr>102</gpxtpx:hr>
          </gpxtpx:TrackPointExtension>
        </extensions>
      </trkpt>
      <trkpt lat="40.00087702642209" lon="116.4722986274456">
        <ele>36.699302040971816</ele>
        <time>2026-08-24T22:18:20.300000Z</time>
        <extensions>
          <gpxtpx:TrackPointExtension>
            <gpxtpx:hr>102</gpxtpx:hr>
          </gpxtpx:TrackPointExtension>
        </extensions>
      </trkpt>
      <trkpt lat="40.000876134259514" lon="116.47229945676048">
        <ele>36.71720214281231</ele>
        <time>2026-08-24T22:18:21.300000Z</time>
        <extensions>
          <gpxtpx:TrackPointExtension>
            <gpxtpx:hr>102</gpxtpx:hr>
          </gpxtpx:TrackPointExtension>
        </extensions>
      </trkpt>
      <trkpt lat="40.00087493021053" lon="116.47230035539208">
        <ele>36.73908374365419</ele>
        <time>2026-08-24T22:18:22.300000Z</time>
        <extensions>
          <gpxtpx:TrackPointExtension>
            <gpxtpx:hr>98</gpxtpx:hr>
          </gpxtpx:TrackPointExtension>
        </extensions>
      </trkpt>
      <trkpt lat="40.00087342157504" lon="116.47230122847267">
        <ele>36.763941030949354</ele>
        <time>2026-08-24T22:18:23.300000Z</time>
        <extensions>
          <gpxtpx:TrackPointExtension>
            <gpxtpx:hr>98</gpxtpx:hr>
          </gpxtpx:TrackPointExtension>
        </extensions>
      </trkpt>
      <trkpt lat="40.000871537340565" lon="116.47230192680314">
        <ele>36.79046861361712</ele>
        <time>2026-08-24T22:18:24.300000Z</time>
        <extensions>
          <gpxtpx:TrackPointExtension>
            <gpxtpx:hr>98</gpxtpx:hr>
          </gpxtpx:TrackPointExtension>
        </extensions>
      </trkpt>
      <trkpt lat="40.00086891687494" lon="116.47230238521972">
        <ele>36.817437352612615</ele>
        <time>2026-08-24T22:18:25.300000Z</time>
        <extensions>
          <gpxtpx:TrackPointExtension>
            <gpxtpx:hr>98</gpxtpx:hr>
          </gpxtpx:TrackPointExtension>
        </extensions>
      </trkpt>
      <trkpt lat="40.00086512159362" lon="116.47230251814803">
        <ele>36.84397151414305</ele>
        <time>2026-08-24T22:18:26.300000Z</time>
        <extensions>
          <gpxtpx:TrackPointExtension>
            <gpxtpx:hr>98</gpxtpx:hr>
          </gpxtpx:TrackPointExtension>
        </extensions>
      </trkpt>
      <trkpt lat="40.00085983241424" lon="116.4723020904751">
        <ele>36.86977972276509</ele>
        <time>2026-08-24T22:18:27.300000Z</time>
        <extensions>
          <gpxtpx:TrackPointExtension>
            <gpxtpx:hr>102</gpxtpx:hr>
          </gpxtpx:TrackPointExtension>
        </extensions>
      </trkpt>
      <trkpt lat="40.00085295018643" lon="116.47230054789475">
        <ele>36.895217447541654</ele>
        <time>2026-08-24T22:18:28.300000Z</time>
        <extensions>
          <gpxtpx:TrackPointExtension>
            <gpxtpx:hr>102</gpxtpx:hr>
          </gpxtpx:TrackPointExtension>
        </extensions>
      </trkpt>
      <trkpt lat="40.000844277782335" lon="116.47229800762491">
        <ele>36.921017572283745</ele>
        <time>2026-08-24T22:18:29.300000Z</time>
        <extensions>
          <gpxtpx:TrackPointExtension>
            <gpxtpx:hr>102</gpxtpx:hr>
          </gpxtpx:TrackPointExtension>
        </extensions>
      </trkpt>
      <trkpt lat="40.00083364608813" lon="116.4722950984202">
        <ele>36.947889066301286</ele>
        <time>2026-08-24T22:18:30.300000Z</time>
        <extensions>
          <gpxtpx:TrackPointExtension>
            <gpxtpx:hr>102</gpxtpx:hr>
          </gpxtpx:TrackPointExtension>
        </extensions>
      </trkpt>
      <trkpt lat="40.0008214405423" lon="116.47229211689066">
        <ele>36.97620124835521</ele>
        <time>2026-08-24T22:18:31.300000Z</time>
        <extensions>
          <gpxtpx:TrackPointExtension>
            <gpxtpx:hr>102</gpxtpx:hr>
          </gpxtpx:TrackPointExtension>
        </extensions>
      </trkpt>
      <trkpt lat="40.00080604101709" lon="116.47228910201986">
        <ele>37.01050865557045</ele>
        <time>2026-08-24T22:18:32.500000Z</time>
        <extensions>
          <gpxtpx:TrackPointExtension>
            <gpxtpx:hr>102</gpxtpx:hr>
          </gpxtpx:TrackPointExtension>
        </extensions>
      </trkpt>
      <trkpt lat="40.000794642170945" lon="116.47228723914591">
        <ele>37.035580119118094</ele>
        <time>2026-08-24T22:18:33.300000Z</time>
        <extensions>
          <gpxtpx:TrackPointExtension>
            <gpxtpx:hr>102</gpxtpx:hr>
          </gpxtpx:TrackPointExtension>
        </extensions>
      </trkpt>
      <trkpt lat="40.000778798447186" lon="116.47228493469194">
        <ele>37.06925446819514</ele>
        <time>2026-08-24T22:18:34.500000Z</time>
        <extensions>
          <gpxtpx:TrackPointExtension>
            <gpxtpx:hr>94</gpxtpx:hr>
          </gpxtpx:TrackPointExtension>
        </extensions>
      </trkpt>
      <trkpt lat="40.00076493070946" lon="116.47228324455747">
        <ele>37.09576809965074</ele>
        <time>2026-08-24T22:18:35.500000Z</time>
        <extensions>
          <gpxtpx:TrackPointExtension>
            <gpxtpx:hr>94</gpxtpx:hr>
          </gpxtpx:TrackPointExtension>
        </extensions>
      </trkpt>
      <trkpt lat="40.00075084314113" lon="116.47228146208494">
        <ele>37.11847511678934</ele>
        <time>2026-08-24T22:18:36.500000Z</time>
        <extensions>
          <gpxtpx:TrackPointExtension>
            <gpxtpx:hr>94</gpxtpx:hr>
          </gpxtpx:TrackPointExtension>
        </extensions>
      </trkpt>
      <trkpt lat="40.00073652880328" lon="116.47227938370868">
        <ele>37.13648948352784</ele>
        <time>2026-08-24T22:18:37.500000Z</time>
        <extensions>
          <gpxtpx:TrackPointExtension>
            <gpxtpx:hr>94</gpxtpx:hr>
          </gpxtpx:TrackPointExtension>
        </extensions>
      </trkpt>
      <trkpt lat="40.00072167248467" lon="116.4722781611089">
        <ele>37.149357424117625</ele>
        <time>2026-08-24T22:18:38.500000Z</time>
        <extensions>
          <gpxtpx:TrackPointExtension>
            <gpxtpx:hr>94</gpxtpx:hr>
          </gpxtpx:TrackPointExtension>
        </extensions>
      </trkpt>
      <trkpt lat="40.00070599784804" lon="116.47227823923238">
        <ele>37.15705029387027</ele>
        <time>2026-08-24T22:18:39.500000Z</time>
        <extensions>
          <gpxtpx:TrackPointExtension>
            <gpxtpx:hr>94</gpxtpx:hr>
          </gpxtpx:TrackPointExtension>
        </extensions>
      </trkpt>
      <trkpt lat="40.00068967768129" lon="116.47227883717127">
        <ele>37.15996255725622</ele>
        <time>2026-08-24T22:18:40.500000Z</time>
        <extensions>
          <gpxtpx:TrackPointExtension>
            <gpxtpx:hr>94</gpxtpx:hr>
          </gpxtpx:TrackPointExtension>
        </extensions>
      </trkpt>
      <trkpt lat="40.00067294426346" lon="116.47227957638549">
        <ele>37.158902489580214</ele>
        <time>2026-08-24T22:18:41.500000Z</time>
        <extensions>
          <gpxtpx:TrackPointExtension>
            <gpxtpx:hr>96</gpxtpx:hr>
          </gpxtpx:TrackPointExtension>
        </extensions>
      </trkpt>
      <trkpt lat="40.00065597069826" lon="116.47228002393335">
        <ele>37.15504472143948</ele>
        <time>2026-08-24T22:18:42.500000Z</time>
        <extensions>
          <gpxtpx:TrackPointExtension>
            <gpxtpx:hr>96</gpxtpx:hr>
          </gpxtpx:TrackPointExtension>
        </extensions>
      </trkpt>
      <trkpt lat="40.00064129315372" lon="116.47227996821795">
        <ele>37.15062570758164</ele>
        <time>2026-08-24T22:18:43.300000Z</time>
        <extensions>
          <gpxtpx:TrackPointExtension>
            <gpxtpx:hr>96</gpxtpx:hr>
          </gpxtpx:TrackPointExtension>
        </extensions>
      </trkpt>
      <trkpt lat="40.00062133013847" lon="116.47227882811553">
        <ele>37.144891555421054</ele>
        <time>2026-08-24T22:18:44.500000Z</time>
        <extensions>
          <gpxtpx:TrackPointExtension>
            <gpxtpx:hr>96</gpxtpx:hr>
          </gpxtpx:TrackPointExtension>
        </extensions>
      </trkpt>
      <trkpt lat="40.00060588621291" lon="116.47227728680664">
        <ele>37.141359745524824</ele>
        <time>2026-08-24T22:18:45.300000Z</time>
        <extensions>
          <gpxtpx:TrackPointExtension>
            <gpxtpx:hr>96</gpxtpx:hr>
          </gpxtpx:TrackPointExtension>
        </extensions>
      </trkpt>
      <trkpt lat="40.00058701825433" lon="116.47227544089321">
        <ele>37.13890181761235</ele>
        <time>2026-08-24T22:18:46.300000Z</time>
        <extensions>
          <gpxtpx:TrackPointExtension>
            <gpxtpx:hr>96</gpxtpx:hr>
          </gpxtpx:TrackPointExtension>
        </extensions>
      </trkpt>
      <trkpt lat="40.00056656662996" lon="116.47227398292561">
        <ele>37.139086462557316</ele>
        <time>2026-08-24T22:18:47.300000Z</time>
        <extensions>
          <gpxtpx:TrackPointExtension>
            <gpxtpx:hr>103</gpxtpx:hr>
          </gpxtpx:TrackPointExtension>
        </extensions>
      </trkpt>
      <trkpt lat="40.000544233948915" lon="116.47227352513072">
        <ele>37.142727366648614</ele>
        <time>2026-08-24T22:18:48.300000Z</time>
        <extensions>
          <gpxtpx:TrackPointExtension>
            <gpxtpx:hr>103</gpxtpx:hr>
          </gpxtpx:TrackPointExtension>
        </extensions>
      </trkpt>
      <trkpt lat="40.00052038610924" lon="116.47227465028932">
        <ele>37.1505527542904</ele>
        <time>2026-08-24T22:18:49.300000Z</time>
        <extensions>
          <gpxtpx:TrackPointExtension>
            <gpxtpx:hr>103</gpxtpx:hr>
          </gpxtpx:TrackPointExtension>
        </extensions>
      </trkpt>
      <trkpt lat="40.00049569375962" lon="116.47227731067132">
        <ele>37.16294475737959</ele>
        <time>2026-08-24T22:18:50.300000Z</time>
        <extensions>
          <gpxtpx:TrackPointExtension>
            <gpxtpx:hr>103</gpxtpx:hr>
          </gpxtpx:TrackPointExtension>
        </extensions>
      </trkpt>
      <trkpt lat="40.00047090187644" lon="116.4722811295841">
        <ele>37.17974447552115</ele>
        <time>2026-08-24T22:18:51.300000Z</time>
        <extensions>
          <gpxtpx:TrackPointExtension>
            <gpxtpx:hr>103</gpxtpx:hr>
          </gpxtpx:TrackPointExtension>
        </extensions>
      </trkpt>
      <trkpt lat="40.00044649042837" lon="116.47228594166002">
        <ele>37.20036503393203</ele>
        <time>2026-08-24T22:18:52.300000Z</time>
        <extensions>
          <gpxtpx:TrackPointExtension>
            <gpxtpx:hr>103</gpxtpx:hr>
          </gpxtpx:TrackPointExtension>
        </extensions>
      </trkpt>
      <trkpt lat="40.00042258284585" lon="116.47229134842038">
        <ele>37.224017314612865</ele>
        <time>2026-08-24T22:18:53.300000Z</time>
        <extensions>
          <gpxtpx:TrackPointExtension>
            <gpxtpx:hr>115</gpxtpx:hr>
          </gpxtpx:TrackPointExtension>
        </extensions>
      </trkpt>
      <trkpt lat="40.00039917933298" lon="116.47229674009145">
        <ele>37.24985606689006</ele>
        <time>2026-08-24T22:18:54.300000Z</time>
        <extensions>
          <gpxtpx:TrackPointExtension>
            <gpxtpx:hr>115</gpxtpx:hr>
          </gpxtpx:TrackPointExtension>
        </extensions>
      </trkpt>
      <trkpt lat="40.000375974106106" lon="116.47230182922708">
        <ele>37.27707035839558</ele>
        <time>2026-08-24T22:18:55.300000Z</time>
        <extensions>
          <gpxtpx:TrackPointExtension>
            <gpxtpx:hr>115</gpxtpx:hr>
          </gpxtpx:TrackPointExtension>
        </extensions>
      </trkpt>
      <trkpt lat="40.000352672886535" lon="116.47230655996235">
        <ele>37.30491751618683</ele>
        <time>2026-08-24T22:18:56.300000Z</time>
        <extensions>
          <gpxtpx:TrackPointExtension>
            <gpxtpx:hr>115</gpxtpx:hr>
          </gpxtpx:TrackPointExtension>
        </extensions>
      </trkpt>
      <trkpt lat="40.000329285728014" lon="116.47231094347578">
        <ele>37.33269595820457</ele>
        <time>2026-08-24T22:18:57.300000Z</time>
        <extensions>
          <gpxtpx:TrackPointExtension>
            <gpxtpx:hr>115</gpxtpx:hr>
          </gpxtpx:TrackPointExtension>
        </extensions>
      </trkpt>
      <trkpt lat="40.00030598170141" lon="116.47231498488362">
        <ele>37.359706142917275</ele>
        <time>2026-08-24T22:18:58.300000Z</time>
        <extensions>
          <gpxtpx:TrackPointExtension>
            <gpxtpx:hr>115</gpxtpx:hr>
          </gpxtpx:TrackPointExtension>
        </extensions>
      </trkpt>
      <trkpt lat="40.00028279291908" lon="116.47231843358128">
        <ele>37.38530010636896</ele>
        <time>2026-08-24T22:18:59.300000Z</time>
        <extensions>
          <gpxtpx:TrackPointExtension>
            <gpxtpx:hr>115</gpxtpx:hr>
          </gpxtpx:TrackPointExtension>
        </extensions>
      </trkpt>
      <trkpt lat="40.00025980602382" lon="116.4723215800566">
        <ele>37.40906928945333</ele>
        <time>2026-08-24T22:19:00.300000Z</time>
        <extensions>
          <gpxtpx:TrackPointExtension>
            <gpxtpx:hr>124</gpxtpx:hr>
          </gpxtpx:TrackPointExtension>
        </extensions>
      </trkpt>
      <trkpt lat="40.00023703490892" lon="116.47232522987518">
        <ele>37.43101670779288</ele>
        <time>2026-08-24T22:19:01.300000Z</time>
        <extensions>
          <gpxtpx:TrackPointExtension>
            <gpxtpx:hr>124</gpxtpx:hr>
          </gpxtpx:TrackPointExtension>
        </extensions>
      </trkpt>
      <trkpt lat="40.00021423637043" lon="116.47232989856502">
        <ele>37.451533518731594</ele>
        <time>2026-08-24T22:19:02.300000Z</time>
        <extensions>
          <gpxtpx:TrackPointExtension>
            <gpxtpx:hr>124</gpxtpx:hr>
          </gpxtpx:TrackPointExtension>
        </extensions>
      </trkpt>
      <trkpt lat="40.00019123747844" lon="116.4723353282859">
        <ele>37.47124919015914</ele>
        <time>2026-08-24T22:19:03.300000Z</time>
        <extensions>
          <gpxtpx:TrackPointExtension>
            <gpxtpx:hr>124</gpxtpx:hr>
          </gpxtpx:TrackPointExtension>
        </extensions>
      </trkpt>
      <trkpt lat="40.00016797856606" lon="116.47234051130307">
        <ele>37.4908812912181</ele>
        <time>2026-08-24T22:19:04.300000Z</time>
        <extensions>
          <gpxtpx:TrackPointExtension>
            <gpxtpx:hr>124</gpxtpx:hr>
          </gpxtpx:TrackPointExtension>
        </extensions>
      </trkpt>
      <trkpt lat="40.000144556419045" lon="116.47234501467102">
        <ele>37.51109667122364</ele>
        <time>2026-08-24T22:19:05.300000Z</time>
        <extensions>
          <gpxtpx:TrackPointExtension>
            <gpxtpx:hr>124</gpxtpx:hr>
          </gpxtpx:TrackPointExtension>
        </extensions>
      </trkpt>
      <trkpt lat="40.00012097867851" lon="116.47234896492228">
        <ele>37.53236769512296</ele>
        <time>2026-08-24T22:19:06.300000Z</time>
        <extensions>
          <gpxtpx:TrackPointExtension>
            <gpxtpx:hr>124</gpxtpx:hr>
          </gpxtpx:TrackPointExtension>
        </extensions>
      </trkpt>
      <trkpt lat="40.00009720455725" lon="116.47235248060389">
        <ele>37.55480851512402</ele>
        <time>2026-08-24T22:19:07.300000Z</time>
        <extensions>
          <gpxtpx:TrackPointExtension>
            <gpxtpx:hr>124</gpxtpx:hr>
          </gpxtpx:TrackPointExtension>
        </extensions>
      </trkpt>
      <trkpt lat="40.000073316394015" lon="116.47235579946792">
        <ele>37.57796821184456</ele>
        <time>2026-08-24T22:19:08.300000Z</time>
        <extensions>
          <gpxtpx:TrackPointExtension>
            <gpxtpx:hr>124</gpxtpx:hr>
          </gpxtpx:TrackPointExtension>
        </extensions>
      </trkpt>
      <trkpt lat="40.000047149599105" lon="116.4723581339049">
        <ele>37.602410569787025</ele>
        <time>2026-08-24T22:19:09.400000Z</time>
        <extensions>
          <gpxtpx:TrackPointExtension>
            <gpxtpx:hr>124</gpxtpx:hr>
          </gpxtpx:TrackPointExtension>
        </extensions>
      </trkpt>
      <trkpt lat="40.000023546071276" lon="116.47235912889516">
        <ele>37.621411906555295</ele>
        <time>2026-08-24T22:19:10.400000Z</time>
        <extensions>
          <gpxtpx:TrackPointExtension>
            <gpxtpx:hr>124</gpxtpx:hr>
          </gpxtpx:TrackPointExtension>
        </extensions>
      </trkpt>
      <trkpt lat="40.00000045144552" lon="116.4723603109609">
        <ele>37.63495029229671</ele>
        <time>2026-08-24T22:19:11.400000Z</time>
        <extensions>
          <gpxtpx:TrackPointExtension>
            <gpxtpx:hr>124</gpxtpx:hr>
          </gpxtpx:TrackPointExtension>
        </extensions>
      </trkpt>
      <trkpt lat="39.999978030960186" lon="116.4723616348773">
        <ele>37.64202738646418</ele>
        <time>2026-08-24T22:19:12.400000Z</time>
        <extensions>
          <gpxtpx:TrackPointExtension>
            <gpxtpx:hr>124</gpxtpx:hr>
          </gpxtpx:TrackPointExtension>
        </extensions>
      </trkpt>
      <trkpt lat="39.999958176290214" lon="116.47236301134897">
        <ele>37.64401901420206</ele>
        <time>2026-08-24T22:19:13.300000Z</time>
      </trkpt>
      <trkpt lat="39.9999366186976" lon="116.47236457680296">
        <ele>37.64407011680305</ele>
        <time>2026-08-24T22:19:14.300000Z</time>
      </trkpt>
      <trkpt lat="39.999915040245476" lon="116.47236586303715">
        <ele>37.644152166321874</ele>
        <time>2026-08-24T22:19:15.300000Z</time>
      </trkpt>
      <trkpt lat="39.99989340020939" lon="116.47236715834961">
        <ele>37.64577444642782</ele>
        <time>2026-08-24T22:19:16.300000Z</time>
      </trkpt>
      <trkpt lat="39.99987156705669" lon="116.47236857324393">
        <ele>37.64966682065278</ele>
        <time>2026-08-24T22:19:17.300000Z</time>
      </trkpt>
      <trkpt lat="39.999849294326594" lon="116.4723701826589">
        <ele>37.65599885303527</ele>
        <time>2026-08-24T22:19:18.300000Z</time>
        <extensions>
          <gpxtpx:TrackPointExtension>
            <gpxtpx:hr>132</gpxtpx:hr>
          </gpxtpx:TrackPointExtension>
        </extensions>
      </trkpt>
      <trkpt lat="39.99982652577573" lon="116.47237214222555">
        <ele>37.66455232631415</ele>
        <time>2026-08-24T22:19:19.300000Z</time>
        <extensions>
          <gpxtpx:TrackPointExtension>
            <gpxtpx:hr>132</gpxtpx:hr>
          </gpxtpx:TrackPointExtension>
        </extensions>
      </trkpt>
      <trkpt lat="39.9998034102901" lon="116.4723745595797">
        <ele>37.674920928664505</ele>
        <time>2026-08-24T22:19:20.300000Z</time>
        <extensions>
          <gpxtpx:TrackPointExtension>
            <gpxtpx:hr>132</gpxtpx:hr>
          </gpxtpx:TrackPointExtension>
        </extensions>
      </trkpt>
      <trkpt lat="39.99978019482631" lon="116.47237741917418">
        <ele>37.68671354372054</ele>
        <time>2026-08-24T22:19:21.300000Z</time>
        <extensions>
          <gpxtpx:TrackPointExtension>
            <gpxtpx:hr>132</gpxtpx:hr>
          </gpxtpx:TrackPointExtension>
        </extensions>
      </trkpt>
      <trkpt lat="39.999757151289735" lon="116.47238059286302">
        <ele>37.69970118813217</ele>
        <time>2026-08-24T22:19:22.300000Z</time>
        <extensions>
          <gpxtpx:TrackPointExtension>
            <gpxtpx:hr>132</gpxtpx:hr>
          </gpxtpx:TrackPointExtension>
        </extensions>
      </trkpt>
      <trkpt lat="39.99973416564047" lon="116.47238370394003">
        <ele>37.713901101611555</ele>
        <time>2026-08-24T22:19:23.300000Z</time>
        <extensions>
          <gpxtpx:TrackPointExtension>
            <gpxtpx:hr>132</gpxtpx:hr>
          </gpxtpx:TrackPointExtension>
        </extensions>
      </trkpt>
      <trkpt lat="39.99971089413821" lon="116.47238636504646">
        <ele>37.72963165957481</ele>
        <time>2026-08-24T22:19:24.300000Z</time>
        <extensions>
          <gpxtpx:TrackPointExtension>
            <gpxtpx:hr>132</gpxtpx:hr>
          </gpxtpx:TrackPointExtension>
        </extensions>
      </trkpt>
      <trkpt lat="39.99968721565114" lon="116.47238850669156">
        <ele>37.74755884334445</ele>
        <time>2026-08-24T22:19:25.300000Z</time>
        <extensions>
          <gpxtpx:TrackPointExtension>
            <gpxtpx:hr>132</gpxtpx:hr>
          </gpxtpx:TrackPointExtension>
        </extensions>
      </trkpt>
      <trkpt lat="39.99966349429774" lon="116.47238995996103">
        <ele>37.76872626785189</ele>
        <time>2026-08-24T22:19:26.300000Z</time>
        <extensions>
          <gpxtpx:TrackPointExtension>
            <gpxtpx:hr>132</gpxtpx:hr>
          </gpxtpx:TrackPointExtension>
        </extensions>
      </trkpt>
      <trkpt lat="39.99964014690559" lon="116.47239070741104">
        <ele>37.794537829235196</ele>
        <time>2026-08-24T22:19:27.300000Z</time>
        <extensions>
          <gpxtpx:TrackPointExtension>
            <gpxtpx:hr>132</gpxtpx:hr>
          </gpxtpx:TrackPointExtension>
        </extensions>
      </trkpt>
      <trkpt lat="39.999617348159155" lon="116.47239066743118">
        <ele>37.82665118947625</ele>
        <time>2026-08-24T22:19:28.300000Z</time>
        <extensions>
          <gpxtpx:TrackPointExtension>
            <gpxtpx:hr>132</gpxtpx:hr>
          </gpxtpx:TrackPointExtension>
        </extensions>
      </trkpt>
      <trkpt lat="39.99959529075128" lon="116.47238989638085">
        <ele>37.86680272594094</ele>
        <time>2026-08-24T22:19:29.300000Z</time>
        <extensions>
          <gpxtpx:TrackPointExtension>
            <gpxtpx:hr>132</gpxtpx:hr>
          </gpxtpx:TrackPointExtension>
        </extensions>
      </trkpt>
      <trkpt lat="39.99957441606825" lon="116.47238857579512">
        <ele>37.91659890022129</ele>
        <time>2026-08-24T22:19:30.300000Z</time>
        <extensions>
          <gpxtpx:TrackPointExtension>
            <gpxtpx:hr>126</gpxtpx:hr>
          </gpxtpx:TrackPointExtension>
        </extensions>
      </trkpt>
      <trkpt lat="39.99955514619178" lon="116.47238663820222">
        <ele>37.9772133724764</ele>
        <time>2026-08-24T22:19:31.300000Z</time>
        <extensions>
          <gpxtpx:TrackPointExtension>
            <gpxtpx:hr>126</gpxtpx:hr>
          </gpxtpx:TrackPointExtension>
        </extensions>
      </trkpt>
      <trkpt lat="39.99953778590198" lon="116.47238411140117">
        <ele>38.04889635182917</ele>
        <time>2026-08-24T22:19:32.300000Z</time>
        <extensions>
          <gpxtpx:TrackPointExtension>
            <gpxtpx:hr>126</gpxtpx:hr>
          </gpxtpx:TrackPointExtension>
        </extensions>
      </trkpt>
      <trkpt lat="39.99952264908364" lon="116.47238214979535">
        <ele>38.13023449014872</ele>
        <time>2026-08-24T22:19:33.300000Z</time>
        <extensions>
          <gpxtpx:TrackPointExtension>
            <gpxtpx:hr>126</gpxtpx:hr>
          </gpxtpx:TrackPointExtension>
        </extensions>
      </trkpt>
      <trkpt lat="39.99951005461549" lon="116.47238343230939">
        <ele>38.2170570846647</ele>
        <time>2026-08-24T22:19:34.300000Z</time>
        <extensions>
          <gpxtpx:TrackPointExtension>
            <gpxtpx:hr>126</gpxtpx:hr>
          </gpxtpx:TrackPointExtension>
        </extensions>
      </trkpt>
      <trkpt lat="39.99949993968549" lon="116.47238919834265">
        <ele>38.30426051467657</ele>
        <time>2026-08-24T22:19:35.400000Z</time>
        <extensions>
          <gpxtpx:TrackPointExtension>
            <gpxtpx:hr>129</gpxtpx:hr>
          </gpxtpx:TrackPointExtension>
        </extensions>
      </trkpt>
      <trkpt lat="39.999492739829876" lon="116.47239665616021">
        <ele>38.37139299418777</ele>
        <time>2026-08-24T22:19:36.400000Z</time>
        <extensions>
          <gpxtpx:TrackPointExtension>
            <gpxtpx:hr>129</gpxtpx:hr>
          </gpxtpx:TrackPointExtension>
        </extensions>
      </trkpt>
      <trkpt lat="39.99948608525662" lon="116.47240343014073">
        <ele>38.41312585957348</ele>
        <time>2026-08-24T22:19:37.400000Z</time>
        <extensions>
          <gpxtpx:TrackPointExtension>
            <gpxtpx:hr>129</gpxtpx:hr>
          </gpxtpx:TrackPointExtension>
        </extensions>
      </trkpt>
      <trkpt lat="39.99947812569391" lon="116.47240887922368">
        <ele>38.42453072685748</ele>
        <time>2026-08-24T22:19:38.400000Z</time>
        <extensions>
          <gpxtpx:TrackPointExtension>
            <gpxtpx:hr>129</gpxtpx:hr>
          </gpxtpx:TrackPointExtension>
        </extensions>
      </trkpt>
      <trkpt lat="39.999467204265265" lon="116.47241320389914">
        <ele>38.40573719795793</ele>
        <time>2026-08-24T22:19:39.400000Z</time>
        <extensions>
          <gpxtpx:TrackPointExtension>
            <gpxtpx:hr>129</gpxtpx:hr>
          </gpxtpx:TrackPointExtension>
        </extensions>
      </trkpt>
      <trkpt lat="39.99945246430358" lon="116.4724163827318">
        <ele>38.36170644965023</ele>
        <time>2026-08-24T22:19:40.400000Z</time>
        <extensions>
          <gpxtpx:TrackPointExtension>
            <gpxtpx:hr>129</gpxtpx:hr>
          </gpxtpx:TrackPointExtension>
        </extensions>
      </trkpt>
      <trkpt lat="39.99943537227491" lon="116.47241876389992">
        <ele>38.30478372517973</ele>
        <time>2026-08-24T22:19:41.300000Z</time>
        <extensions>
          <gpxtpx:TrackPointExtension>
            <gpxtpx:hr>129</gpxtpx:hr>
          </gpxtpx:TrackPointExtension>
        </extensions>
      </trkpt>
      <trkpt lat="39.99941531834079" lon="116.47242103992325">
        <ele>38.242341892793775</ele>
        <time>2026-08-24T22:19:42.300000Z</time>
        <extensions>
          <gpxtpx:TrackPointExtension>
            <gpxtpx:hr>129</gpxtpx:hr>
          </gpxtpx:TrackPointExtension>
        </extensions>
      </trkpt>
      <trkpt lat="39.99939345096998" lon="116.47242345336554">
        <ele>38.18576947413385</ele>
        <time>2026-08-24T22:19:43.300000Z</time>
        <extensions>
          <gpxtpx:TrackPointExtension>
            <gpxtpx:hr>129</gpxtpx:hr>
          </gpxtpx:TrackPointExtension>
        </extensions>
      </trkpt>
      <trkpt lat="39.999370433451425" lon="116.47242627196762">
        <ele>38.13977287430316</ele>
        <time>2026-08-24T22:19:44.300000Z</time>
        <extensions>
          <gpxtpx:TrackPointExtension>
            <gpxtpx:hr>129</gpxtpx:hr>
          </gpxtpx:TrackPointExtension>
        </extensions>
      </trkpt>
      <trkpt lat="39.99934678127924" lon="116.47242963483362">
        <ele>38.1058146385476</ele>
        <time>2026-08-24T22:19:45.300000Z</time>
        <extensions>
          <gpxtpx:TrackPointExtension>
            <gpxtpx:hr>129</gpxtpx:hr>
          </gpxtpx:TrackPointExtension>
        </extensions>
      </trkpt>
      <trkpt lat="39.999322835848325" lon="116.47243324432712">
        <ele>38.083440254442394</ele>
        <time>2026-08-24T22:19:46.300000Z</time>
        <extensions>
          <gpxtpx:TrackPointExtension>
            <gpxtpx:hr>129</gpxtpx:hr>
          </gpxtpx:TrackPointExtension>
        </extensions>
      </trkpt>
      <trkpt lat="39.99929890799487" lon="116.4724368561116">
        <ele>38.0712588429451</ele>
        <time>2026-08-24T22:19:47.300000Z</time>
        <extensions>
          <gpxtpx:TrackPointExtension>
            <gpxtpx:hr>130</gpxtpx:hr>
          </gpxtpx:TrackPointExtension>
        </extensions>
      </trkpt>
      <trkpt lat="39.999275095843785" lon="116.47244021594567">
        <ele>38.06756715103984</ele>
        <time>2026-08-24T22:19:48.300000Z</time>
        <extensions>
          <gpxtpx:TrackPointExtension>
            <gpxtpx:hr>130</gpxtpx:hr>
          </gpxtpx:TrackPointExtension>
        </extensions>
      </trkpt>
      <trkpt lat="39.999251407535795" lon="116.47244296545739">
        <ele>38.070693254470825</ele>
        <time>2026-08-24T22:19:49.300000Z</time>
        <extensions>
          <gpxtpx:TrackPointExtension>
            <gpxtpx:hr>130</gpxtpx:hr>
          </gpxtpx:TrackPointExtension>
        </extensions>
      </trkpt>
      <trkpt lat="39.99922794876056" lon="116.47244491723805">
        <ele>38.07914508879185</ele>
        <time>2026-08-24T22:19:50.300000Z</time>
        <extensions>
          <gpxtpx:TrackPointExtension>
            <gpxtpx:hr>130</gpxtpx:hr>
          </gpxtpx:TrackPointExtension>
        </extensions>
      </trkpt>
      <trkpt lat="39.99920481035248" lon="116.47244645564392">
        <ele>38.091613250784576</ele>
        <time>2026-08-24T22:19:51.300000Z</time>
        <extensions>
          <gpxtpx:TrackPointExtension>
            <gpxtpx:hr>130</gpxtpx:hr>
          </gpxtpx:TrackPointExtension>
        </extensions>
      </trkpt>
      <trkpt lat="39.99918198262434" lon="116.47244837012278">
        <ele>38.106929529458284</ele>
        <time>2026-08-24T22:19:52.300000Z</time>
        <extensions>
          <gpxtpx:TrackPointExtension>
            <gpxtpx:hr>131</gpxtpx:hr>
          </gpxtpx:TrackPointExtension>
        </extensions>
      </trkpt>
      <trkpt lat="39.999159371651054" lon="116.47245128514157">
        <ele>38.12411754112691</ele>
        <time>2026-08-24T22:19:53.300000Z</time>
        <extensions>
          <gpxtpx:TrackPointExtension>
            <gpxtpx:hr>131</gpxtpx:hr>
          </gpxtpx:TrackPointExtension>
        </extensions>
      </trkpt>
      <trkpt lat="39.99913666662164" lon="116.4724554498273">
        <ele>38.142559515312314</ele>
        <time>2026-08-24T22:19:54.300000Z</time>
        <extensions>
          <gpxtpx:TrackPointExtension>
            <gpxtpx:hr>131</gpxtpx:hr>
          </gpxtpx:TrackPointExtension>
        </extensions>
      </trkpt>
      <trkpt lat="39.99911361143682" lon="116.47246082461449">
        <ele>38.16221052967012</ele>
        <time>2026-08-24T22:19:55.300000Z</time>
        <extensions>
          <gpxtpx:TrackPointExtension>
            <gpxtpx:hr>131</gpxtpx:hr>
          </gpxtpx:TrackPointExtension>
        </extensions>
      </trkpt>
      <trkpt lat="39.999090310645556" lon="116.4724674218156">
        <ele>38.18385246582329</ele>
        <time>2026-08-24T22:19:56.300000Z</time>
        <extensions>
          <gpxtpx:TrackPointExtension>
            <gpxtpx:hr>131</gpxtpx:hr>
          </gpxtpx:TrackPointExtension>
        </extensions>
      </trkpt>
      <trkpt lat="39.99906694727635" lon="116.47247477073995">
        <ele>38.209302018396556</ele>
        <time>2026-08-24T22:19:57.300000Z</time>
        <extensions>
          <gpxtpx:TrackPointExtension>
            <gpxtpx:hr>132</gpxtpx:hr>
          </gpxtpx:TrackPointExtension>
        </extensions>
      </trkpt>
      <trkpt lat="39.99904348240959" lon="116.4724823250292">
        <ele>38.24138047918677</ele>
        <time>2026-08-24T22:19:58.300000Z</time>
        <extensions>
          <gpxtpx:TrackPointExtension>
            <gpxtpx:hr>132</gpxtpx:hr>
          </gpxtpx:TrackPointExtension>
        </extensions>
      </trkpt>
      <trkpt lat="39.99901985324691" lon="116.47248991903918">
        <ele>38.283555070869625</ele>
        <time>2026-08-24T22:19:59.300000Z</time>
        <extensions>
          <gpxtpx:TrackPointExtension>
            <gpxtpx:hr>132</gpxtpx:hr>
          </gpxtpx:TrackPointExtension>
        </extensions>
      </trkpt>
      <trkpt lat="39.998996126489" lon="116.47249731745228">
        <ele>38.33932843897492</ele>
        <time>2026-08-24T22:20:00.300000Z</time>
        <extensions>
          <gpxtpx:TrackPointExtension>
            <gpxtpx:hr>132</gpxtpx:hr>
          </gpxtpx:TrackPointExtension>
        </extensions>
      </trkpt>
      <trkpt lat="39.99897223941304" lon="116.47250442150414">
        <ele>38.41131364926696</ele>
        <time>2026-08-24T22:20:01.300000Z</time>
        <extensions>
          <gpxtpx:TrackPointExtension>
            <gpxtpx:hr>132</gpxtpx:hr>
          </gpxtpx:TrackPointExtension>
        </extensions>
      </trkpt>
      <trkpt lat="39.99894812360026" lon="116.4725113086695">
        <ele>38.49993040878326</ele>
        <time>2026-08-24T22:20:02.300000Z</time>
        <extensions>
          <gpxtpx:TrackPointExtension>
            <gpxtpx:hr>132</gpxtpx:hr>
          </gpxtpx:TrackPointExtension>
        </extensions>
      </trkpt>
      <trkpt lat="39.99892388733084" lon="116.47251767692205">
        <ele>38.60160708241165</ele>
        <time>2026-08-24T22:20:03.300000Z</time>
        <extensions>
          <gpxtpx:TrackPointExtension>
            <gpxtpx:hr>132</gpxtpx:hr>
          </gpxtpx:TrackPointExtension>
        </extensions>
      </trkpt>
      <trkpt lat="39.99889962597164" lon="116.47252283790549">
        <ele>38.709721212275326</ele>
        <time>2026-08-24T22:20:04.300000Z</time>
        <extensions>
          <gpxtpx:TrackPointExtension>
            <gpxtpx:hr>134</gpxtpx:hr>
          </gpxtpx:TrackPointExtension>
        </extensions>
      </trkpt>
      <trkpt lat="39.99887536622622" lon="116.47252650608816">
        <ele>38.81816266383976</ele>
        <time>2026-08-24T22:20:05.300000Z</time>
        <extensions>
          <gpxtpx:TrackPointExtension>
            <gpxtpx:hr>134</gpxtpx:hr>
          </gpxtpx:TrackPointExtension>
        </extensions>
      </trkpt>
      <trkpt lat="39.998851071378695" lon="116.47252893175646">
        <ele>38.922881167382</ele>
        <time>2026-08-24T22:20:06.300000Z</time>
        <extensions>
          <gpxtpx:TrackPointExtension>
            <gpxtpx:hr>134</gpxtpx:hr>
          </gpxtpx:TrackPointExtension>
        </extensions>
      </trkpt>
      <trkpt lat="39.998826576412036" lon="116.4725306226023">
        <ele>39.0212556598708</ele>
        <time>2026-08-24T22:20:07.300000Z</time>
        <extensions>
          <gpxtpx:TrackPointExtension>
            <gpxtpx:hr>134</gpxtpx:hr>
          </gpxtpx:TrackPointExtension>
        </extensions>
      </trkpt>
      <trkpt lat="39.99880195426465" lon="116.47253183676962">
        <ele>39.111692980863154</ele>
        <time>2026-08-24T22:20:08.300000Z</time>
        <extensions>
          <gpxtpx:TrackPointExtension>
            <gpxtpx:hr>134</gpxtpx:hr>
          </gpxtpx:TrackPointExtension>
        </extensions>
      </trkpt>
      <trkpt lat="39.99877756195164" lon="116.47253281817336">
        <ele>39.19326432514936</ele>
        <time>2026-08-24T22:20:09.300000Z</time>
        <extensions>
          <gpxtpx:TrackPointExtension>
            <gpxtpx:hr>134</gpxtpx:hr>
          </gpxtpx:TrackPointExtension>
        </extensions>
      </trkpt>
      <trkpt lat="39.998753529216366" lon="116.47253395928148">
        <ele>39.26509440690279</ele>
        <time>2026-08-24T22:20:10.300000Z</time>
        <extensions>
          <gpxtpx:TrackPointExtension>
            <gpxtpx:hr>134</gpxtpx:hr>
          </gpxtpx:TrackPointExtension>
        </extensions>
      </trkpt>
      <trkpt lat="39.998729613364844" lon="116.47253549602046">
        <ele>39.326266307383776</ele>
        <time>2026-08-24T22:20:11.300000Z</time>
        <extensions>
          <gpxtpx:TrackPointExtension>
            <gpxtpx:hr>135</gpxtpx:hr>
          </gpxtpx:TrackPointExtension>
        </extensions>
      </trkpt>
      <trkpt lat="39.99870556723933" lon="116.47253709431268">
        <ele>39.37622979748994</ele>
        <time>2026-08-24T22:20:12.300000Z</time>
        <extensions>
          <gpxtpx:TrackPointExtension>
            <gpxtpx:hr>135</gpxtpx:hr>
          </gpxtpx:TrackPointExtension>
        </extensions>
      </trkpt>
      <trkpt lat="39.998681397156844" lon="116.47253811621427">
        <ele>39.41507427673787</ele>
        <time>2026-08-24T22:20:13.300000Z</time>
        <extensions>
          <gpxtpx:TrackPointExtension>
            <gpxtpx:hr>135</gpxtpx:hr>
          </gpxtpx:TrackPointExtension>
        </extensions>
      </trkpt>
      <trkpt lat="39.99865708078721" lon="116.47253836619203">
        <ele>39.443322570994496</ele>
        <time>2026-08-24T22:20:14.300000Z</time>
        <extensions>
          <gpxtpx:TrackPointExtension>
            <gpxtpx:hr>135</gpxtpx:hr>
          </gpxtpx:TrackPointExtension>
        </extensions>
      </trkpt>
      <trkpt lat="39.99863255179952" lon="116.47253785154331">
        <ele>39.4617617437616</ele>
        <time>2026-08-24T22:20:15.300000Z</time>
        <extensions>
          <gpxtpx:TrackPointExtension>
            <gpxtpx:hr>136</gpxtpx:hr>
          </gpxtpx:TrackPointExtension>
        </extensions>
      </trkpt>
      <trkpt lat="39.99860788093858" lon="116.47253669509512">
        <ele>39.471659794449806</ele>
        <time>2026-08-24T22:20:16.300000Z</time>
        <extensions>
          <gpxtpx:TrackPointExtension>
            <gpxtpx:hr>136</gpxtpx:hr>
          </gpxtpx:TrackPointExtension>
        </extensions>
      </trkpt>
      <trkpt lat="39.99858329789166" lon="116.47253467172823">
        <ele>39.47475359309465</ele>
        <time>2026-08-24T22:20:17.300000Z</time>
        <extensions>
          <gpxtpx:TrackPointExtension>
            <gpxtpx:hr>136</gpxtpx:hr>
          </gpxtpx:TrackPointExtension>
        </extensions>
      </trkpt>
      <trkpt lat="39.99855872090244" lon="116.47253158095062">
        <ele>39.47279410902411</ele>
        <time>2026-08-24T22:20:18.300000Z</time>
        <extensions>
          <gpxtpx:TrackPointExtension>
            <gpxtpx:hr>136</gpxtpx:hr>
          </gpxtpx:TrackPointExtension>
        </extensions>
      </trkpt>
      <trkpt lat="39.99853393956287" lon="116.47252753988862">
        <ele>39.46709358878434</ele>
        <time>2026-08-24T22:20:19.300000Z</time>
        <extensions>
          <gpxtpx:TrackPointExtension>
            <gpxtpx:hr>139</gpxtpx:hr>
          </gpxtpx:TrackPointExtension>
        </extensions>
      </trkpt>
      <trkpt lat="39.998509050746506" lon="116.47252307386741">
        <ele>39.4584551313892</ele>
        <time>2026-08-24T22:20:20.300000Z</time>
        <extensions>
          <gpxtpx:TrackPointExtension>
            <gpxtpx:hr>139</gpxtpx:hr>
          </gpxtpx:TrackPointExtension>
        </extensions>
      </trkpt>
      <trkpt lat="39.99848423853958" lon="116.47251885776633">
        <ele>39.44723639823496</ele>
        <time>2026-08-24T22:20:21.300000Z</time>
        <extensions>
          <gpxtpx:TrackPointExtension>
            <gpxtpx:hr>139</gpxtpx:hr>
          </gpxtpx:TrackPointExtension>
        </extensions>
      </trkpt>
      <trkpt lat="39.99845960561168" lon="116.47251521334472">
        <ele>39.433939655311406</ele>
        <time>2026-08-24T22:20:22.300000Z</time>
        <extensions>
          <gpxtpx:TrackPointExtension>
            <gpxtpx:hr>139</gpxtpx:hr>
          </gpxtpx:TrackPointExtension>
        </extensions>
      </trkpt>
      <trkpt lat="39.99843518492044" lon="116.47251210986947">
        <ele>39.41958408523351</ele>
        <time>2026-08-24T22:20:23.300000Z</time>
        <extensions>
          <gpxtpx:TrackPointExtension>
            <gpxtpx:hr>141</gpxtpx:hr>
          </gpxtpx:TrackPointExtension>
        </extensions>
      </trkpt>
      <trkpt lat="39.998410858469555" lon="116.47250943734284">
        <ele>39.40494878124446</ele>
        <time>2026-08-24T22:20:24.300000Z</time>
        <extensions>
          <gpxtpx:TrackPointExtension>
            <gpxtpx:hr>141</gpxtpx:hr>
          </gpxtpx:TrackPointExtension>
        </extensions>
      </trkpt>
      <trkpt lat="39.99838645929394" lon="116.47250717781029">
        <ele>39.389887265861034</ele>
        <time>2026-08-24T22:20:25.300000Z</time>
        <extensions>
          <gpxtpx:TrackPointExtension>
            <gpxtpx:hr>141</gpxtpx:hr>
          </gpxtpx:TrackPointExtension>
        </extensions>
      </trkpt>
      <trkpt lat="39.998361974186395" lon="116.47250549997604">
        <ele>39.37380074057728</ele>
        <time>2026-08-24T22:20:26.300000Z</time>
        <extensions>
          <gpxtpx:TrackPointExtension>
            <gpxtpx:hr>141</gpxtpx:hr>
          </gpxtpx:TrackPointExtension>
        </extensions>
      </trkpt>
      <trkpt lat="39.99833758334346" lon="116.47250466072249">
        <ele>39.356722199358046</ele>
        <time>2026-08-24T22:20:27.300000Z</time>
        <extensions>
          <gpxtpx:TrackPointExtension>
            <gpxtpx:hr>138</gpxtpx:hr>
          </gpxtpx:TrackPointExtension>
        </extensions>
      </trkpt>
      <trkpt lat="39.99831338007918" lon="116.47250492403289">
        <ele>39.339398469775915</ele>
        <time>2026-08-24T22:20:28.300000Z</time>
        <extensions>
          <gpxtpx:TrackPointExtension>
            <gpxtpx:hr>138</gpxtpx:hr>
          </gpxtpx:TrackPointExtension>
        </extensions>
      </trkpt>
      <trkpt lat="39.99828930826357" lon="116.47250645910322">
        <ele>39.3229175535962</ele>
        <time>2026-08-24T22:20:29.300000Z</time>
        <extensions>
          <gpxtpx:TrackPointExtension>
            <gpxtpx:hr>138</gpxtpx:hr>
          </gpxtpx:TrackPointExtension>
        </extensions>
      </trkpt>
      <trkpt lat="39.99826528672961" lon="116.47250915459449">
        <ele>39.30821740441024</ele>
        <time>2026-08-24T22:20:30.300000Z</time>
        <extensions>
          <gpxtpx:TrackPointExtension>
            <gpxtpx:hr>138</gpxtpx:hr>
          </gpxtpx:TrackPointExtension>
        </extensions>
      </trkpt>
      <trkpt lat="39.99824122253046" lon="116.47251263517346">
        <ele>39.29563484713435</ele>
        <time>2026-08-24T22:20:31.300000Z</time>
        <extensions>
          <gpxtpx:TrackPointExtension>
            <gpxtpx:hr>138</gpxtpx:hr>
          </gpxtpx:TrackPointExtension>
        </extensions>
      </trkpt>
      <trkpt lat="39.99821717526506" lon="116.47251638357835">
        <ele>39.28506643604487</ele>
        <time>2026-08-24T22:20:32.300000Z</time>
        <extensions>
          <gpxtpx:TrackPointExtension>
            <gpxtpx:hr>140</gpxtpx:hr>
          </gpxtpx:TrackPointExtension>
        </extensions>
      </trkpt>
      <trkpt lat="39.998193195257976" lon="116.4725201267587">
        <ele>39.276558802463114</ele>
        <time>2026-08-24T22:20:33.300000Z</time>
        <extensions>
          <gpxtpx:TrackPointExtension>
            <gpxtpx:hr>140</gpxtpx:hr>
          </gpxtpx:TrackPointExtension>
        </extensions>
      </trkpt>
      <trkpt lat="39.99816932396015" lon="116.47252364234366">
        <ele>39.270773340947926</ele>
        <time>2026-08-24T22:20:34.300000Z</time>
        <extensions>
          <gpxtpx:TrackPointExtension>
            <gpxtpx:hr>140</gpxtpx:hr>
          </gpxtpx:TrackPointExtension>
        </extensions>
      </trkpt>
      <trkpt lat="39.99814565530026" lon="116.47252685447208">
        <ele>39.268389287404716</ele>
        <time>2026-08-24T22:20:35.300000Z</time>
        <extensions>
          <gpxtpx:TrackPointExtension>
            <gpxtpx:hr>140</gpxtpx:hr>
          </gpxtpx:TrackPointExtension>
        </extensions>
      </trkpt>
      <trkpt lat="39.99812206641232" lon="116.47252959999629">
        <ele>39.26910665072501</ele>
        <time>2026-08-24T22:20:36.300000Z</time>
        <extensions>
          <gpxtpx:TrackPointExtension>
            <gpxtpx:hr>140</gpxtpx:hr>
          </gpxtpx:TrackPointExtension>
        </extensions>
      </trkpt>
      <trkpt lat="39.99809820331995" lon="116.47253181904426">
        <ele>39.27147286850959</ele>
        <time>2026-08-24T22:20:37.300000Z</time>
        <extensions>
          <gpxtpx:TrackPointExtension>
            <gpxtpx:hr>140</gpxtpx:hr>
          </gpxtpx:TrackPointExtension>
        </extensions>
      </trkpt>
      <trkpt lat="39.99807388592907" lon="116.4725336054661">
        <ele>39.2736722510308</ele>
        <time>2026-08-24T22:20:38.300000Z</time>
        <extensions>
          <gpxtpx:TrackPointExtension>
            <gpxtpx:hr>140</gpxtpx:hr>
          </gpxtpx:TrackPointExtension>
        </extensions>
      </trkpt>
      <trkpt lat="39.9980494096527" lon="116.4725350440784">
        <ele>39.274134383536875</ele>
        <time>2026-08-24T22:20:39.300000Z</time>
        <extensions>
          <gpxtpx:TrackPointExtension>
            <gpxtpx:hr>143</gpxtpx:hr>
          </gpxtpx:TrackPointExtension>
        </extensions>
      </trkpt>
      <trkpt lat="39.99802514861564" lon="116.47253638677971">
        <ele>39.27153968159109</ele>
        <time>2026-08-24T22:20:40.200000Z</time>
        <extensions>
          <gpxtpx:TrackPointExtension>
            <gpxtpx:hr>143</gpxtpx:hr>
          </gpxtpx:TrackPointExtension>
        </extensions>
      </trkpt>
      <trkpt lat="39.99800120924205" lon="116.47253781008139">
        <ele>39.264583143405616</ele>
        <time>2026-08-24T22:20:41.200000Z</time>
        <extensions>
          <gpxtpx:TrackPointExtension>
            <gpxtpx:hr>143</gpxtpx:hr>
          </gpxtpx:TrackPointExtension>
        </extensions>
      </trkpt>
      <trkpt lat="39.997977690087055" lon="116.47253916700554">
        <ele>39.25203467812389</ele>
        <time>2026-08-24T22:20:42.200000Z</time>
        <extensions>
          <gpxtpx:TrackPointExtension>
            <gpxtpx:hr>143</gpxtpx:hr>
          </gpxtpx:TrackPointExtension>
        </extensions>
      </trkpt>
      <trkpt lat="39.99795443562036" lon="116.47254030293999">
        <ele>39.23291704058647</ele>
        <time>2026-08-24T22:20:43.200000Z</time>
        <extensions>
          <gpxtpx:TrackPointExtension>
            <gpxtpx:hr>143</gpxtpx:hr>
          </gpxtpx:TrackPointExtension>
        </extensions>
      </trkpt>
      <trkpt lat="39.99793107782619" lon="116.47254124859896">
        <ele>39.20684744603932</ele>
        <time>2026-08-24T22:20:44.200000Z</time>
        <extensions>
          <gpxtpx:TrackPointExtension>
            <gpxtpx:hr>143</gpxtpx:hr>
          </gpxtpx:TrackPointExtension>
        </extensions>
      </trkpt>
      <trkpt lat="39.99790741533722" lon="116.4725418771302">
        <ele>39.17448628786951</ele>
        <time>2026-08-24T22:20:45.200000Z</time>
        <extensions>
          <gpxtpx:TrackPointExtension>
            <gpxtpx:hr>143</gpxtpx:hr>
          </gpxtpx:TrackPointExtension>
        </extensions>
      </trkpt>
      <trkpt lat="39.997883503814975" lon="116.47254206487914">
        <ele>39.13707374315709</ele>
        <time>2026-08-24T22:20:46.200000Z</time>
        <extensions>
          <gpxtpx:TrackPointExtension>
            <gpxtpx:hr>148</gpxtpx:hr>
          </gpxtpx:TrackPointExtension>
        </extensions>
      </trkpt>
      <trkpt lat="39.997859496304265" lon="116.47254205028597">
        <ele>39.095868507400155</ele>
        <time>2026-08-24T22:20:47.200000Z</time>
        <extensions>
          <gpxtpx:TrackPointExtension>
            <gpxtpx:hr>148</gpxtpx:hr>
          </gpxtpx:TrackPointExtension>
        </extensions>
      </trkpt>
      <trkpt lat="39.99783544734776" lon="116.47254212863179">
        <ele>39.05223180446774</ele>
        <time>2026-08-24T22:20:48.200000Z</time>
        <extensions>
          <gpxtpx:TrackPointExtension>
            <gpxtpx:hr>148</gpxtpx:hr>
          </gpxtpx:TrackPointExtension>
        </extensions>
      </trkpt>
      <trkpt lat="39.9978113489143" lon="116.4725427284302">
        <ele>39.00754647143185</ele>
        <time>2026-08-24T22:20:49.200000Z</time>
        <extensions>
          <gpxtpx:TrackPointExtension>
            <gpxtpx:hr>150</gpxtpx:hr>
          </gpxtpx:TrackPointExtension>
        </extensions>
      </trkpt>
      <trkpt lat="39.99778724154532" lon="116.47254406477866">
        <ele>38.96301699895412</ele>
        <time>2026-08-24T22:20:50.200000Z</time>
        <extensions>
          <gpxtpx:TrackPointExtension>
            <gpxtpx:hr>150</gpxtpx:hr>
          </gpxtpx:TrackPointExtension>
        </extensions>
      </trkpt>
      <trkpt lat="39.99776300983207" lon="116.47254585439214">
        <ele>38.91991031635553</ele>
        <time>2026-08-24T22:20:51.200000Z</time>
        <extensions>
          <gpxtpx:TrackPointExtension>
            <gpxtpx:hr>150</gpxtpx:hr>
          </gpxtpx:TrackPointExtension>
        </extensions>
      </trkpt>
      <trkpt lat="39.99773852432209" lon="116.47254781132939">
        <ele>38.87961022090167</ele>
        <time>2026-08-24T22:20:52.200000Z</time>
        <extensions>
          <gpxtpx:TrackPointExtension>
            <gpxtpx:hr>150</gpxtpx:hr>
          </gpxtpx:TrackPointExtension>
        </extensions>
      </trkpt>
      <trkpt lat="39.99771380957006" lon="116.47254994043575">
        <ele>38.84307768754661</ele>
        <time>2026-08-24T22:20:53.200000Z</time>
        <extensions>
          <gpxtpx:TrackPointExtension>
            <gpxtpx:hr>150</gpxtpx:hr>
          </gpxtpx:TrackPointExtension>
        </extensions>
      </trkpt>
      <trkpt lat="39.99768888860502" lon="116.47255240662481">
        <ele>38.81068851146847</ele>
        <time>2026-08-24T22:20:54.200000Z</time>
        <extensions>
          <gpxtpx:TrackPointExtension>
            <gpxtpx:hr>151</gpxtpx:hr>
          </gpxtpx:TrackPointExtension>
        </extensions>
      </trkpt>
      <trkpt lat="39.997663671131505" lon="116.47255518944677">
        <ele>38.78221317008138</ele>
        <time>2026-08-24T22:20:55.200000Z</time>
        <extensions>
          <gpxtpx:TrackPointExtension>
            <gpxtpx:hr>151</gpxtpx:hr>
          </gpxtpx:TrackPointExtension>
        </extensions>
      </trkpt>
      <trkpt lat="39.99763823459076" lon="116.47255809329194">
        <ele>38.75709473248571</ele>
        <time>2026-08-24T22:20:56.200000Z</time>
        <extensions>
          <gpxtpx:TrackPointExtension>
            <gpxtpx:hr>151</gpxtpx:hr>
          </gpxtpx:TrackPointExtension>
        </extensions>
      </trkpt>
      <trkpt lat="39.99761270536652" lon="116.47256079704201">
        <ele>38.73531474918127</ele>
        <time>2026-08-24T22:20:57.200000Z</time>
        <extensions>
          <gpxtpx:TrackPointExtension>
            <gpxtpx:hr>151</gpxtpx:hr>
          </gpxtpx:TrackPointExtension>
        </extensions>
      </trkpt>
      <trkpt lat="39.99758715513949" lon="116.47256285217003">
        <ele>38.71745072118938</ele>
        <time>2026-08-24T22:20:58.200000Z</time>
        <extensions>
          <gpxtpx:TrackPointExtension>
            <gpxtpx:hr>151</gpxtpx:hr>
          </gpxtpx:TrackPointExtension>
        </extensions>
      </trkpt>
      <trkpt lat="39.99756181083732" lon="116.47256381262098">
        <ele>38.70428727194667</ele>
        <time>2026-08-24T22:20:59.200000Z</time>
        <extensions>
          <gpxtpx:TrackPointExtension>
            <gpxtpx:hr>152</gpxtpx:hr>
          </gpxtpx:TrackPointExtension>
        </extensions>
      </trkpt>
      <trkpt lat="39.99753676518934" lon="116.47256354402653">
        <ele>38.69645149447024</ele>
        <time>2026-08-24T22:21:00.200000Z</time>
        <extensions>
          <gpxtpx:TrackPointExtension>
            <gpxtpx:hr>152</gpxtpx:hr>
          </gpxtpx:TrackPointExtension>
        </extensions>
      </trkpt>
      <trkpt lat="39.9975118134262" lon="116.47256231761365">
        <ele>38.693827794864774</ele>
        <time>2026-08-24T22:21:01.200000Z</time>
        <extensions>
          <gpxtpx:TrackPointExtension>
            <gpxtpx:hr>152</gpxtpx:hr>
          </gpxtpx:TrackPointExtension>
        </extensions>
      </trkpt>
      <trkpt lat="39.99748687921778" lon="116.4725606160249">
        <ele>38.69545657094568</ele>
        <time>2026-08-24T22:21:02.200000Z</time>
        <extensions>
          <gpxtpx:TrackPointExtension>
            <gpxtpx:hr>151</gpxtpx:hr>
          </gpxtpx:TrackPointExtension>
        </extensions>
      </trkpt>
      <trkpt lat="39.99746210327225" lon="116.47255902253006">
        <ele>38.69997252430767</ele>
        <time>2026-08-24T22:21:03.200000Z</time>
        <extensions>
          <gpxtpx:TrackPointExtension>
            <gpxtpx:hr>151</gpxtpx:hr>
          </gpxtpx:TrackPointExtension>
        </extensions>
      </trkpt>
      <trkpt lat="39.99743750035723" lon="116.47255798707778">
        <ele>38.70586958248168</ele>
        <time>2026-08-24T22:21:04.200000Z</time>
        <extensions>
          <gpxtpx:TrackPointExtension>
            <gpxtpx:hr>151</gpxtpx:hr>
          </gpxtpx:TrackPointExtension>
        </extensions>
      </trkpt>
      <trkpt lat="39.9974130026314" lon="116.47255731045529">
        <ele>38.711676293984056</ele>
        <time>2026-08-24T22:21:05.200000Z</time>
        <extensions>
          <gpxtpx:TrackPointExtension>
            <gpxtpx:hr>151</gpxtpx:hr>
          </gpxtpx:TrackPointExtension>
        </extensions>
      </trkpt>
      <trkpt lat="39.99738872764494" lon="116.47255662214486">
        <ele>38.71619954239577</ele>
        <time>2026-08-24T22:21:06.200000Z</time>
        <extensions>
          <gpxtpx:TrackPointExtension>
            <gpxtpx:hr>151</gpxtpx:hr>
          </gpxtpx:TrackPointExtension>
        </extensions>
      </trkpt>
      <trkpt lat="39.99736481538247" lon="116.47255566232211">
        <ele>38.71836692187935</ele>
        <time>2026-08-24T22:21:07.200000Z</time>
        <extensions>
          <gpxtpx:TrackPointExtension>
            <gpxtpx:hr>151</gpxtpx:hr>
          </gpxtpx:TrackPointExtension>
        </extensions>
      </trkpt>
      <trkpt lat="39.99734148396707" lon="116.47255413722083">
        <ele>38.7171117477119</ele>
        <time>2026-08-24T22:21:08.200000Z</time>
        <extensions>
          <gpxtpx:TrackPointExtension>
            <gpxtpx:hr>151</gpxtpx:hr>
          </gpxtpx:TrackPointExtension>
        </extensions>
      </trkpt>
      <trkpt lat="39.9973190295415" lon="116.4725518395685">
        <ele>38.71146649029106</ele>
        <time>2026-08-24T22:21:09.200000Z</time>
        <extensions>
          <gpxtpx:TrackPointExtension>
            <gpxtpx:hr>151</gpxtpx:hr>
          </gpxtpx:TrackPointExtension>
        </extensions>
      </trkpt>
      <trkpt lat="39.997297721518464" lon="116.47254855604623">
        <ele>38.70093564875424</ele>
        <time>2026-08-24T22:21:10.200000Z</time>
        <extensions>
          <gpxtpx:TrackPointExtension>
            <gpxtpx:hr>151</gpxtpx:hr>
          </gpxtpx:TrackPointExtension>
        </extensions>
      </trkpt>
      <trkpt lat="39.99727802082134" lon="116.47254449629912">
        <ele>38.685604837723076</ele>
        <time>2026-08-24T22:21:11.200000Z</time>
        <extensions>
          <gpxtpx:TrackPointExtension>
            <gpxtpx:hr>151</gpxtpx:hr>
          </gpxtpx:TrackPointExtension>
        </extensions>
      </trkpt>
      <trkpt lat="39.99726000343491" lon="116.47254048474352">
        <ele>38.66561134438962</ele>
        <time>2026-08-24T22:21:12.200000Z</time>
        <extensions>
          <gpxtpx:TrackPointExtension>
            <gpxtpx:hr>151</gpxtpx:hr>
          </gpxtpx:TrackPointExtension>
        </extensions>
      </trkpt>
      <trkpt lat="39.99724309630611" lon="116.4725368081029">
        <ele>38.6409575920552</ele>
        <time>2026-08-24T22:21:13.200000Z</time>
        <extensions>
          <gpxtpx:TrackPointExtension>
            <gpxtpx:hr>151</gpxtpx:hr>
          </gpxtpx:TrackPointExtension>
        </extensions>
      </trkpt>
      <trkpt lat="39.99722581454838" lon="116.47253414392537">
        <ele>38.61167346034199</ele>
        <time>2026-08-24T22:21:14.200000Z</time>
        <extensions>
          <gpxtpx:TrackPointExtension>
            <gpxtpx:hr>151</gpxtpx:hr>
          </gpxtpx:TrackPointExtension>
        </extensions>
      </trkpt>
      <trkpt lat="39.99720649512165" lon="116.47253432326467">
        <ele>38.57802873849869</ele>
        <time>2026-08-24T22:21:15.200000Z</time>
        <extensions>
          <gpxtpx:TrackPointExtension>
            <gpxtpx:hr>151</gpxtpx:hr>
          </gpxtpx:TrackPointExtension>
        </extensions>
      </trkpt>
      <trkpt lat="39.997184887527865" lon="116.47253714433529">
        <ele>38.540791649371386</ele>
        <time>2026-08-24T22:21:16.200000Z</time>
        <extensions>
          <gpxtpx:TrackPointExtension>
            <gpxtpx:hr>151</gpxtpx:hr>
          </gpxtpx:TrackPointExtension>
        </extensions>
      </trkpt>
      <trkpt lat="39.99716178500953" lon="116.47254152952146">
        <ele>38.501121644861996</ele>
        <time>2026-08-24T22:21:17.200000Z</time>
        <extensions>
          <gpxtpx:TrackPointExtension>
            <gpxtpx:hr>151</gpxtpx:hr>
          </gpxtpx:TrackPointExtension>
        </extensions>
      </trkpt>
      <trkpt lat="39.997137912818985" lon="116.47254702830558">
        <ele>38.4602427482605</ele>
        <time>2026-08-24T22:21:18.200000Z</time>
        <extensions>
          <gpxtpx:TrackPointExtension>
            <gpxtpx:hr>149</gpxtpx:hr>
          </gpxtpx:TrackPointExtension>
        </extensions>
      </trkpt>
      <trkpt lat="39.997113823114304" lon="116.4725529657429">
        <ele>38.41944474261254</ele>
        <time>2026-08-24T22:21:19.200000Z</time>
        <extensions>
          <gpxtpx:TrackPointExtension>
            <gpxtpx:hr>149</gpxtpx:hr>
          </gpxtpx:TrackPointExtension>
        </extensions>
      </trkpt>
      <trkpt lat="39.997089935788175" lon="116.47255928673644">
        <ele>38.38025681860745</ele>
        <time>2026-08-24T22:21:20.200000Z</time>
        <extensions>
          <gpxtpx:TrackPointExtension>
            <gpxtpx:hr>149</gpxtpx:hr>
          </gpxtpx:TrackPointExtension>
        </extensions>
      </trkpt>
      <trkpt lat="39.99706640961093" lon="116.47256627448628">
        <ele>38.344494451768696</ele>
        <time>2026-08-24T22:21:21.200000Z</time>
        <extensions>
          <gpxtpx:TrackPointExtension>
            <gpxtpx:hr>149</gpxtpx:hr>
          </gpxtpx:TrackPointExtension>
        </extensions>
      </trkpt>
      <trkpt lat="39.9970432280437" lon="116.47257438703458">
        <ele>38.3140392228961</ele>
        <time>2026-08-24T22:21:22.200000Z</time>
        <extensions>
          <gpxtpx:TrackPointExtension>
            <gpxtpx:hr>149</gpxtpx:hr>
          </gpxtpx:TrackPointExtension>
        </extensions>
      </trkpt>
      <trkpt lat="39.99702041930711" lon="116.47258351604802">
        <ele>38.290152203291655</ele>
        <time>2026-08-24T22:21:23.200000Z</time>
        <extensions>
          <gpxtpx:TrackPointExtension>
            <gpxtpx:hr>147</gpxtpx:hr>
          </gpxtpx:TrackPointExtension>
        </extensions>
      </trkpt>
      <trkpt lat="39.996997944899974" lon="116.47259278873665">
        <ele>38.27316432632506</ele>
        <time>2026-08-24T22:21:24.200000Z</time>
        <extensions>
          <gpxtpx:TrackPointExtension>
            <gpxtpx:hr>147</gpxtpx:hr>
          </gpxtpx:TrackPointExtension>
        </extensions>
      </trkpt>
      <trkpt lat="39.99697545384208" lon="116.47260102595361">
        <ele>38.26281871274114</ele>
        <time>2026-08-24T22:21:25.200000Z</time>
        <extensions>
          <gpxtpx:TrackPointExtension>
            <gpxtpx:hr>147</gpxtpx:hr>
          </gpxtpx:TrackPointExtension>
        </extensions>
      </trkpt>
      <trkpt lat="39.996952425632244" lon="116.47260758903012">
        <ele>38.258338425308466</ele>
        <time>2026-08-24T22:21:26.200000Z</time>
        <extensions>
          <gpxtpx:TrackPointExtension>
            <gpxtpx:hr>147</gpxtpx:hr>
          </gpxtpx:TrackPointExtension>
        </extensions>
      </trkpt>
      <trkpt lat="39.99692869531873" lon="116.47261256316514">
        <ele>38.25825701467693</ele>
        <time>2026-08-24T22:21:27.200000Z</time>
        <extensions>
          <gpxtpx:TrackPointExtension>
            <gpxtpx:hr>147</gpxtpx:hr>
          </gpxtpx:TrackPointExtension>
        </extensions>
      </trkpt>
      <trkpt lat="39.996904421587104" lon="116.47261632896492">
        <ele>38.2605964820832</ele>
        <time>2026-08-24T22:21:28.200000Z</time>
        <extensions>
          <gpxtpx:TrackPointExtension>
            <gpxtpx:hr>144</gpxtpx:hr>
          </gpxtpx:TrackPointExtension>
        </extensions>
      </trkpt>
      <trkpt lat="39.996879948152554" lon="116.47261929541419">
        <ele>38.263491042889655</ele>
        <time>2026-08-24T22:21:29.200000Z</time>
        <extensions>
          <gpxtpx:TrackPointExtension>
            <gpxtpx:hr>144</gpxtpx:hr>
          </gpxtpx:TrackPointExtension>
        </extensions>
      </trkpt>
      <trkpt lat="39.996855494085096" lon="116.4726217071025">
        <ele>38.265778991393745</ele>
        <time>2026-08-24T22:21:30.200000Z</time>
        <extensions>
          <gpxtpx:TrackPointExtension>
            <gpxtpx:hr>144</gpxtpx:hr>
          </gpxtpx:TrackPointExtension>
        </extensions>
      </trkpt>
      <trkpt lat="39.99683094592443" lon="116.47262343167971">
        <ele>38.26715057436377</ele>
        <time>2026-08-24T22:21:31.200000Z</time>
        <extensions>
          <gpxtpx:TrackPointExtension>
            <gpxtpx:hr>144</gpxtpx:hr>
          </gpxtpx:TrackPointExtension>
        </extensions>
      </trkpt>
      <trkpt lat="39.99680622061363" lon="116.47262420493792">
        <ele>38.26776301860809</ele>
        <time>2026-08-24T22:21:32.200000Z</time>
        <extensions>
          <gpxtpx:TrackPointExtension>
            <gpxtpx:hr>144</gpxtpx:hr>
          </gpxtpx:TrackPointExtension>
        </extensions>
      </trkpt>
      <trkpt lat="39.996781472537066" lon="116.47262385265228">
        <ele>38.267942022532225</ele>
        <time>2026-08-24T22:21:33.200000Z</time>
        <extensions>
          <gpxtpx:TrackPointExtension>
            <gpxtpx:hr>144</gpxtpx:hr>
          </gpxtpx:TrackPointExtension>
        </extensions>
      </trkpt>
      <trkpt lat="39.996756985312146" lon="116.47262220009708">
        <ele>38.26826979871839</ele>
        <time>2026-08-24T22:21:34.200000Z</time>
        <extensions>
          <gpxtpx:TrackPointExtension>
            <gpxtpx:hr>144</gpxtpx:hr>
          </gpxtpx:TrackPointExtension>
        </extensions>
      </trkpt>
      <trkpt lat="39.996732872741696" lon="116.47261949202708">
        <ele>38.269397070631385</ele>
        <time>2026-08-24T22:21:35.100000Z</time>
        <extensions>
          <gpxtpx:TrackPointExtension>
            <gpxtpx:hr>149</gpxtpx:hr>
          </gpxtpx:TrackPointExtension>
        </extensions>
      </trkpt>
      <trkpt lat="39.99670888231627" lon="116.47261697651483">
        <ele>38.27133445162326</ele>
        <time>2026-08-24T22:21:36.100000Z</time>
        <extensions>
          <gpxtpx:TrackPointExtension>
            <gpxtpx:hr>149</gpxtpx:hr>
          </gpxtpx:TrackPointExtension>
        </extensions>
      </trkpt>
      <trkpt lat="39.99668473857028" lon="116.47261559450128">
        <ele>38.27350404858589</ele>
        <time>2026-08-24T22:21:37.100000Z</time>
        <extensions>
          <gpxtpx:TrackPointExtension>
            <gpxtpx:hr>149</gpxtpx:hr>
          </gpxtpx:TrackPointExtension>
        </extensions>
      </trkpt>
      <trkpt lat="39.9966603384974" lon="116.47261537660799">
        <ele>38.275602468289435</ele>
        <time>2026-08-24T22:21:38.100000Z</time>
        <extensions>
          <gpxtpx:TrackPointExtension>
            <gpxtpx:hr>149</gpxtpx:hr>
          </gpxtpx:TrackPointExtension>
        </extensions>
      </trkpt>
      <trkpt lat="39.99663571003754" lon="116.47261627142204">
        <ele>38.27746371086687</ele>
        <time>2026-08-24T22:21:39.100000Z</time>
        <extensions>
          <gpxtpx:TrackPointExtension>
            <gpxtpx:hr>149</gpxtpx:hr>
          </gpxtpx:TrackPointExtension>
        </extensions>
      </trkpt>
      <trkpt lat="39.99661092772992" lon="116.47261778674483">
        <ele>38.27891752868891</ele>
        <time>2026-08-24T22:21:40.100000Z</time>
        <extensions>
          <gpxtpx:TrackPointExtension>
            <gpxtpx:hr>149</gpxtpx:hr>
          </gpxtpx:TrackPointExtension>
        </extensions>
      </trkpt>
      <trkpt lat="39.99658600990921" lon="116.47261944823266">
        <ele>38.280402993783355</ele>
        <time>2026-08-24T22:21:41.100000Z</time>
        <extensions>
          <gpxtpx:TrackPointExtension>
            <gpxtpx:hr>149</gpxtpx:hr>
          </gpxtpx:TrackPointExtension>
        </extensions>
      </trkpt>
      <trkpt lat="39.99656105159681" lon="116.47262118582358">
        <ele>38.282941376790404</ele>
        <time>2026-08-24T22:21:42.100000Z</time>
        <extensions>
          <gpxtpx:TrackPointExtension>
            <gpxtpx:hr>150</gpxtpx:hr>
          </gpxtpx:TrackPointExtension>
        </extensions>
      </trkpt>
      <trkpt lat="39.99653614381517" lon="116.47262259936495">
        <ele>38.287446247413754</ele>
        <time>2026-08-24T22:21:43.100000Z</time>
        <extensions>
          <gpxtpx:TrackPointExtension>
            <gpxtpx:hr>150</gpxtpx:hr>
          </gpxtpx:TrackPointExtension>
        </extensions>
      </trkpt>
      <trkpt lat="39.99651131457088" lon="116.47262315269823">
        <ele>38.29437404964119</ele>
        <time>2026-08-24T22:21:44.100000Z</time>
        <extensions>
          <gpxtpx:TrackPointExtension>
            <gpxtpx:hr>150</gpxtpx:hr>
          </gpxtpx:TrackPointExtension>
        </extensions>
      </trkpt>
      <trkpt lat="39.99648651570078" lon="116.47262259014781">
        <ele>38.30351328384131</ele>
        <time>2026-08-24T22:21:45.100000Z</time>
        <extensions>
          <gpxtpx:TrackPointExtension>
            <gpxtpx:hr>150</gpxtpx:hr>
          </gpxtpx:TrackPointExtension>
        </extensions>
      </trkpt>
      <trkpt lat="39.99646167341955" lon="116.4726209592529">
        <ele>38.313963315449655</ele>
        <time>2026-08-24T22:21:46.100000Z</time>
        <extensions>
          <gpxtpx:TrackPointExtension>
            <gpxtpx:hr>150</gpxtpx:hr>
          </gpxtpx:TrackPointExtension>
        </extensions>
      </trkpt>
      <trkpt lat="39.99643688056579" lon="116.4726185038994">
        <ele>38.32454462535679</ele>
        <time>2026-08-24T22:21:47.100000Z</time>
        <extensions>
          <gpxtpx:TrackPointExtension>
            <gpxtpx:hr>147</gpxtpx:hr>
          </gpxtpx:TrackPointExtension>
        </extensions>
      </trkpt>
      <trkpt lat="39.99641228196069" lon="116.47261539124776">
        <ele>38.334431988187134</ele>
        <time>2026-08-24T22:21:48.100000Z</time>
        <extensions>
          <gpxtpx:TrackPointExtension>
            <gpxtpx:hr>147</gpxtpx:hr>
          </gpxtpx:TrackPointExtension>
        </extensions>
      </trkpt>
      <trkpt lat="39.99638783543538" lon="116.47261217888611">
        <ele>38.34292714484036</ele>
        <time>2026-08-24T22:21:49.100000Z</time>
        <extensions>
          <gpxtpx:TrackPointExtension>
            <gpxtpx:hr>147</gpxtpx:hr>
          </gpxtpx:TrackPointExtension>
        </extensions>
      </trkpt>
      <trkpt lat="39.99636336236529" lon="116.47260948034501">
        <ele>38.34901491738856</ele>
        <time>2026-08-24T22:21:50.100000Z</time>
        <extensions>
          <gpxtpx:TrackPointExtension>
            <gpxtpx:hr>147</gpxtpx:hr>
          </gpxtpx:TrackPointExtension>
        </extensions>
      </trkpt>
      <trkpt lat="39.996338747294" lon="116.47260757456682">
        <ele>38.35173181537539</ele>
        <time>2026-08-24T22:21:51.100000Z</time>
        <extensions>
          <gpxtpx:TrackPointExtension>
            <gpxtpx:hr>147</gpxtpx:hr>
          </gpxtpx:TrackPointExtension>
        </extensions>
      </trkpt>
      <trkpt lat="39.99631403269076" lon="116.47260643691449">
        <ele>38.3505003741011</ele>
        <time>2026-08-24T22:21:52.100000Z</time>
        <extensions>
          <gpxtpx:TrackPointExtension>
            <gpxtpx:hr>147</gpxtpx:hr>
          </gpxtpx:TrackPointExtension>
        </extensions>
      </trkpt>
      <trkpt lat="39.99628933453177" lon="116.47260558981627">
        <ele>38.3453644644469</ele>
        <time>2026-08-24T22:21:53.100000Z</time>
        <extensions>
          <gpxtpx:TrackPointExtension>
            <gpxtpx:hr>155</gpxtpx:hr>
          </gpxtpx:TrackPointExtension>
        </extensions>
      </trkpt>
      <trkpt lat="39.996264696451355" lon="116.47260449397498">
        <ele>38.33742918539792</ele>
        <time>2026-08-24T22:21:54.100000Z</time>
        <extensions>
          <gpxtpx:TrackPointExtension>
            <gpxtpx:hr>155</gpxtpx:hr>
          </gpxtpx:TrackPointExtension>
        </extensions>
      </trkpt>
      <trkpt lat="39.996240044103324" lon="116.47260253027194">
        <ele>38.328754894435406</ele>
        <time>2026-08-24T22:21:55.100000Z</time>
        <extensions>
          <gpxtpx:TrackPointExtension>
            <gpxtpx:hr>155</gpxtpx:hr>
          </gpxtpx:TrackPointExtension>
        </extensions>
      </trkpt>
      <trkpt lat="39.99621535012281" lon="116.47259915835183">
        <ele>38.32193001545966</ele>
        <time>2026-08-24T22:21:56.100000Z</time>
        <extensions>
          <gpxtpx:TrackPointExtension>
            <gpxtpx:hr>155</gpxtpx:hr>
          </gpxtpx:TrackPointExtension>
        </extensions>
      </trkpt>
      <trkpt lat="39.99619066893906" lon="116.47259449611536">
        <ele>38.31985065340996</ele>
        <time>2026-08-24T22:21:57.100000Z</time>
        <extensions>
          <gpxtpx:TrackPointExtension>
            <gpxtpx:hr>155</gpxtpx:hr>
          </gpxtpx:TrackPointExtension>
        </extensions>
      </trkpt>
      <trkpt lat="39.99616606511149" lon="116.47258887478651">
        <ele>38.32511385716498</ele>
        <time>2026-08-24T22:21:58.100000Z</time>
        <extensions>
          <gpxtpx:TrackPointExtension>
            <gpxtpx:hr>155</gpxtpx:hr>
          </gpxtpx:TrackPointExtension>
        </extensions>
      </trkpt>
      <trkpt lat="39.99614183724932" lon="116.47258247392938">
        <ele>38.33928320650011</ele>
        <time>2026-08-24T22:21:59.100000Z</time>
        <extensions>
          <gpxtpx:TrackPointExtension>
            <gpxtpx:hr>155</gpxtpx:hr>
          </gpxtpx:TrackPointExtension>
        </extensions>
      </trkpt>
      <trkpt lat="39.99611821179606" lon="116.47257579721885">
        <ele>38.36272711213678</ele>
        <time>2026-08-24T22:22:00.100000Z</time>
        <extensions>
          <gpxtpx:TrackPointExtension>
            <gpxtpx:hr>156</gpxtpx:hr>
          </gpxtpx:TrackPointExtension>
        </extensions>
      </trkpt>
      <trkpt lat="39.99609501803781" lon="116.47256921703557">
        <ele>38.394890799187124</ele>
        <time>2026-08-24T22:22:01.100000Z</time>
        <extensions>
          <gpxtpx:TrackPointExtension>
            <gpxtpx:hr>156</gpxtpx:hr>
          </gpxtpx:TrackPointExtension>
        </extensions>
      </trkpt>
      <trkpt lat="39.996071820033045" lon="116.47256271237958">
        <ele>38.43489262741059</ele>
        <time>2026-08-24T22:22:02.100000Z</time>
        <extensions>
          <gpxtpx:TrackPointExtension>
            <gpxtpx:hr>156</gpxtpx:hr>
          </gpxtpx:TrackPointExtension>
        </extensions>
      </trkpt>
      <trkpt lat="39.99604838058241" lon="116.47255610944978">
        <ele>38.48173989914358</ele>
        <time>2026-08-24T22:22:03.100000Z</time>
        <extensions>
          <gpxtpx:TrackPointExtension>
            <gpxtpx:hr>156</gpxtpx:hr>
          </gpxtpx:TrackPointExtension>
        </extensions>
      </trkpt>
      <trkpt lat="39.99602491007137" lon="116.47254902294313">
        <ele>38.534406824968755</ele>
        <time>2026-08-24T22:22:04.100000Z</time>
        <extensions>
          <gpxtpx:TrackPointExtension>
            <gpxtpx:hr>156</gpxtpx:hr>
          </gpxtpx:TrackPointExtension>
        </extensions>
      </trkpt>
      <trkpt lat="39.99600170935682" lon="116.47254160714817">
        <ele>38.591733580455184</ele>
        <time>2026-08-24T22:22:05.100000Z</time>
        <extensions>
          <gpxtpx:TrackPointExtension>
            <gpxtpx:hr>156</gpxtpx:hr>
          </gpxtpx:TrackPointExtension>
        </extensions>
      </trkpt>
      <trkpt lat="39.995978755221714" lon="116.47253427687549">
        <ele>38.6519844122231</ele>
        <time>2026-08-24T22:22:06.100000Z</time>
        <extensions>
          <gpxtpx:TrackPointExtension>
            <gpxtpx:hr>156</gpxtpx:hr>
          </gpxtpx:TrackPointExtension>
        </extensions>
      </trkpt>
      <trkpt lat="39.99595588965521" lon="116.47252708544214">
        <ele>38.71275289170444</ele>
        <time>2026-08-24T22:22:07.100000Z</time>
        <extensions>
          <gpxtpx:TrackPointExtension>
            <gpxtpx:hr>156</gpxtpx:hr>
          </gpxtpx:TrackPointExtension>
        </extensions>
      </trkpt>
      <trkpt lat="39.995933204464116" lon="116.47251972352636">
        <ele>38.77162885386497</ele>
        <time>2026-08-24T22:22:08.100000Z</time>
        <extensions>
          <gpxtpx:TrackPointExtension>
            <gpxtpx:hr>156</gpxtpx:hr>
          </gpxtpx:TrackPointExtension>
        </extensions>
      </trkpt>
      <trkpt lat="39.99591068943761" lon="116.4725119027424">
        <ele>38.82710434310138</ele>
        <time>2026-08-24T22:22:09.100000Z</time>
        <extensions>
          <gpxtpx:TrackPointExtension>
            <gpxtpx:hr>156</gpxtpx:hr>
          </gpxtpx:TrackPointExtension>
        </extensions>
      </trkpt>
      <trkpt lat="39.99588810128066" lon="116.4725035030043">
        <ele>38.87913901824504</ele>
        <time>2026-08-24T22:22:10.100000Z</time>
        <extensions>
          <gpxtpx:TrackPointExtension>
            <gpxtpx:hr>157</gpxtpx:hr>
          </gpxtpx:TrackPointExtension>
        </extensions>
      </trkpt>
      <trkpt lat="39.995865435277196" lon="116.47249444832313">
        <ele>38.928855936042964</ele>
        <time>2026-08-24T22:22:11.100000Z</time>
        <extensions>
          <gpxtpx:TrackPointExtension>
            <gpxtpx:hr>157</gpxtpx:hr>
          </gpxtpx:TrackPointExtension>
        </extensions>
      </trkpt>
      <trkpt lat="39.9958429220394" lon="116.47248465727905">
        <ele>38.97771496605128</ele>
        <time>2026-08-24T22:22:12.100000Z</time>
        <extensions>
          <gpxtpx:TrackPointExtension>
            <gpxtpx:hr>157</gpxtpx:hr>
          </gpxtpx:TrackPointExtension>
        </extensions>
      </trkpt>
      <trkpt lat="39.995820757569945" lon="116.47247419621036">
        <ele>39.02695743646473</ele>
        <time>2026-08-24T22:22:13.100000Z</time>
        <extensions>
          <gpxtpx:TrackPointExtension>
            <gpxtpx:hr>157</gpxtpx:hr>
          </gpxtpx:TrackPointExtension>
        </extensions>
      </trkpt>
      <trkpt lat="39.995798775502394" lon="116.4724631864101">
        <ele>39.07704269234091</ele>
        <time>2026-08-24T22:22:14.100000Z</time>
        <extensions>
          <gpxtpx:TrackPointExtension>
            <gpxtpx:hr>159</gpxtpx:hr>
          </gpxtpx:TrackPointExtension>
        </extensions>
      </trkpt>
      <trkpt lat="39.995776645277424" lon="116.47245191924216">
        <ele>39.12739992234856</ele>
        <time>2026-08-24T22:22:15.100000Z</time>
        <extensions>
          <gpxtpx:TrackPointExtension>
            <gpxtpx:hr>159</gpxtpx:hr>
          </gpxtpx:TrackPointExtension>
        </extensions>
      </trkpt>
      <trkpt lat="39.995754160318654" lon="116.47244063737413">
        <ele>39.176767692901194</ele>
        <time>2026-08-24T22:22:16.100000Z</time>
        <extensions>
          <gpxtpx:TrackPointExtension>
            <gpxtpx:hr>159</gpxtpx:hr>
          </gpxtpx:TrackPointExtension>
        </extensions>
      </trkpt>
      <trkpt lat="39.9957312655548" lon="116.47242941870255">
        <ele>39.22365041170269</ele>
        <time>2026-08-24T22:22:17.100000Z</time>
        <extensions>
          <gpxtpx:TrackPointExtension>
            <gpxtpx:hr>159</gpxtpx:hr>
          </gpxtpx:TrackPointExtension>
        </extensions>
      </trkpt>
      <trkpt lat="39.99570826671694" lon="116.47241822583253">
        <ele>39.266690229065716</ele>
        <time>2026-08-24T22:22:18.100000Z</time>
        <extensions>
          <gpxtpx:TrackPointExtension>
            <gpxtpx:hr>159</gpxtpx:hr>
          </gpxtpx:TrackPointExtension>
        </extensions>
      </trkpt>
      <trkpt lat="39.99568553222518" lon="116.47240670002998">
        <ele>39.30474360380322</ele>
        <time>2026-08-24T22:22:19.100000Z</time>
        <extensions>
          <gpxtpx:TrackPointExtension>
            <gpxtpx:hr>156</gpxtpx:hr>
          </gpxtpx:TrackPointExtension>
        </extensions>
      </trkpt>
      <trkpt lat="39.99566312319501" lon="116.47239482482586">
        <ele>39.33674737624824</ele>
        <time>2026-08-24T22:22:20.100000Z</time>
        <extensions>
          <gpxtpx:TrackPointExtension>
            <gpxtpx:hr>156</gpxtpx:hr>
          </gpxtpx:TrackPointExtension>
        </extensions>
      </trkpt>
      <trkpt lat="39.99564084441808" lon="116.47238325999244">
        <ele>39.36194934789091</ele>
        <time>2026-08-24T22:22:21.100000Z</time>
        <extensions>
          <gpxtpx:TrackPointExtension>
            <gpxtpx:hr>156</gpxtpx:hr>
          </gpxtpx:TrackPointExtension>
        </extensions>
      </trkpt>
      <trkpt lat="39.99561863107664" lon="116.4723724030949">
        <ele>39.380274552851915</ele>
        <time>2026-08-24T22:22:22.100000Z</time>
        <extensions>
          <gpxtpx:TrackPointExtension>
            <gpxtpx:hr>156</gpxtpx:hr>
          </gpxtpx:TrackPointExtension>
        </extensions>
      </trkpt>
      <trkpt lat="39.99559628392413" lon="116.4723624901504">
        <ele>39.39213924109936</ele>
        <time>2026-08-24T22:22:23.100000Z</time>
        <extensions>
          <gpxtpx:TrackPointExtension>
            <gpxtpx:hr>156</gpxtpx:hr>
          </gpxtpx:TrackPointExtension>
        </extensions>
      </trkpt>
      <trkpt lat="39.995573519535306" lon="116.47235366364957">
        <ele>39.397756580263376</ele>
        <time>2026-08-24T22:22:24.100000Z</time>
        <extensions>
          <gpxtpx:TrackPointExtension>
            <gpxtpx:hr>156</gpxtpx:hr>
          </gpxtpx:TrackPointExtension>
        </extensions>
      </trkpt>
      <trkpt lat="39.99555042251855" lon="116.47234571463342">
        <ele>39.39714246429503</ele>
        <time>2026-08-24T22:22:25.100000Z</time>
        <extensions>
          <gpxtpx:TrackPointExtension>
            <gpxtpx:hr>156</gpxtpx:hr>
          </gpxtpx:TrackPointExtension>
        </extensions>
      </trkpt>
      <trkpt lat="39.995527427589195" lon="116.4723388025597">
        <ele>39.39048964809626</ele>
        <time>2026-08-24T22:22:26.100000Z</time>
        <extensions>
          <gpxtpx:TrackPointExtension>
            <gpxtpx:hr>160</gpxtpx:hr>
          </gpxtpx:TrackPointExtension>
        </extensions>
      </trkpt>
      <trkpt lat="39.99550521172251" lon="116.47233367256923">
        <ele>39.37798208463937</ele>
        <time>2026-08-24T22:22:27.100000Z</time>
        <extensions>
          <gpxtpx:TrackPointExtension>
            <gpxtpx:hr>160</gpxtpx:hr>
          </gpxtpx:TrackPointExtension>
        </extensions>
      </trkpt>
      <trkpt lat="39.99548447791479" lon="116.47233160121388">
        <ele>39.359675135463476</ele>
        <time>2026-08-24T22:22:28.100000Z</time>
        <extensions>
          <gpxtpx:TrackPointExtension>
            <gpxtpx:hr>160</gpxtpx:hr>
          </gpxtpx:TrackPointExtension>
        </extensions>
      </trkpt>
      <trkpt lat="39.99546585869742" lon="116.47233432632137">
        <ele>39.33577019628137</ele>
        <time>2026-08-24T22:22:29.100000Z</time>
        <extensions>
          <gpxtpx:TrackPointExtension>
            <gpxtpx:hr>160</gpxtpx:hr>
          </gpxtpx:TrackPointExtension>
        </extensions>
      </trkpt>
      <trkpt lat="39.995449785936906" lon="116.47234253041711">
        <ele>39.30676912330091</ele>
        <time>2026-08-24T22:22:30Z</time>
        <extensions>
          <gpxtpx:TrackPointExtension>
            <gpxtpx:hr>162</gpxtpx:hr>
          </gpxtpx:TrackPointExtension>
        </extensions>
      </trkpt>
      <trkpt lat="39.99543598286622" lon="116.47235505557046">
        <ele>39.273676621727645</ele>
        <time>2026-08-24T22:22:31Z</time>
        <extensions>
          <gpxtpx:TrackPointExtension>
            <gpxtpx:hr>162</gpxtpx:hr>
          </gpxtpx:TrackPointExtension>
        </extensions>
      </trkpt>
      <trkpt lat="39.99542354044271" lon="116.4723706429838">
        <ele>39.238103065639734</ele>
        <time>2026-08-24T22:22:32Z</time>
        <extensions>
          <gpxtpx:TrackPointExtension>
            <gpxtpx:hr>162</gpxtpx:hr>
          </gpxtpx:TrackPointExtension>
        </extensions>
      </trkpt>
      <trkpt lat="39.995411384532886" lon="116.47238873626745">
        <ele>39.20189754012972</ele>
        <time>2026-08-24T22:22:33Z</time>
        <extensions>
          <gpxtpx:TrackPointExtension>
            <gpxtpx:hr>162</gpxtpx:hr>
          </gpxtpx:TrackPointExtension>
        </extensions>
      </trkpt>
      <trkpt lat="39.995398738962535" lon="116.47240873548343">
        <ele>39.16646588779986</ele>
        <time>2026-08-24T22:22:34Z</time>
        <extensions>
          <gpxtpx:TrackPointExtension>
            <gpxtpx:hr>161</gpxtpx:hr>
          </gpxtpx:TrackPointExtension>
        </extensions>
      </trkpt>
      <trkpt lat="39.99538510662951" lon="116.47242960706906">
        <ele>39.13263668306172</ele>
        <time>2026-08-24T22:22:35Z</time>
        <extensions>
          <gpxtpx:TrackPointExtension>
            <gpxtpx:hr>161</gpxtpx:hr>
          </gpxtpx:TrackPointExtension>
        </extensions>
      </trkpt>
      <trkpt lat="39.99537020274835" lon="116.47245028391316">
        <ele>39.10115751810372</ele>
        <time>2026-08-24T22:22:36Z</time>
        <extensions>
          <gpxtpx:TrackPointExtension>
            <gpxtpx:hr>161</gpxtpx:hr>
          </gpxtpx:TrackPointExtension>
        </extensions>
      </trkpt>
      <trkpt lat="39.995353650982885" lon="116.47246929052716">
        <ele>39.07268935628235</ele>
        <time>2026-08-24T22:22:37Z</time>
        <extensions>
          <gpxtpx:TrackPointExtension>
            <gpxtpx:hr>162</gpxtpx:hr>
          </gpxtpx:TrackPointExtension>
        </extensions>
      </trkpt>
      <trkpt lat="39.995335162207326" lon="116.47248412544006">
        <ele>39.04764841962606</ele>
        <time>2026-08-24T22:22:38Z</time>
        <extensions>
          <gpxtpx:TrackPointExtension>
            <gpxtpx:hr>162</gpxtpx:hr>
          </gpxtpx:TrackPointExtension>
        </extensions>
      </trkpt>
      <trkpt lat="39.995315186484056" lon="116.4724920123007">
        <ele>39.026287651620805</ele>
        <time>2026-08-24T22:22:39Z</time>
        <extensions>
          <gpxtpx:TrackPointExtension>
            <gpxtpx:hr>162</gpxtpx:hr>
          </gpxtpx:TrackPointExtension>
        </extensions>
      </trkpt>
      <trkpt lat="39.99529461085731" lon="116.47249193977729">
        <ele>39.008662573993206</ele>
        <time>2026-08-24T22:22:40Z</time>
        <extensions>
          <gpxtpx:TrackPointExtension>
            <gpxtpx:hr>162</gpxtpx:hr>
          </gpxtpx:TrackPointExtension>
        </extensions>
      </trkpt>
      <trkpt lat="39.99527385015279" lon="116.47248491493089">
        <ele>38.994328029453754</ele>
        <time>2026-08-24T22:22:41Z</time>
        <extensions>
          <gpxtpx:TrackPointExtension>
            <gpxtpx:hr>162</gpxtpx:hr>
          </gpxtpx:TrackPointExtension>
        </extensions>
      </trkpt>
      <trkpt lat="39.995252501100026" lon="116.47247255475352">
        <ele>38.98290486074984</ele>
        <time>2026-08-24T22:22:42Z</time>
        <extensions>
          <gpxtpx:TrackPointExtension>
            <gpxtpx:hr>162</gpxtpx:hr>
          </gpxtpx:TrackPointExtension>
        </extensions>
      </trkpt>
      <trkpt lat="39.99523074064554" lon="116.47245641925329">
        <ele>38.97467569075525</ele>
        <time>2026-08-24T22:22:43Z</time>
        <extensions>
          <gpxtpx:TrackPointExtension>
            <gpxtpx:hr>159</gpxtpx:hr>
          </gpxtpx:TrackPointExtension>
        </extensions>
      </trkpt>
      <trkpt lat="39.995209370526545" lon="116.47243797108578">
        <ele>38.9702690737322</ele>
        <time>2026-08-24T22:22:44Z</time>
        <extensions>
          <gpxtpx:TrackPointExtension>
            <gpxtpx:hr>159</gpxtpx:hr>
          </gpxtpx:TrackPointExtension>
        </extensions>
      </trkpt>
      <trkpt lat="39.995188902205996" lon="116.47241835889862">
        <ele>38.970250527374446</ele>
        <time>2026-08-24T22:22:45Z</time>
        <extensions>
          <gpxtpx:TrackPointExtension>
            <gpxtpx:hr>159</gpxtpx:hr>
          </gpxtpx:TrackPointExtension>
        </extensions>
      </trkpt>
      <trkpt lat="39.995169432574365" lon="116.47239800099034">
        <ele>38.97487331088632</ele>
        <time>2026-08-24T22:22:46Z</time>
        <extensions>
          <gpxtpx:TrackPointExtension>
            <gpxtpx:hr>159</gpxtpx:hr>
          </gpxtpx:TrackPointExtension>
        </extensions>
      </trkpt>
      <trkpt lat="39.99515082985926" lon="116.47237730158412">
        <ele>38.98397313244641</ele>
        <time>2026-08-24T22:22:47Z</time>
        <extensions>
          <gpxtpx:TrackPointExtension>
            <gpxtpx:hr>159</gpxtpx:hr>
          </gpxtpx:TrackPointExtension>
        </extensions>
      </trkpt>
      <trkpt lat="39.995132722731675" lon="116.47235668908183">
        <ele>38.99720181059092</ele>
        <time>2026-08-24T22:22:48Z</time>
        <extensions>
          <gpxtpx:TrackPointExtension>
            <gpxtpx:hr>159</gpxtpx:hr>
          </gpxtpx:TrackPointExtension>
        </extensions>
      </trkpt>
      <trkpt lat="39.99511452805357" lon="116.47233625907852">
        <ele>39.01425205450505</ele>
        <time>2026-08-24T22:22:49Z</time>
        <extensions>
          <gpxtpx:TrackPointExtension>
            <gpxtpx:hr>159</gpxtpx:hr>
          </gpxtpx:TrackPointExtension>
        </extensions>
      </trkpt>
      <trkpt lat="39.995095935421105" lon="116.47231606482785">
        <ele>39.03514016326517</ele>
        <time>2026-08-24T22:22:50Z</time>
        <extensions>
          <gpxtpx:TrackPointExtension>
            <gpxtpx:hr>164</gpxtpx:hr>
          </gpxtpx:TrackPointExtension>
        </extensions>
      </trkpt>
      <trkpt lat="39.995076753606746" lon="116.47229625936356">
        <ele>39.059774251654744</ele>
        <time>2026-08-24T22:22:51Z</time>
        <extensions>
          <gpxtpx:TrackPointExtension>
            <gpxtpx:hr>164</gpxtpx:hr>
          </gpxtpx:TrackPointExtension>
        </extensions>
      </trkpt>
      <trkpt lat="39.99505684289079" lon="116.47227675418797">
        <ele>39.08739876374602</ele>
        <time>2026-08-24T22:22:52Z</time>
        <extensions>
          <gpxtpx:TrackPointExtension>
            <gpxtpx:hr>164</gpxtpx:hr>
          </gpxtpx:TrackPointExtension>
        </extensions>
      </trkpt>
      <trkpt lat="39.995036085031835" lon="116.47225724266976">
        <ele>39.116651888005435</ele>
        <time>2026-08-24T22:22:53Z</time>
        <extensions>
          <gpxtpx:TrackPointExtension>
            <gpxtpx:hr>164</gpxtpx:hr>
          </gpxtpx:TrackPointExtension>
        </extensions>
      </trkpt>
      <trkpt lat="39.99501438752274" lon="116.47223754347013">
        <ele>39.14572778902948</ele>
        <time>2026-08-24T22:22:54Z</time>
        <extensions>
          <gpxtpx:TrackPointExtension>
            <gpxtpx:hr>164</gpxtpx:hr>
          </gpxtpx:TrackPointExtension>
        </extensions>
      </trkpt>
      <trkpt lat="39.994991977754005" lon="116.472217663239">
        <ele>39.17281891964376</ele>
        <time>2026-08-24T22:22:55Z</time>
        <extensions>
          <gpxtpx:TrackPointExtension>
            <gpxtpx:hr>164</gpxtpx:hr>
          </gpxtpx:TrackPointExtension>
        </extensions>
      </trkpt>
      <trkpt lat="39.99496909735931" lon="116.47219782388103">
        <ele>39.196287758648396</ele>
        <time>2026-08-24T22:22:56Z</time>
        <extensions>
          <gpxtpx:TrackPointExtension>
            <gpxtpx:hr>165</gpxtpx:hr>
          </gpxtpx:TrackPointExtension>
        </extensions>
      </trkpt>
      <trkpt lat="39.99494575515587" lon="116.47217849199319">
        <ele>39.21449994109571</ele>
        <time>2026-08-24T22:22:57Z</time>
        <extensions>
          <gpxtpx:TrackPointExtension>
            <gpxtpx:hr>165</gpxtpx:hr>
          </gpxtpx:TrackPointExtension>
        </extensions>
      </trkpt>
      <trkpt lat="39.99492221678824" lon="116.4721605336863">
        <ele>39.22614155244082</ele>
        <time>2026-08-24T22:22:58Z</time>
        <extensions>
          <gpxtpx:TrackPointExtension>
            <gpxtpx:hr>165</gpxtpx:hr>
          </gpxtpx:TrackPointExtension>
        </extensions>
      </trkpt>
      <trkpt lat="39.99489860077541" lon="116.47214495147195">
        <ele>39.230811316519976</ele>
        <time>2026-08-24T22:22:59Z</time>
        <extensions>
          <gpxtpx:TrackPointExtension>
            <gpxtpx:hr>165</gpxtpx:hr>
          </gpxtpx:TrackPointExtension>
        </extensions>
      </trkpt>
      <trkpt lat="39.994874590937286" lon="116.47213211234656">
        <ele>39.22842371836305</ele>
        <time>2026-08-24T22:23:00Z</time>
        <extensions>
          <gpxtpx:TrackPointExtension>
            <gpxtpx:hr>165</gpxtpx:hr>
          </gpxtpx:TrackPointExtension>
        </extensions>
      </trkpt>
      <trkpt lat="39.99485002391141" lon="116.47212164058016">
        <ele>39.218541691079736</ele>
        <time>2026-08-24T22:23:01Z</time>
        <extensions>
          <gpxtpx:TrackPointExtension>
            <gpxtpx:hr>165</gpxtpx:hr>
          </gpxtpx:TrackPointExtension>
        </extensions>
      </trkpt>
      <trkpt lat="39.99482486921497" lon="116.47211270047615">
        <ele>39.20096394978464</ele>
        <time>2026-08-24T22:23:02Z</time>
        <extensions>
          <gpxtpx:TrackPointExtension>
            <gpxtpx:hr>165</gpxtpx:hr>
          </gpxtpx:TrackPointExtension>
        </extensions>
      </trkpt>
      <trkpt lat="39.99479933494841" lon="116.47210420610355">
        <ele>39.17626338079572</ele>
        <time>2026-08-24T22:23:03Z</time>
        <extensions>
          <gpxtpx:TrackPointExtension>
            <gpxtpx:hr>165</gpxtpx:hr>
          </gpxtpx:TrackPointExtension>
        </extensions>
      </trkpt>
      <trkpt lat="39.99477357760121" lon="116.47209583640443">
        <ele>39.145667218603194</ele>
        <time>2026-08-24T22:23:04Z</time>
        <extensions>
          <gpxtpx:TrackPointExtension>
            <gpxtpx:hr>165</gpxtpx:hr>
          </gpxtpx:TrackPointExtension>
        </extensions>
      </trkpt>
      <trkpt lat="39.994747664755245" lon="116.47208786108203">
        <ele>39.11050982773304</ele>
        <time>2026-08-24T22:23:05Z</time>
        <extensions>
          <gpxtpx:TrackPointExtension>
            <gpxtpx:hr>165</gpxtpx:hr>
          </gpxtpx:TrackPointExtension>
        </extensions>
      </trkpt>
      <trkpt lat="39.99472184207846" lon="116.47208001488261">
        <ele>39.07201806642115</ele>
        <time>2026-08-24T22:23:06Z</time>
        <extensions>
          <gpxtpx:TrackPointExtension>
            <gpxtpx:hr>165</gpxtpx:hr>
          </gpxtpx:TrackPointExtension>
        </extensions>
      </trkpt>
      <trkpt lat="39.994696146709884" lon="116.47207209007654">
        <ele>39.031566966325045</ele>
        <time>2026-08-24T22:23:07Z</time>
        <extensions>
          <gpxtpx:TrackPointExtension>
            <gpxtpx:hr>165</gpxtpx:hr>
          </gpxtpx:TrackPointExtension>
        </extensions>
      </trkpt>
      <trkpt lat="39.994670533001965" lon="116.47206505408292">
        <ele>38.99065022170544</ele>
        <time>2026-08-24T22:23:08Z</time>
        <extensions>
          <gpxtpx:TrackPointExtension>
            <gpxtpx:hr>165</gpxtpx:hr>
          </gpxtpx:TrackPointExtension>
        </extensions>
      </trkpt>
      <trkpt lat="39.994645105804416" lon="116.47206006977744">
        <ele>38.95070848800242</ele>
        <time>2026-08-24T22:23:09Z</time>
        <extensions>
          <gpxtpx:TrackPointExtension>
            <gpxtpx:hr>165</gpxtpx:hr>
          </gpxtpx:TrackPointExtension>
        </extensions>
      </trkpt>
      <trkpt lat="39.994620141965775" lon="116.47205783774945">
        <ele>38.9130029771477</ele>
        <time>2026-08-24T22:23:10Z</time>
        <extensions>
          <gpxtpx:TrackPointExtension>
            <gpxtpx:hr>165</gpxtpx:hr>
          </gpxtpx:TrackPointExtension>
        </extensions>
      </trkpt>
      <trkpt lat="39.99459583731533" lon="116.47205910823891">
        <ele>38.87830708734691</ele>
        <time>2026-08-24T22:23:11Z</time>
        <extensions>
          <gpxtpx:TrackPointExtension>
            <gpxtpx:hr>166</gpxtpx:hr>
          </gpxtpx:TrackPointExtension>
        </extensions>
      </trkpt>
      <trkpt lat="39.99457219550581" lon="116.47206441400704">
        <ele>38.846869577653706</ele>
        <time>2026-08-24T22:23:12Z</time>
        <extensions>
          <gpxtpx:TrackPointExtension>
            <gpxtpx:hr>166</gpxtpx:hr>
          </gpxtpx:TrackPointExtension>
        </extensions>
      </trkpt>
      <trkpt lat="39.99454911263794" lon="116.47207347550321">
        <ele>38.818581401370466</ele>
        <time>2026-08-24T22:23:13Z</time>
        <extensions>
          <gpxtpx:TrackPointExtension>
            <gpxtpx:hr>166</gpxtpx:hr>
          </gpxtpx:TrackPointExtension>
        </extensions>
      </trkpt>
      <trkpt lat="39.99452653263891" lon="116.47208548920081">
        <ele>38.792886269278824</ele>
        <time>2026-08-24T22:23:14Z</time>
        <extensions>
          <gpxtpx:TrackPointExtension>
            <gpxtpx:hr>166</gpxtpx:hr>
          </gpxtpx:TrackPointExtension>
        </extensions>
      </trkpt>
      <trkpt lat="39.99450455982014" lon="116.47209965291205">
        <ele>38.76902313809842</ele>
        <time>2026-08-24T22:23:15Z</time>
        <extensions>
          <gpxtpx:TrackPointExtension>
            <gpxtpx:hr>166</gpxtpx:hr>
          </gpxtpx:TrackPointExtension>
        </extensions>
      </trkpt>
      <trkpt lat="39.99448319997903" lon="116.47211546529738">
        <ele>38.746157138608396</ele>
        <time>2026-08-24T22:23:16Z</time>
        <extensions>
          <gpxtpx:TrackPointExtension>
            <gpxtpx:hr>166</gpxtpx:hr>
          </gpxtpx:TrackPointExtension>
        </extensions>
      </trkpt>
      <trkpt lat="39.99446247714408" lon="116.47213242451699">
        <ele>38.723570961505175</ele>
        <time>2026-08-24T22:23:17Z</time>
        <extensions>
          <gpxtpx:TrackPointExtension>
            <gpxtpx:hr>166</gpxtpx:hr>
          </gpxtpx:TrackPointExtension>
        </extensions>
      </trkpt>
      <trkpt lat="39.99444249675061" lon="116.47215007062836">
        <ele>38.70110185351223</ele>
        <time>2026-08-24T22:23:18Z</time>
        <extensions>
          <gpxtpx:TrackPointExtension>
            <gpxtpx:hr>166</gpxtpx:hr>
          </gpxtpx:TrackPointExtension>
        </extensions>
      </trkpt>
      <trkpt lat="39.99442343709113" lon="116.47216848910791">
        <ele>38.67936484981328</ele>
        <time>2026-08-24T22:23:19Z</time>
        <extensions>
          <gpxtpx:TrackPointExtension>
            <gpxtpx:hr>166</gpxtpx:hr>
          </gpxtpx:TrackPointExtension>
        </extensions>
      </trkpt>
      <trkpt lat="39.994405563447515" lon="116.47218808857254">
        <ele>38.65937377419323</ele>
        <time>2026-08-24T22:23:20Z</time>
        <extensions>
          <gpxtpx:TrackPointExtension>
            <gpxtpx:hr>166</gpxtpx:hr>
          </gpxtpx:TrackPointExtension>
        </extensions>
      </trkpt>
      <trkpt lat="39.99438865166712" lon="116.4722090462972">
        <ele>38.64199993107468</ele>
        <time>2026-08-24T22:23:21Z</time>
        <extensions>
          <gpxtpx:TrackPointExtension>
            <gpxtpx:hr>166</gpxtpx:hr>
          </gpxtpx:TrackPointExtension>
        </extensions>
      </trkpt>
      <trkpt lat="39.9943723446124" lon="116.47223110291762">
        <ele>38.62789028137922</ele>
        <time>2026-08-24T22:23:22Z</time>
        <extensions>
          <gpxtpx:TrackPointExtension>
            <gpxtpx:hr>166</gpxtpx:hr>
          </gpxtpx:TrackPointExtension>
        </extensions>
      </trkpt>
      <trkpt lat="39.99435646658964" lon="116.47225398602541">
        <ele>38.61742036230862</ele>
        <time>2026-08-24T22:23:23Z</time>
        <extensions>
          <gpxtpx:TrackPointExtension>
            <gpxtpx:hr>166</gpxtpx:hr>
          </gpxtpx:TrackPointExtension>
        </extensions>
      </trkpt>
      <trkpt lat="39.99434104371809" lon="116.47227756482681">
        <ele>38.61031534150243</ele>
        <time>2026-08-24T22:23:24Z</time>
        <extensions>
          <gpxtpx:TrackPointExtension>
            <gpxtpx:hr>164</gpxtpx:hr>
          </gpxtpx:TrackPointExtension>
        </extensions>
      </trkpt>
      <trkpt lat="39.99432583578934" lon="116.47230168579942">
        <ele>38.605944470502436</ele>
        <time>2026-08-24T22:23:24.900000Z</time>
        <extensions>
          <gpxtpx:TrackPointExtension>
            <gpxtpx:hr>164</gpxtpx:hr>
          </gpxtpx:TrackPointExtension>
        </extensions>
      </trkpt>
      <trkpt lat="39.994310581469705" lon="116.47232611487802">
        <ele>38.60376653354615</ele>
        <time>2026-08-24T22:23:25.900000Z</time>
        <extensions>
          <gpxtpx:TrackPointExtension>
            <gpxtpx:hr>164</gpxtpx:hr>
          </gpxtpx:TrackPointExtension>
        </extensions>
      </trkpt>
      <trkpt lat="39.99429518231656" lon="116.47235064477994">
        <ele>38.60329436697066</ele>
        <time>2026-08-24T22:23:26.900000Z</time>
        <extensions>
          <gpxtpx:TrackPointExtension>
            <gpxtpx:hr>164</gpxtpx:hr>
          </gpxtpx:TrackPointExtension>
        </extensions>
      </trkpt>
      <trkpt lat="39.99427943500971" lon="116.47237510322093">
        <ele>38.604111841879785</ele>
        <time>2026-08-24T22:23:27.900000Z</time>
        <extensions>
          <gpxtpx:TrackPointExtension>
            <gpxtpx:hr>164</gpxtpx:hr>
          </gpxtpx:TrackPointExtension>
        </extensions>
      </trkpt>
      <trkpt lat="39.99426336736577" lon="116.47239944059451">
        <ele>38.605874550528824</ele>
        <time>2026-08-24T22:23:28.900000Z</time>
        <extensions>
          <gpxtpx:TrackPointExtension>
            <gpxtpx:hr>164</gpxtpx:hr>
          </gpxtpx:TrackPointExtension>
        </extensions>
      </trkpt>
      <trkpt lat="39.99424710652333" lon="116.4724236953374">
        <ele>38.60825644619763</ele>
        <time>2026-08-24T22:23:29.900000Z</time>
        <extensions>
          <gpxtpx:TrackPointExtension>
            <gpxtpx:hr>163</gpxtpx:hr>
          </gpxtpx:TrackPointExtension>
        </extensions>
      </trkpt>
      <trkpt lat="39.99423085576641" lon="116.47244802114517">
        <ele>38.61090548988432</ele>
        <time>2026-08-24T22:23:30.900000Z</time>
        <extensions>
          <gpxtpx:TrackPointExtension>
            <gpxtpx:hr>163</gpxtpx:hr>
          </gpxtpx:TrackPointExtension>
        </extensions>
      </trkpt>
      <trkpt lat="39.99421490838282" lon="116.47247241083628">
        <ele>38.61359274759889</ele>
        <time>2026-08-24T22:23:31.900000Z</time>
        <extensions>
          <gpxtpx:TrackPointExtension>
            <gpxtpx:hr>163</gpxtpx:hr>
          </gpxtpx:TrackPointExtension>
        </extensions>
      </trkpt>
      <trkpt lat="39.994199510931345" lon="116.47249672259512">
        <ele>38.616370343603194</ele>
        <time>2026-08-24T22:23:32.900000Z</time>
        <extensions>
          <gpxtpx:TrackPointExtension>
            <gpxtpx:hr>163</gpxtpx:hr>
          </gpxtpx:TrackPointExtension>
        </extensions>
      </trkpt>
      <trkpt lat="39.99418452894794" lon="116.47252092916634">
        <ele>38.61956879962236</ele>
        <time>2026-08-24T22:23:33.900000Z</time>
        <extensions>
          <gpxtpx:TrackPointExtension>
            <gpxtpx:hr>163</gpxtpx:hr>
          </gpxtpx:TrackPointExtension>
        </extensions>
      </trkpt>
      <trkpt lat="39.99416955885606" lon="116.47254490906136">
        <ele>38.62344904337078</ele>
        <time>2026-08-24T22:23:34.900000Z</time>
        <extensions>
          <gpxtpx:TrackPointExtension>
            <gpxtpx:hr>164</gpxtpx:hr>
          </gpxtpx:TrackPointExtension>
        </extensions>
      </trkpt>
      <trkpt lat="39.99415409159728" lon="116.47256859045042">
        <ele>38.62818699143827</ele>
        <time>2026-08-24T22:23:35.900000Z</time>
        <extensions>
          <gpxtpx:TrackPointExtension>
            <gpxtpx:hr>164</gpxtpx:hr>
          </gpxtpx:TrackPointExtension>
        </extensions>
      </trkpt>
      <trkpt lat="39.994138038988375" lon="116.472592285813">
        <ele>38.63402829039842</ele>
        <time>2026-08-24T22:23:36.900000Z</time>
        <extensions>
          <gpxtpx:TrackPointExtension>
            <gpxtpx:hr>164</gpxtpx:hr>
          </gpxtpx:TrackPointExtension>
        </extensions>
      </trkpt>
      <trkpt lat="39.994121783433705" lon="116.47261649837479">
        <ele>38.64103581570089</ele>
        <time>2026-08-24T22:23:37.900000Z</time>
        <extensions>
          <gpxtpx:TrackPointExtension>
            <gpxtpx:hr>164</gpxtpx:hr>
          </gpxtpx:TrackPointExtension>
        </extensions>
      </trkpt>
      <trkpt lat="39.99410606002387" lon="116.47264156694213">
        <ele>38.64897807408124</ele>
        <time>2026-08-24T22:23:38.900000Z</time>
        <extensions>
          <gpxtpx:TrackPointExtension>
            <gpxtpx:hr>164</gpxtpx:hr>
          </gpxtpx:TrackPointExtension>
        </extensions>
      </trkpt>
      <trkpt lat="39.994091286499156" lon="116.47266735967119">
        <ele>38.657804355956614</ele>
        <time>2026-08-24T22:23:39.900000Z</time>
        <extensions>
          <gpxtpx:TrackPointExtension>
            <gpxtpx:hr>164</gpxtpx:hr>
          </gpxtpx:TrackPointExtension>
        </extensions>
      </trkpt>
      <trkpt lat="39.994077009096" lon="116.47269317465218">
        <ele>38.66770274192095</ele>
        <time>2026-08-24T22:23:40.900000Z</time>
        <extensions>
          <gpxtpx:TrackPointExtension>
            <gpxtpx:hr>164</gpxtpx:hr>
          </gpxtpx:TrackPointExtension>
        </extensions>
      </trkpt>
      <trkpt lat="39.99406239582958" lon="116.47271856597892">
        <ele>38.67902269680053</ele>
        <time>2026-08-24T22:23:41.900000Z</time>
        <extensions>
          <gpxtpx:TrackPointExtension>
            <gpxtpx:hr>164</gpxtpx:hr>
          </gpxtpx:TrackPointExtension>
        </extensions>
      </trkpt>
      <trkpt lat="39.99404702351287" lon="116.47274340918857">
        <ele>38.69214253965765</ele>
        <time>2026-08-24T22:23:42.900000Z</time>
        <extensions>
          <gpxtpx:TrackPointExtension>
            <gpxtpx:hr>164</gpxtpx:hr>
          </gpxtpx:TrackPointExtension>
        </extensions>
      </trkpt>
      <trkpt lat="39.994031042839424" lon="116.47276764108324">
        <ele>38.706883816979825</ele>
        <time>2026-08-24T22:23:43.900000Z</time>
        <extensions>
          <gpxtpx:TrackPointExtension>
            <gpxtpx:hr>164</gpxtpx:hr>
          </gpxtpx:TrackPointExtension>
        </extensions>
      </trkpt>
      <trkpt lat="39.9940149410553" lon="116.47279160026662">
        <ele>38.722540862858295</ele>
        <time>2026-08-24T22:23:44.900000Z</time>
        <extensions>
          <gpxtpx:TrackPointExtension>
            <gpxtpx:hr>164</gpxtpx:hr>
          </gpxtpx:TrackPointExtension>
        </extensions>
      </trkpt>
      <trkpt lat="39.9939991415564" lon="116.47281570837094">
        <ele>38.73837714828551</ele>
        <time>2026-08-24T22:23:45.900000Z</time>
        <extensions>
          <gpxtpx:TrackPointExtension>
            <gpxtpx:hr>164</gpxtpx:hr>
          </gpxtpx:TrackPointExtension>
        </extensions>
      </trkpt>
      <trkpt lat="39.99398381645359" lon="116.47283994663424">
        <ele>38.75371053162962</ele>
        <time>2026-08-24T22:23:46.900000Z</time>
        <extensions>
          <gpxtpx:TrackPointExtension>
            <gpxtpx:hr>164</gpxtpx:hr>
          </gpxtpx:TrackPointExtension>
        </extensions>
      </trkpt>
      <trkpt lat="39.9939688992006" lon="116.47286414030826">
        <ele>38.7681695278734</ele>
        <time>2026-08-24T22:23:47.900000Z</time>
        <extensions>
          <gpxtpx:TrackPointExtension>
            <gpxtpx:hr>164</gpxtpx:hr>
          </gpxtpx:TrackPointExtension>
        </extensions>
      </trkpt>
      <trkpt lat="39.993953997204116" lon="116.47288799912575">
        <ele>38.78169827256352</ele>
        <time>2026-08-24T22:23:48.900000Z</time>
        <extensions>
          <gpxtpx:TrackPointExtension>
            <gpxtpx:hr>164</gpxtpx:hr>
          </gpxtpx:TrackPointExtension>
        </extensions>
      </trkpt>
      <trkpt lat="39.993938726110734" lon="116.47291138610575">
        <ele>38.79420150257647</ele>
        <time>2026-08-24T22:23:49.900000Z</time>
        <extensions>
          <gpxtpx:TrackPointExtension>
            <gpxtpx:hr>164</gpxtpx:hr>
          </gpxtpx:TrackPointExtension>
        </extensions>
      </trkpt>
      <trkpt lat="39.9939232354286" lon="116.47293454710224">
        <ele>38.80549731571227</ele>
        <time>2026-08-24T22:23:50.900000Z</time>
        <extensions>
          <gpxtpx:TrackPointExtension>
            <gpxtpx:hr>164</gpxtpx:hr>
          </gpxtpx:TrackPointExtension>
        </extensions>
      </trkpt>
      <trkpt lat="39.99390781875376" lon="116.47295745291203">
        <ele>38.81529532838613</ele>
        <time>2026-08-24T22:23:51.900000Z</time>
        <extensions>
          <gpxtpx:TrackPointExtension>
            <gpxtpx:hr>164</gpxtpx:hr>
          </gpxtpx:TrackPointExtension>
        </extensions>
      </trkpt>
      <trkpt lat="39.99389253704713" lon="116.47297980503738">
        <ele>38.8228303398937</ele>
        <time>2026-08-24T22:23:52.900000Z</time>
        <extensions>
          <gpxtpx:TrackPointExtension>
            <gpxtpx:hr>164</gpxtpx:hr>
          </gpxtpx:TrackPointExtension>
        </extensions>
      </trkpt>
      <trkpt lat="39.99387733324384" lon="116.47300179874605">
        <ele>38.82693633530289</ele>
        <time>2026-08-24T22:23:53.900000Z</time>
        <extensions>
          <gpxtpx:TrackPointExtension>
            <gpxtpx:hr>164</gpxtpx:hr>
          </gpxtpx:TrackPointExtension>
        </extensions>
      </trkpt>
      <trkpt lat="39.99386204305893" lon="116.4730240325441">
        <ele>38.82644746918231</ele>
        <time>2026-08-24T22:23:54.900000Z</time>
        <extensions>
          <gpxtpx:TrackPointExtension>
            <gpxtpx:hr>164</gpxtpx:hr>
          </gpxtpx:TrackPointExtension>
        </extensions>
      </trkpt>
      <trkpt lat="39.99384666891879" lon="116.47304654352669">
        <ele>38.82065577339381</ele>
        <time>2026-08-24T22:23:55.900000Z</time>
        <extensions>
          <gpxtpx:TrackPointExtension>
            <gpxtpx:hr>166</gpxtpx:hr>
          </gpxtpx:TrackPointExtension>
        </extensions>
      </trkpt>
      <trkpt lat="39.99383127181934" lon="116.4730691056283">
        <ele>38.80943408794701</ele>
        <time>2026-08-24T22:23:56.900000Z</time>
        <extensions>
          <gpxtpx:TrackPointExtension>
            <gpxtpx:hr>166</gpxtpx:hr>
          </gpxtpx:TrackPointExtension>
        </extensions>
      </trkpt>
      <trkpt lat="39.99381581407109" lon="116.47309184476669">
        <ele>38.793091093190014</ele>
        <time>2026-08-24T22:23:57.900000Z</time>
        <extensions>
          <gpxtpx:TrackPointExtension>
            <gpxtpx:hr>166</gpxtpx:hr>
          </gpxtpx:TrackPointExtension>
        </extensions>
      </trkpt>
      <trkpt lat="39.99379994104561" lon="116.4731149232305">
        <ele>38.772275034338236</ele>
        <time>2026-08-24T22:23:58.900000Z</time>
        <extensions>
          <gpxtpx:TrackPointExtension>
            <gpxtpx:hr>166</gpxtpx:hr>
          </gpxtpx:TrackPointExtension>
        </extensions>
      </trkpt>
      <trkpt lat="39.99378347024229" lon="116.47313840196479">
        <ele>38.74779898207635</ele>
        <time>2026-08-24T22:23:59.900000Z</time>
        <extensions>
          <gpxtpx:TrackPointExtension>
            <gpxtpx:hr>166</gpxtpx:hr>
          </gpxtpx:TrackPointExtension>
        </extensions>
      </trkpt>
      <trkpt lat="39.99376664406892" lon="116.47316229298505">
        <ele>38.720320840366185</ele>
        <time>2026-08-24T22:24:00.900000Z</time>
        <extensions>
          <gpxtpx:TrackPointExtension>
            <gpxtpx:hr>165</gpxtpx:hr>
          </gpxtpx:TrackPointExtension>
        </extensions>
      </trkpt>
      <trkpt lat="39.99374985037186" lon="116.47318657025164">
        <ele>38.69028245098889</ele>
        <time>2026-08-24T22:24:01.900000Z</time>
        <extensions>
          <gpxtpx:TrackPointExtension>
            <gpxtpx:hr>165</gpxtpx:hr>
          </gpxtpx:TrackPointExtension>
        </extensions>
      </trkpt>
      <trkpt lat="39.993733231442725" lon="116.47321115082416">
        <ele>38.658018878661096</ele>
        <time>2026-08-24T22:24:02.900000Z</time>
        <extensions>
          <gpxtpx:TrackPointExtension>
            <gpxtpx:hr>165</gpxtpx:hr>
          </gpxtpx:TrackPointExtension>
        </extensions>
      </trkpt>
      <trkpt lat="39.99371675112146" lon="116.47323605747214">
        <ele>38.62377315014601</ele>
        <time>2026-08-24T22:24:03.900000Z</time>
        <extensions>
          <gpxtpx:TrackPointExtension>
            <gpxtpx:hr>165</gpxtpx:hr>
          </gpxtpx:TrackPointExtension>
        </extensions>
      </trkpt>
      <trkpt lat="39.9937004626733" lon="116.47326125102303">
        <ele>38.58788006659597</ele>
        <time>2026-08-24T22:24:04.900000Z</time>
        <extensions>
          <gpxtpx:TrackPointExtension>
            <gpxtpx:hr>165</gpxtpx:hr>
          </gpxtpx:TrackPointExtension>
        </extensions>
      </trkpt>
      <trkpt lat="39.993684264027124" lon="116.47328641745612">
        <ele>38.55093200318515</ele>
        <time>2026-08-24T22:24:05.900000Z</time>
        <extensions>
          <gpxtpx:TrackPointExtension>
            <gpxtpx:hr>167</gpxtpx:hr>
          </gpxtpx:TrackPointExtension>
        </extensions>
      </trkpt>
      <trkpt lat="39.993667934929405" lon="116.47331143003436">
        <ele>38.5136284744367</ele>
        <time>2026-08-24T22:24:06.900000Z</time>
        <extensions>
          <gpxtpx:TrackPointExtension>
            <gpxtpx:hr>167</gpxtpx:hr>
          </gpxtpx:TrackPointExtension>
        </extensions>
      </trkpt>
      <trkpt lat="39.99365143203423" lon="116.47333630120642">
        <ele>38.476578620262444</ele>
        <time>2026-08-24T22:24:07.900000Z</time>
        <extensions>
          <gpxtpx:TrackPointExtension>
            <gpxtpx:hr>167</gpxtpx:hr>
          </gpxtpx:TrackPointExtension>
        </extensions>
      </trkpt>
      <trkpt lat="39.99363495730957" lon="116.47336141792425">
        <ele>38.44000179134309</ele>
        <time>2026-08-24T22:24:08.900000Z</time>
        <extensions>
          <gpxtpx:TrackPointExtension>
            <gpxtpx:hr>167</gpxtpx:hr>
          </gpxtpx:TrackPointExtension>
        </extensions>
      </trkpt>
      <trkpt lat="39.99361869169191" lon="116.4733871442512">
        <ele>38.40354853961617</ele>
        <time>2026-08-24T22:24:09.900000Z</time>
        <extensions>
          <gpxtpx:TrackPointExtension>
            <gpxtpx:hr>167</gpxtpx:hr>
          </gpxtpx:TrackPointExtension>
        </extensions>
      </trkpt>
      <trkpt lat="39.99360261820199" lon="116.47341311772793">
        <ele>38.366497257724404</ele>
        <time>2026-08-24T22:24:10.900000Z</time>
        <extensions>
          <gpxtpx:TrackPointExtension>
            <gpxtpx:hr>166</gpxtpx:hr>
          </gpxtpx:TrackPointExtension>
        </extensions>
      </trkpt>
      <trkpt lat="39.99358676048057" lon="116.47343875359482">
        <ele>38.3283556625247</ele>
        <time>2026-08-24T22:24:11.900000Z</time>
        <extensions>
          <gpxtpx:TrackPointExtension>
            <gpxtpx:hr>166</gpxtpx:hr>
          </gpxtpx:TrackPointExtension>
        </extensions>
      </trkpt>
      <trkpt lat="39.99357122694146" lon="116.4734640312558">
        <ele>38.28922079410404</ele>
        <time>2026-08-24T22:24:12.900000Z</time>
        <extensions>
          <gpxtpx:TrackPointExtension>
            <gpxtpx:hr>166</gpxtpx:hr>
          </gpxtpx:TrackPointExtension>
        </extensions>
      </trkpt>
      <trkpt lat="39.99355589705732" lon="116.47348922183316">
        <ele>38.249707939103246</ele>
        <time>2026-08-24T22:24:13.900000Z</time>
        <extensions>
          <gpxtpx:TrackPointExtension>
            <gpxtpx:hr>166</gpxtpx:hr>
          </gpxtpx:TrackPointExtension>
        </extensions>
      </trkpt>
      <trkpt lat="39.993540475592695" lon="116.47351444049905">
        <ele>38.210132393054664</ele>
        <time>2026-08-24T22:24:14.900000Z</time>
        <extensions>
          <gpxtpx:TrackPointExtension>
            <gpxtpx:hr>166</gpxtpx:hr>
          </gpxtpx:TrackPointExtension>
        </extensions>
      </trkpt>
      <trkpt lat="39.9935248157297" lon="116.47353968584305">
        <ele>38.17035898566246</ele>
        <time>2026-08-24T22:24:15.900000Z</time>
        <extensions>
          <gpxtpx:TrackPointExtension>
            <gpxtpx:hr>166</gpxtpx:hr>
          </gpxtpx:TrackPointExtension>
        </extensions>
      </trkpt>
      <trkpt lat="39.99350881947365" lon="116.47356483845039">
        <ele>38.129952512681484</ele>
        <time>2026-08-24T22:24:16.900000Z</time>
        <extensions>
          <gpxtpx:TrackPointExtension>
            <gpxtpx:hr>166</gpxtpx:hr>
          </gpxtpx:TrackPointExtension>
        </extensions>
      </trkpt>
      <trkpt lat="39.993492521896776" lon="116.47358994122999">
        <ele>38.08861661888659</ele>
        <time>2026-08-24T22:24:17.900000Z</time>
        <extensions>
          <gpxtpx:TrackPointExtension>
            <gpxtpx:hr>166</gpxtpx:hr>
          </gpxtpx:TrackPointExtension>
        </extensions>
      </trkpt>
      <trkpt lat="39.993476118778894" lon="116.47361512309742">
        <ele>38.04663181863725</ele>
        <time>2026-08-24T22:24:18.800000Z</time>
        <extensions>
          <gpxtpx:TrackPointExtension>
            <gpxtpx:hr>166</gpxtpx:hr>
          </gpxtpx:TrackPointExtension>
        </extensions>
      </trkpt>
      <trkpt lat="39.9934596551198" lon="116.47364048399957">
        <ele>38.0048854527995</ele>
        <time>2026-08-24T22:24:19.800000Z</time>
        <extensions>
          <gpxtpx:TrackPointExtension>
            <gpxtpx:hr>166</gpxtpx:hr>
          </gpxtpx:TrackPointExtension>
        </extensions>
      </trkpt>
      <trkpt lat="39.99344317202416" lon="116.47366623996118">
        <ele>37.96452843025327</ele>
        <time>2026-08-24T22:24:20.800000Z</time>
        <extensions>
          <gpxtpx:TrackPointExtension>
            <gpxtpx:hr>166</gpxtpx:hr>
          </gpxtpx:TrackPointExtension>
        </extensions>
      </trkpt>
      <trkpt lat="39.99342676792733" lon="116.47369228609281">
        <ele>37.92645193543285</ele>
        <time>2026-08-24T22:24:21.800000Z</time>
        <extensions>
          <gpxtpx:TrackPointExtension>
            <gpxtpx:hr>166</gpxtpx:hr>
          </gpxtpx:TrackPointExtension>
        </extensions>
      </trkpt>
      <trkpt lat="39.99341061909976" lon="116.47371830887263">
        <ele>37.891029241494834</ele>
        <time>2026-08-24T22:24:22.800000Z</time>
        <extensions>
          <gpxtpx:TrackPointExtension>
            <gpxtpx:hr>166</gpxtpx:hr>
          </gpxtpx:TrackPointExtension>
        </extensions>
      </trkpt>
      <trkpt lat="39.993394660569685" lon="116.47374402835668">
        <ele>37.85846781544387</ele>
        <time>2026-08-24T22:24:23.800000Z</time>
        <extensions>
          <gpxtpx:TrackPointExtension>
            <gpxtpx:hr>167</gpxtpx:hr>
          </gpxtpx:TrackPointExtension>
        </extensions>
      </trkpt>
      <trkpt lat="39.99337884108714" lon="116.47376927895418">
        <ele>37.82941974978894</ele>
        <time>2026-08-24T22:24:24.800000Z</time>
        <extensions>
          <gpxtpx:TrackPointExtension>
            <gpxtpx:hr>167</gpxtpx:hr>
          </gpxtpx:TrackPointExtension>
        </extensions>
      </trkpt>
      <trkpt lat="39.99336324397499" lon="116.47379396973076">
        <ele>37.804828451015055</ele>
        <time>2026-08-24T22:24:25.800000Z</time>
        <extensions>
          <gpxtpx:TrackPointExtension>
            <gpxtpx:hr>167</gpxtpx:hr>
          </gpxtpx:TrackPointExtension>
        </extensions>
      </trkpt>
      <trkpt lat="39.993347678600806" lon="116.47381782996725">
        <ele>37.78532873559743</ele>
        <time>2026-08-24T22:24:26.800000Z</time>
        <extensions>
          <gpxtpx:TrackPointExtension>
            <gpxtpx:hr>167</gpxtpx:hr>
          </gpxtpx:TrackPointExtension>
        </extensions>
      </trkpt>
      <trkpt lat="39.99333196248723" lon="116.47384100280404">
        <ele>37.771111314184964</ele>
        <time>2026-08-24T22:24:27.800000Z</time>
        <extensions>
          <gpxtpx:TrackPointExtension>
            <gpxtpx:hr>167</gpxtpx:hr>
          </gpxtpx:TrackPointExtension>
        </extensions>
      </trkpt>
      <trkpt lat="39.99331620696188" lon="116.47386415533454">
        <ele>37.761489235796034</ele>
        <time>2026-08-24T22:24:28.800000Z</time>
        <extensions>
          <gpxtpx:TrackPointExtension>
            <gpxtpx:hr>168</gpxtpx:hr>
          </gpxtpx:TrackPointExtension>
        </extensions>
      </trkpt>
      <trkpt lat="39.99330067272354" lon="116.47388790544524">
        <ele>37.75472826510668</ele>
        <time>2026-08-24T22:24:29.800000Z</time>
        <extensions>
          <gpxtpx:TrackPointExtension>
            <gpxtpx:hr>168</gpxtpx:hr>
          </gpxtpx:TrackPointExtension>
        </extensions>
      </trkpt>
      <trkpt lat="39.99328568395523" lon="116.47391254858454">
        <ele>37.748658374883235</ele>
        <time>2026-08-24T22:24:30.800000Z</time>
        <extensions>
          <gpxtpx:TrackPointExtension>
            <gpxtpx:hr>168</gpxtpx:hr>
          </gpxtpx:TrackPointExtension>
        </extensions>
      </trkpt>
      <trkpt lat="39.993271116524404" lon="116.47393786367199">
        <ele>37.74134468752891</ele>
        <time>2026-08-24T22:24:31.800000Z</time>
        <extensions>
          <gpxtpx:TrackPointExtension>
            <gpxtpx:hr>168</gpxtpx:hr>
          </gpxtpx:TrackPointExtension>
        </extensions>
      </trkpt>
      <trkpt lat="39.993256412990824" lon="116.47396316276826">
        <ele>37.73167158477008</ele>
        <time>2026-08-24T22:24:32.800000Z</time>
        <extensions>
          <gpxtpx:TrackPointExtension>
            <gpxtpx:hr>168</gpxtpx:hr>
          </gpxtpx:TrackPointExtension>
        </extensions>
      </trkpt>
      <trkpt lat="39.9932412358998" lon="116.47398801269925">
        <ele>37.719624461606145</ele>
        <time>2026-08-24T22:24:33.800000Z</time>
        <extensions>
          <gpxtpx:TrackPointExtension>
            <gpxtpx:hr>167</gpxtpx:hr>
          </gpxtpx:TrackPointExtension>
        </extensions>
      </trkpt>
      <trkpt lat="39.993225537434945" lon="116.47401254870586">
        <ele>37.705912687815726</ele>
        <time>2026-08-24T22:24:34.800000Z</time>
        <extensions>
          <gpxtpx:TrackPointExtension>
            <gpxtpx:hr>167</gpxtpx:hr>
          </gpxtpx:TrackPointExtension>
        </extensions>
      </trkpt>
      <trkpt lat="39.99320944925286" lon="116.47403715419603">
        <ele>37.69109071046114</ele>
        <time>2026-08-24T22:24:35.800000Z</time>
        <extensions>
          <gpxtpx:TrackPointExtension>
            <gpxtpx:hr>167</gpxtpx:hr>
          </gpxtpx:TrackPointExtension>
        </extensions>
      </trkpt>
      <trkpt lat="39.99319317664881" lon="116.47406207985242">
        <ele>37.675321717746556</ele>
        <time>2026-08-24T22:24:36.800000Z</time>
        <extensions>
          <gpxtpx:TrackPointExtension>
            <gpxtpx:hr>167</gpxtpx:hr>
          </gpxtpx:TrackPointExtension>
        </extensions>
      </trkpt>
      <trkpt lat="39.99317686538083" lon="116.47408740064834">
        <ele>37.65880792867392</ele>
        <time>2026-08-24T22:24:37.800000Z</time>
        <extensions>
          <gpxtpx:TrackPointExtension>
            <gpxtpx:hr>167</gpxtpx:hr>
          </gpxtpx:TrackPointExtension>
        </extensions>
      </trkpt>
      <trkpt lat="39.99316051742671" lon="116.47411297933527">
        <ele>37.64206009171903</ele>
        <time>2026-08-24T22:24:38.800000Z</time>
        <extensions>
          <gpxtpx:TrackPointExtension>
            <gpxtpx:hr>167</gpxtpx:hr>
          </gpxtpx:TrackPointExtension>
        </extensions>
      </trkpt>
      <trkpt lat="39.9931442672128" lon="116.47413831121959">
        <ele>37.625943848863244</ele>
        <time>2026-08-24T22:24:39.800000Z</time>
        <extensions>
          <gpxtpx:TrackPointExtension>
            <gpxtpx:hr>167</gpxtpx:hr>
          </gpxtpx:TrackPointExtension>
        </extensions>
      </trkpt>
      <trkpt lat="39.99312811873323" lon="116.47416317019253">
        <ele>37.61120999325067</ele>
        <time>2026-08-24T22:24:40.800000Z</time>
        <extensions>
          <gpxtpx:TrackPointExtension>
            <gpxtpx:hr>167</gpxtpx:hr>
          </gpxtpx:TrackPointExtension>
        </extensions>
      </trkpt>
      <trkpt lat="39.99311200839061" lon="116.47418790993643">
        <ele>37.59803734533489</ele>
        <time>2026-08-24T22:24:41.800000Z</time>
        <extensions>
          <gpxtpx:TrackPointExtension>
            <gpxtpx:hr>167</gpxtpx:hr>
          </gpxtpx:TrackPointExtension>
        </extensions>
      </trkpt>
      <trkpt lat="39.99309609705432" lon="116.47421283592077">
        <ele>37.58609153609723</ele>
        <time>2026-08-24T22:24:42.800000Z</time>
        <extensions>
          <gpxtpx:TrackPointExtension>
            <gpxtpx:hr>167</gpxtpx:hr>
          </gpxtpx:TrackPointExtension>
        </extensions>
      </trkpt>
      <trkpt lat="39.99308068754189" lon="116.4742379196521">
        <ele>37.57468830421567</ele>
        <time>2026-08-24T22:24:43.800000Z</time>
        <extensions>
          <gpxtpx:TrackPointExtension>
            <gpxtpx:hr>167</gpxtpx:hr>
          </gpxtpx:TrackPointExtension>
        </extensions>
      </trkpt>
      <trkpt lat="39.99306589739505" lon="116.47426307826964">
        <ele>37.56319095287472</ele>
        <time>2026-08-24T22:24:44.800000Z</time>
        <extensions>
          <gpxtpx:TrackPointExtension>
            <gpxtpx:hr>167</gpxtpx:hr>
          </gpxtpx:TrackPointExtension>
        </extensions>
      </trkpt>
      <trkpt lat="39.99305152395673" lon="116.47428816369312">
        <ele>37.55130904261023</ele>
        <time>2026-08-24T22:24:45.800000Z</time>
        <extensions>
          <gpxtpx:TrackPointExtension>
            <gpxtpx:hr>167</gpxtpx:hr>
          </gpxtpx:TrackPointExtension>
        </extensions>
      </trkpt>
      <trkpt lat="39.9930372359038" lon="116.4743127695919">
        <ele>37.53936286177486</ele>
        <time>2026-08-24T22:24:46.800000Z</time>
        <extensions>
          <gpxtpx:TrackPointExtension>
            <gpxtpx:hr>167</gpxtpx:hr>
          </gpxtpx:TrackPointExtension>
        </extensions>
      </trkpt>
      <trkpt lat="39.993023035360174" lon="116.47433673271571">
        <ele>37.52846820652485</ele>
        <time>2026-08-24T22:24:47.800000Z</time>
        <extensions>
          <gpxtpx:TrackPointExtension>
            <gpxtpx:hr>167</gpxtpx:hr>
          </gpxtpx:TrackPointExtension>
        </extensions>
      </trkpt>
      <trkpt lat="39.99300954845206" lon="116.4743602265028">
        <ele>37.52021730784327</ele>
        <time>2026-08-24T22:24:48.800000Z</time>
        <extensions>
          <gpxtpx:TrackPointExtension>
            <gpxtpx:hr>167</gpxtpx:hr>
          </gpxtpx:TrackPointExtension>
        </extensions>
      </trkpt>
      <trkpt lat="39.992997700940386" lon="116.47438322158337">
        <ele>37.51620391756296</ele>
        <time>2026-08-24T22:24:49.800000Z</time>
        <extensions>
          <gpxtpx:TrackPointExtension>
            <gpxtpx:hr>167</gpxtpx:hr>
          </gpxtpx:TrackPointExtension>
        </extensions>
      </trkpt>
      <trkpt lat="39.99298799987018" lon="116.47440535740704">
        <ele>37.51767411455512</ele>
        <time>2026-08-24T22:24:50.800000Z</time>
        <extensions>
          <gpxtpx:TrackPointExtension>
            <gpxtpx:hr>167</gpxtpx:hr>
          </gpxtpx:TrackPointExtension>
        </extensions>
      </trkpt>
      <trkpt lat="39.99297978365044" lon="116.47442578552">
        <ele>37.52541935071349</ele>
        <time>2026-08-24T22:24:51.800000Z</time>
        <extensions>
          <gpxtpx:TrackPointExtension>
            <gpxtpx:hr>167</gpxtpx:hr>
          </gpxtpx:TrackPointExtension>
        </extensions>
      </trkpt>
      <trkpt lat="39.9929722208381" lon="116.47444381641806">
        <ele>37.54026236664504</ele>
        <time>2026-08-24T22:24:52.800000Z</time>
        <extensions>
          <gpxtpx:TrackPointExtension>
            <gpxtpx:hr>167</gpxtpx:hr>
          </gpxtpx:TrackPointExtension>
        </extensions>
      </trkpt>
      <trkpt lat="39.99296490645274" lon="116.47445933444695">
        <ele>37.5634634969756</ele>
        <time>2026-08-24T22:24:53.800000Z</time>
        <extensions>
          <gpxtpx:TrackPointExtension>
            <gpxtpx:hr>167</gpxtpx:hr>
          </gpxtpx:TrackPointExtension>
        </extensions>
      </trkpt>
      <trkpt lat="39.99295747751362" lon="116.47447191550253">
        <ele>37.59600078035146</ele>
        <time>2026-08-24T22:24:54.800000Z</time>
        <extensions>
          <gpxtpx:TrackPointExtension>
            <gpxtpx:hr>168</gpxtpx:hr>
          </gpxtpx:TrackPointExtension>
        </extensions>
      </trkpt>
      <trkpt lat="39.99295002375638" lon="116.47448121766367">
        <ele>37.63783064670861</ele>
        <time>2026-08-24T22:24:55.800000Z</time>
        <extensions>
          <gpxtpx:TrackPointExtension>
            <gpxtpx:hr>168</gpxtpx:hr>
          </gpxtpx:TrackPointExtension>
        </extensions>
      </trkpt>
      <trkpt lat="39.99294282187388" lon="116.47448815699862">
        <ele>37.68850334919989</ele>
        <time>2026-08-24T22:24:56.800000Z</time>
        <extensions>
          <gpxtpx:TrackPointExtension>
            <gpxtpx:hr>168</gpxtpx:hr>
          </gpxtpx:TrackPointExtension>
        </extensions>
      </trkpt>
      <trkpt lat="39.9929361998347" lon="116.47449423037692">
        <ele>37.74763946514577</ele>
        <time>2026-08-24T22:24:57.800000Z</time>
        <extensions>
          <gpxtpx:TrackPointExtension>
            <gpxtpx:hr>168</gpxtpx:hr>
          </gpxtpx:TrackPointExtension>
        </extensions>
      </trkpt>
      <trkpt lat="39.99293025984113" lon="116.47450011181259">
        <ele>37.81432416010648</ele>
        <time>2026-08-24T22:24:58.800000Z</time>
        <extensions>
          <gpxtpx:TrackPointExtension>
            <gpxtpx:hr>168</gpxtpx:hr>
          </gpxtpx:TrackPointExtension>
        </extensions>
      </trkpt>
      <trkpt lat="39.99292441479189" lon="116.47450630036765">
        <ele>37.886829945258796</ele>
        <time>2026-08-24T22:24:59.800000Z</time>
        <extensions>
          <gpxtpx:TrackPointExtension>
            <gpxtpx:hr>166</gpxtpx:hr>
          </gpxtpx:TrackPointExtension>
        </extensions>
      </trkpt>
      <trkpt lat="39.99291825785384" lon="116.47451334484055">
        <ele>37.96257675252855</ele>
        <time>2026-08-24T22:25:00.800000Z</time>
        <extensions>
          <gpxtpx:TrackPointExtension>
            <gpxtpx:hr>166</gpxtpx:hr>
          </gpxtpx:TrackPointExtension>
        </extensions>
      </trkpt>
      <trkpt lat="39.992912079518334" lon="116.47452143000844">
        <ele>38.03796807769686</ele>
        <time>2026-08-24T22:25:01.800000Z</time>
        <extensions>
          <gpxtpx:TrackPointExtension>
            <gpxtpx:hr>166</gpxtpx:hr>
          </gpxtpx:TrackPointExtension>
        </extensions>
      </trkpt>
      <trkpt lat="39.99290876549179" lon="116.47452617720897">
        <ele>38.07787917833775</ele>
        <time>2026-08-24T22:25:02.300000Z</time>
        <extensions>
          <gpxtpx:TrackPointExtension>
            <gpxtpx:hr>166</gpxtpx:hr>
          </gpxtpx:TrackPointExtension>
        </extensions>
      </trkpt>
      <trkpt lat="39.99290232368866" lon="116.47453516596786">
        <ele>38.14609374944121</ele>
        <time>2026-08-24T22:25:03.300000Z</time>
        <extensions>
          <gpxtpx:TrackPointExtension>
            <gpxtpx:hr>166</gpxtpx:hr>
          </gpxtpx:TrackPointExtension>
        </extensions>
      </trkpt>
      <trkpt lat="39.992894909028266" lon="116.4745449799973">
        <ele>38.204867174848914</ele>
        <time>2026-08-24T22:25:04.300000Z</time>
        <extensions>
          <gpxtpx:TrackPointExtension>
            <gpxtpx:hr>162</gpxtpx:hr>
          </gpxtpx:TrackPointExtension>
        </extensions>
      </trkpt>
      <trkpt lat="39.99288591662503" lon="116.47455651549726">
        <ele>38.25201996229589</ele>
        <time>2026-08-24T22:25:05.300000Z</time>
        <extensions>
          <gpxtpx:TrackPointExtension>
            <gpxtpx:hr>162</gpxtpx:hr>
          </gpxtpx:TrackPointExtension>
        </extensions>
      </trkpt>
      <trkpt lat="39.99287474070942" lon="116.47457088868238">
        <ele>38.28589368797839</ele>
        <time>2026-08-24T22:25:06.300000Z</time>
        <extensions>
          <gpxtpx:TrackPointExtension>
            <gpxtpx:hr>162</gpxtpx:hr>
          </gpxtpx:TrackPointExtension>
        </extensions>
      </trkpt>
      <trkpt lat="39.992860832682034" lon="116.47458906863208">
        <ele>38.30472212377936</ele>
        <time>2026-08-24T22:25:07.300000Z</time>
        <extensions>
          <gpxtpx:TrackPointExtension>
            <gpxtpx:hr>162</gpxtpx:hr>
          </gpxtpx:TrackPointExtension>
        </extensions>
      </trkpt>
      <trkpt lat="39.99284434305542" lon="116.47461094704877">
        <ele>38.30638785660267</ele>
        <time>2026-08-24T22:25:08.300000Z</time>
        <extensions>
          <gpxtpx:TrackPointExtension>
            <gpxtpx:hr>159</gpxtpx:hr>
          </gpxtpx:TrackPointExtension>
        </extensions>
      </trkpt>
      <trkpt lat="39.99282620717256" lon="116.4746351604503">
        <ele>38.28856345731765</ele>
        <time>2026-08-24T22:25:09.300000Z</time>
        <extensions>
          <gpxtpx:TrackPointExtension>
            <gpxtpx:hr>159</gpxtpx:hr>
          </gpxtpx:TrackPointExtension>
        </extensions>
      </trkpt>
      <trkpt lat="39.99280743792748" lon="116.47466037705071">
        <ele>38.24931230675429</ele>
        <time>2026-08-24T22:25:10.300000Z</time>
        <extensions>
          <gpxtpx:TrackPointExtension>
            <gpxtpx:hr>159</gpxtpx:hr>
          </gpxtpx:TrackPointExtension>
        </extensions>
      </trkpt>
      <trkpt lat="39.99278867526634" lon="116.47468601485984">
        <ele>38.18826861679554</ele>
        <time>2026-08-24T22:25:11.300000Z</time>
        <extensions>
          <gpxtpx:TrackPointExtension>
            <gpxtpx:hr>159</gpxtpx:hr>
          </gpxtpx:TrackPointExtension>
        </extensions>
      </trkpt>
      <trkpt lat="39.99276221430328" lon="116.47472312211399">
        <ele>38.065933170728385</ele>
        <time>2026-08-24T22:25:12.800000Z</time>
        <extensions>
          <gpxtpx:TrackPointExtension>
            <gpxtpx:hr>158</gpxtpx:hr>
          </gpxtpx:TrackPointExtension>
        </extensions>
      </trkpt>
      <trkpt lat="39.992744164672736" lon="116.47474911319084">
        <ele>37.96473698038608</ele>
        <time>2026-08-24T22:25:13.700000Z</time>
        <extensions>
          <gpxtpx:TrackPointExtension>
            <gpxtpx:hr>158</gpxtpx:hr>
          </gpxtpx:TrackPointExtension>
        </extensions>
      </trkpt>
      <trkpt lat="39.99272632402886" lon="116.4747748910928">
        <ele>37.86091489996761</ele>
        <time>2026-08-24T22:25:14.700000Z</time>
        <extensions>
          <gpxtpx:TrackPointExtension>
            <gpxtpx:hr>158</gpxtpx:hr>
          </gpxtpx:TrackPointExtension>
        </extensions>
      </trkpt>
      <trkpt lat="39.992708547620204" lon="116.47480015989173">
        <ele>37.757681315764785</ele>
        <time>2026-08-24T22:25:15.700000Z</time>
        <extensions>
          <gpxtpx:TrackPointExtension>
            <gpxtpx:hr>158</gpxtpx:hr>
          </gpxtpx:TrackPointExtension>
        </extensions>
      </trkpt>
      <trkpt lat="39.992691034322064" lon="116.47482490571694">
        <ele>37.65692454949021</ele>
        <time>2026-08-24T22:25:16.700000Z</time>
        <extensions>
          <gpxtpx:TrackPointExtension>
            <gpxtpx:hr>158</gpxtpx:hr>
          </gpxtpx:TrackPointExtension>
        </extensions>
      </trkpt>
      <trkpt lat="39.992674138275824" lon="116.4748493437235">
        <ele>37.559432446956635</ele>
        <time>2026-08-24T22:25:17.700000Z</time>
        <extensions>
          <gpxtpx:TrackPointExtension>
            <gpxtpx:hr>158</gpxtpx:hr>
          </gpxtpx:TrackPointExtension>
        </extensions>
      </trkpt>
      <trkpt lat="39.992657731734916" lon="116.47487360763715">
        <ele>37.46502580028027</ele>
        <time>2026-08-24T22:25:18.700000Z</time>
        <extensions>
          <gpxtpx:TrackPointExtension>
            <gpxtpx:hr>160</gpxtpx:hr>
          </gpxtpx:TrackPointExtension>
        </extensions>
      </trkpt>
      <trkpt lat="39.99264132588626" lon="116.47489774370982">
        <ele>37.37319158297032</ele>
        <time>2026-08-24T22:25:19.700000Z</time>
        <extensions>
          <gpxtpx:TrackPointExtension>
            <gpxtpx:hr>160</gpxtpx:hr>
          </gpxtpx:TrackPointExtension>
        </extensions>
      </trkpt>
      <trkpt lat="39.99262501774462" lon="116.47492181211683">
        <ele>37.28374616988003</ele>
        <time>2026-08-24T22:25:20.700000Z</time>
        <extensions>
          <gpxtpx:TrackPointExtension>
            <gpxtpx:hr>160</gpxtpx:hr>
          </gpxtpx:TrackPointExtension>
        </extensions>
      </trkpt>
      <trkpt lat="39.992609343270416" lon="116.47494580772883">
        <ele>37.19713261909783</ele>
        <time>2026-08-24T22:25:21.700000Z</time>
        <extensions>
          <gpxtpx:TrackPointExtension>
            <gpxtpx:hr>160</gpxtpx:hr>
          </gpxtpx:TrackPointExtension>
        </extensions>
      </trkpt>
      <trkpt lat="39.992594736509155" lon="116.47496951344843">
        <ele>37.11436712369323</ele>
        <time>2026-08-24T22:25:22.700000Z</time>
        <extensions>
          <gpxtpx:TrackPointExtension>
            <gpxtpx:hr>160</gpxtpx:hr>
          </gpxtpx:TrackPointExtension>
        </extensions>
      </trkpt>
      <trkpt lat="39.99258130041462" lon="116.47499300579976">
        <ele>37.03636670857668</ele>
        <time>2026-08-24T22:25:23.700000Z</time>
        <extensions>
          <gpxtpx:TrackPointExtension>
            <gpxtpx:hr>160</gpxtpx:hr>
          </gpxtpx:TrackPointExtension>
        </extensions>
      </trkpt>
      <trkpt lat="39.992568640909525" lon="116.47501658308398">
        <ele>36.96366229746491</ele>
        <time>2026-08-24T22:25:24.700000Z</time>
        <extensions>
          <gpxtpx:TrackPointExtension>
            <gpxtpx:hr>160</gpxtpx:hr>
          </gpxtpx:TrackPointExtension>
        </extensions>
      </trkpt>
      <trkpt lat="39.9925563504948" lon="116.4750402340098">
        <ele>36.896847140043974</ele>
        <time>2026-08-24T22:25:25.700000Z</time>
        <extensions>
          <gpxtpx:TrackPointExtension>
            <gpxtpx:hr>160</gpxtpx:hr>
          </gpxtpx:TrackPointExtension>
        </extensions>
      </trkpt>
      <trkpt lat="39.99254441993566" lon="116.47506363786982">
        <ele>36.83702663332224</ele>
        <time>2026-08-24T22:25:26.700000Z</time>
        <extensions>
          <gpxtpx:TrackPointExtension>
            <gpxtpx:hr>160</gpxtpx:hr>
          </gpxtpx:TrackPointExtension>
        </extensions>
      </trkpt>
      <trkpt lat="39.992532629843545" lon="116.47508697151372">
        <ele>36.78552465606481</ele>
        <time>2026-08-24T22:25:27.700000Z</time>
        <extensions>
          <gpxtpx:TrackPointExtension>
            <gpxtpx:hr>160</gpxtpx:hr>
          </gpxtpx:TrackPointExtension>
        </extensions>
      </trkpt>
      <trkpt lat="39.99252058203309" lon="116.47511090580338">
        <ele>36.74363358691335</ele>
        <time>2026-08-24T22:25:28.700000Z</time>
        <extensions>
          <gpxtpx:TrackPointExtension>
            <gpxtpx:hr>161</gpxtpx:hr>
          </gpxtpx:TrackPointExtension>
        </extensions>
      </trkpt>
      <trkpt lat="39.99250789593834" lon="116.4751360691812">
        <ele>36.71277784649283</ele>
        <time>2026-08-24T22:25:29.700000Z</time>
        <extensions>
          <gpxtpx:TrackPointExtension>
            <gpxtpx:hr>161</gpxtpx:hr>
          </gpxtpx:TrackPointExtension>
        </extensions>
      </trkpt>
      <trkpt lat="39.99249431144235" lon="116.47516275581685">
        <ele>36.69406237080693</ele>
        <time>2026-08-24T22:25:30.700000Z</time>
        <extensions>
          <gpxtpx:TrackPointExtension>
            <gpxtpx:hr>161</gpxtpx:hr>
          </gpxtpx:TrackPointExtension>
        </extensions>
      </trkpt>
      <trkpt lat="39.99247999175686" lon="116.47519054659105">
        <ele>36.68782219104469</ele>
        <time>2026-08-24T22:25:31.700000Z</time>
        <extensions>
          <gpxtpx:TrackPointExtension>
            <gpxtpx:hr>161</gpxtpx:hr>
          </gpxtpx:TrackPointExtension>
        </extensions>
      </trkpt>
      <trkpt lat="39.992465241770674" lon="116.47521853285487">
        <ele>36.69345483928919</ele>
        <time>2026-08-24T22:25:32.700000Z</time>
        <extensions>
          <gpxtpx:TrackPointExtension>
            <gpxtpx:hr>162</gpxtpx:hr>
          </gpxtpx:TrackPointExtension>
        </extensions>
      </trkpt>
      <trkpt lat="39.992450360531606" lon="116.47524598825026">
        <ele>36.709608959034085</ele>
        <time>2026-08-24T22:25:33.700000Z</time>
        <extensions>
          <gpxtpx:TrackPointExtension>
            <gpxtpx:hr>162</gpxtpx:hr>
          </gpxtpx:TrackPointExtension>
        </extensions>
      </trkpt>
      <trkpt lat="39.99243549593233" lon="116.47527289058317">
        <ele>36.734745745547116</ele>
        <time>2026-08-24T22:25:34.700000Z</time>
        <extensions>
          <gpxtpx:TrackPointExtension>
            <gpxtpx:hr>162</gpxtpx:hr>
          </gpxtpx:TrackPointExtension>
        </extensions>
      </trkpt>
      <trkpt lat="39.99242057729582" lon="116.47529934038035">
        <ele>36.7672819243744</ele>
        <time>2026-08-24T22:25:35.700000Z</time>
        <extensions>
          <gpxtpx:TrackPointExtension>
            <gpxtpx:hr>162</gpxtpx:hr>
          </gpxtpx:TrackPointExtension>
        </extensions>
      </trkpt>
      <trkpt lat="39.992405615944826" lon="116.4753253863191">
        <ele>36.80499115586281</ele>
        <time>2026-08-24T22:25:36.700000Z</time>
        <extensions>
          <gpxtpx:TrackPointExtension>
            <gpxtpx:hr>162</gpxtpx:hr>
          </gpxtpx:TrackPointExtension>
        </extensions>
      </trkpt>
      <trkpt lat="39.99239066980389" lon="116.47535102180936">
        <ele>36.84473292622715</ele>
        <time>2026-08-24T22:25:37.700000Z</time>
        <extensions>
          <gpxtpx:TrackPointExtension>
            <gpxtpx:hr>162</gpxtpx:hr>
          </gpxtpx:TrackPointExtension>
        </extensions>
      </trkpt>
      <trkpt lat="39.992375702075265" lon="116.47537620248706">
        <ele>36.88335595000535</ele>
        <time>2026-08-24T22:25:38.700000Z</time>
        <extensions>
          <gpxtpx:TrackPointExtension>
            <gpxtpx:hr>162</gpxtpx:hr>
          </gpxtpx:TrackPointExtension>
        </extensions>
      </trkpt>
      <trkpt lat="39.99236058531095" lon="116.47540084713918">
        <ele>36.918538788333535</ele>
        <time>2026-08-24T22:25:39.700000Z</time>
        <extensions>
          <gpxtpx:TrackPointExtension>
            <gpxtpx:hr>162</gpxtpx:hr>
          </gpxtpx:TrackPointExtension>
        </extensions>
      </trkpt>
      <trkpt lat="39.99234522101221" lon="116.47542454569445">
        <ele>36.94931782409549</ele>
        <time>2026-08-24T22:25:40.700000Z</time>
        <extensions>
          <gpxtpx:TrackPointExtension>
            <gpxtpx:hr>162</gpxtpx:hr>
          </gpxtpx:TrackPointExtension>
        </extensions>
      </trkpt>
      <trkpt lat="39.99232950084653" lon="116.47544702828004">
        <ele>36.975909773260355</ele>
        <time>2026-08-24T22:25:41.700000Z</time>
        <extensions>
          <gpxtpx:TrackPointExtension>
            <gpxtpx:hr>162</gpxtpx:hr>
          </gpxtpx:TrackPointExtension>
        </extensions>
      </trkpt>
      <trkpt lat="39.99231313883817" lon="116.47546825967174">
        <ele>36.99899123515934</ele>
        <time>2026-08-24T22:25:42.700000Z</time>
        <extensions>
          <gpxtpx:TrackPointExtension>
            <gpxtpx:hr>163</gpxtpx:hr>
          </gpxtpx:TrackPointExtension>
        </extensions>
      </trkpt>
      <trkpt lat="39.99229599879743" lon="116.4754882863519">
        <ele>37.01952336821705</ele>
        <time>2026-08-24T22:25:43.700000Z</time>
        <extensions>
          <gpxtpx:TrackPointExtension>
            <gpxtpx:hr>163</gpxtpx:hr>
          </gpxtpx:TrackPointExtension>
        </extensions>
      </trkpt>
      <trkpt lat="39.99227916531234" lon="116.47550833187881">
        <ele>37.03932495135814</ele>
        <time>2026-08-24T22:25:44.700000Z</time>
        <extensions>
          <gpxtpx:TrackPointExtension>
            <gpxtpx:hr>163</gpxtpx:hr>
          </gpxtpx:TrackPointExtension>
        </extensions>
      </trkpt>
      <trkpt lat="39.992263292022294" lon="116.4755292972339">
        <ele>37.06051697488874</ele>
        <time>2026-08-24T22:25:45.700000Z</time>
        <extensions>
          <gpxtpx:TrackPointExtension>
            <gpxtpx:hr>163</gpxtpx:hr>
          </gpxtpx:TrackPointExtension>
        </extensions>
      </trkpt>
      <trkpt lat="39.99224773887643" lon="116.47555113894465">
        <ele>37.08455551229417</ele>
        <time>2026-08-24T22:25:46.700000Z</time>
        <extensions>
          <gpxtpx:TrackPointExtension>
            <gpxtpx:hr>163</gpxtpx:hr>
          </gpxtpx:TrackPointExtension>
        </extensions>
      </trkpt>
      <trkpt lat="39.99223201778401" lon="116.47557408263533">
        <ele>37.11257241200656</ele>
        <time>2026-08-24T22:25:47.700000Z</time>
        <extensions>
          <gpxtpx:TrackPointExtension>
            <gpxtpx:hr>163</gpxtpx:hr>
          </gpxtpx:TrackPointExtension>
        </extensions>
      </trkpt>
      <trkpt lat="39.992215956396194" lon="116.47559830568501">
        <ele>37.14525993540883</ele>
        <time>2026-08-24T22:25:48.700000Z</time>
        <extensions>
          <gpxtpx:TrackPointExtension>
            <gpxtpx:hr>165</gpxtpx:hr>
          </gpxtpx:TrackPointExtension>
        </extensions>
      </trkpt>
      <trkpt lat="39.99219958698914" lon="116.47562350351717">
        <ele>37.18307026196271</ele>
        <time>2026-08-24T22:25:49.700000Z</time>
        <extensions>
          <gpxtpx:TrackPointExtension>
            <gpxtpx:hr>165</gpxtpx:hr>
          </gpxtpx:TrackPointExtension>
        </extensions>
      </trkpt>
      <trkpt lat="39.99218285900774" lon="116.47564902699061">
        <ele>37.2265614066273</ele>
        <time>2026-08-24T22:25:50.700000Z</time>
        <extensions>
          <gpxtpx:TrackPointExtension>
            <gpxtpx:hr>165</gpxtpx:hr>
          </gpxtpx:TrackPointExtension>
        </extensions>
      </trkpt>
      <trkpt lat="39.992165793496234" lon="116.47567464444579">
        <ele>37.27590350434184</ele>
        <time>2026-08-24T22:25:51.700000Z</time>
        <extensions>
          <gpxtpx:TrackPointExtension>
            <gpxtpx:hr>165</gpxtpx:hr>
          </gpxtpx:TrackPointExtension>
        </extensions>
      </trkpt>
      <trkpt lat="39.99214853946828" lon="116.47570058377113">
        <ele>37.33048968669027</ele>
        <time>2026-08-24T22:25:52.700000Z</time>
        <extensions>
          <gpxtpx:TrackPointExtension>
            <gpxtpx:hr>165</gpxtpx:hr>
          </gpxtpx:TrackPointExtension>
        </extensions>
      </trkpt>
      <trkpt lat="39.992131286863014" lon="116.4757270083864">
        <ele>37.3892359379679</ele>
        <time>2026-08-24T22:25:53.700000Z</time>
        <extensions>
          <gpxtpx:TrackPointExtension>
            <gpxtpx:hr>165</gpxtpx:hr>
          </gpxtpx:TrackPointExtension>
        </extensions>
      </trkpt>
      <trkpt lat="39.99211410589126" lon="116.47575400660847">
        <ele>37.45115518383682</ele>
        <time>2026-08-24T22:25:54.700000Z</time>
        <extensions>
          <gpxtpx:TrackPointExtension>
            <gpxtpx:hr>166</gpxtpx:hr>
          </gpxtpx:TrackPointExtension>
        </extensions>
      </trkpt>
      <trkpt lat="39.99209696232413" lon="116.47578171439001">
        <ele>37.515690023079515</ele>
        <time>2026-08-24T22:25:55.700000Z</time>
        <extensions>
          <gpxtpx:TrackPointExtension>
            <gpxtpx:hr>166</gpxtpx:hr>
          </gpxtpx:TrackPointExtension>
        </extensions>
      </trkpt>
      <trkpt lat="39.99207985817618" lon="116.47581015461779">
        <ele>37.58276382088661</ele>
        <time>2026-08-24T22:25:56.700000Z</time>
        <extensions>
          <gpxtpx:TrackPointExtension>
            <gpxtpx:hr>166</gpxtpx:hr>
          </gpxtpx:TrackPointExtension>
        </extensions>
      </trkpt>
      <trkpt lat="39.99206290910098" lon="116.47583884875917">
        <ele>37.65221400838345</ele>
        <time>2026-08-24T22:25:57.700000Z</time>
        <extensions>
          <gpxtpx:TrackPointExtension>
            <gpxtpx:hr>166</gpxtpx:hr>
          </gpxtpx:TrackPointExtension>
        </extensions>
      </trkpt>
      <trkpt lat="39.99204612562176" lon="116.47586715301568">
        <ele>37.723237013444304</ele>
        <time>2026-08-24T22:25:58.700000Z</time>
        <extensions>
          <gpxtpx:TrackPointExtension>
            <gpxtpx:hr>166</gpxtpx:hr>
          </gpxtpx:TrackPointExtension>
        </extensions>
      </trkpt>
      <trkpt lat="39.9920294056094" lon="116.47589471214397">
        <ele>37.79431179724634</ele>
        <time>2026-08-24T22:25:59.700000Z</time>
        <extensions>
          <gpxtpx:TrackPointExtension>
            <gpxtpx:hr>166</gpxtpx:hr>
          </gpxtpx:TrackPointExtension>
        </extensions>
      </trkpt>
      <trkpt lat="39.99201266110446" lon="116.47592137419102">
        <ele>37.86343896668404</ele>
        <time>2026-08-24T22:26:00.700000Z</time>
        <extensions>
          <gpxtpx:TrackPointExtension>
            <gpxtpx:hr>166</gpxtpx:hr>
          </gpxtpx:TrackPointExtension>
        </extensions>
      </trkpt>
      <trkpt lat="39.99199588126754" lon="116.47594728996204">
        <ele>37.92836616560817</ele>
        <time>2026-08-24T22:26:01.700000Z</time>
        <extensions>
          <gpxtpx:TrackPointExtension>
            <gpxtpx:hr>166</gpxtpx:hr>
          </gpxtpx:TrackPointExtension>
        </extensions>
      </trkpt>
      <trkpt lat="39.99197914498545" lon="116.47597256556034">
        <ele>37.98700804822147</ele>
        <time>2026-08-24T22:26:02.700000Z</time>
        <extensions>
          <gpxtpx:TrackPointExtension>
            <gpxtpx:hr>166</gpxtpx:hr>
          </gpxtpx:TrackPointExtension>
        </extensions>
      </trkpt>
      <trkpt lat="39.99196231583091" lon="116.47599747976464">
        <ele>38.03797378670424</ele>
        <time>2026-08-24T22:26:03.700000Z</time>
        <extensions>
          <gpxtpx:TrackPointExtension>
            <gpxtpx:hr>166</gpxtpx:hr>
          </gpxtpx:TrackPointExtension>
        </extensions>
      </trkpt>
      <trkpt lat="39.991945123703594" lon="116.47602223226336">
        <ele>38.0806061597541</ele>
        <time>2026-08-24T22:26:04.700000Z</time>
        <extensions>
          <gpxtpx:TrackPointExtension>
            <gpxtpx:hr>167</gpxtpx:hr>
          </gpxtpx:TrackPointExtension>
        </extensions>
      </trkpt>
      <trkpt lat="39.991927326476706" lon="116.47604647910873">
        <ele>38.11479007918388</ele>
        <time>2026-08-24T22:26:05.700000Z</time>
        <extensions>
          <gpxtpx:TrackPointExtension>
            <gpxtpx:hr>167</gpxtpx:hr>
          </gpxtpx:TrackPointExtension>
        </extensions>
      </trkpt>
      <trkpt lat="39.99190847989409" lon="116.47606955679395">
        <ele>38.140697489492595</ele>
        <time>2026-08-24T22:26:06.700000Z</time>
        <extensions>
          <gpxtpx:TrackPointExtension>
            <gpxtpx:hr>167</gpxtpx:hr>
          </gpxtpx:TrackPointExtension>
        </extensions>
      </trkpt>
      <trkpt lat="39.991888221543086" lon="116.47609075267509">
        <ele>38.15861680917442</ele>
        <time>2026-08-24T22:26:07.600000Z</time>
        <extensions>
          <gpxtpx:TrackPointExtension>
            <gpxtpx:hr>167</gpxtpx:hr>
          </gpxtpx:TrackPointExtension>
        </extensions>
      </trkpt>
      <trkpt lat="39.991866828658026" lon="116.4761101255398">
        <ele>38.168856707401574</ele>
        <time>2026-08-24T22:26:08.600000Z</time>
        <extensions>
          <gpxtpx:TrackPointExtension>
            <gpxtpx:hr>167</gpxtpx:hr>
          </gpxtpx:TrackPointExtension>
        </extensions>
      </trkpt>
      <trkpt lat="39.99184516066229" lon="116.47612921269473">
        <ele>38.171807108446956</ele>
        <time>2026-08-24T22:26:09.600000Z</time>
        <extensions>
          <gpxtpx:TrackPointExtension>
            <gpxtpx:hr>167</gpxtpx:hr>
          </gpxtpx:TrackPointExtension>
        </extensions>
      </trkpt>
      <trkpt lat="39.99182388087965" lon="116.47614946676154">
        <ele>38.16770261991769</ele>
        <time>2026-08-24T22:26:10.600000Z</time>
        <extensions>
          <gpxtpx:TrackPointExtension>
            <gpxtpx:hr>167</gpxtpx:hr>
          </gpxtpx:TrackPointExtension>
        </extensions>
      </trkpt>
      <trkpt lat="39.99180330895592" lon="116.47617146972829">
        <ele>38.15645794663578</ele>
        <time>2026-08-24T22:26:11.600000Z</time>
        <extensions>
          <gpxtpx:TrackPointExtension>
            <gpxtpx:hr>167</gpxtpx:hr>
          </gpxtpx:TrackPointExtension>
        </extensions>
      </trkpt>
      <trkpt lat="39.99178343210722" lon="116.47619519240945">
        <ele>38.13785155117512</ele>
        <time>2026-08-24T22:26:12.600000Z</time>
        <extensions>
          <gpxtpx:TrackPointExtension>
            <gpxtpx:hr>168</gpxtpx:hr>
          </gpxtpx:TrackPointExtension>
        </extensions>
      </trkpt>
      <trkpt lat="39.99176386121243" lon="116.4762200475854">
        <ele>38.11182898003608</ele>
        <time>2026-08-24T22:26:13.600000Z</time>
        <extensions>
          <gpxtpx:TrackPointExtension>
            <gpxtpx:hr>168</gpxtpx:hr>
          </gpxtpx:TrackPointExtension>
        </extensions>
      </trkpt>
      <trkpt lat="39.99174438288285" lon="116.47624539079715">
        <ele>38.07882214989513</ele>
        <time>2026-08-24T22:26:14.600000Z</time>
        <extensions>
          <gpxtpx:TrackPointExtension>
            <gpxtpx:hr>168</gpxtpx:hr>
          </gpxtpx:TrackPointExtension>
        </extensions>
      </trkpt>
      <trkpt lat="39.99172505453173" lon="116.47627085576879">
        <ele>38.039543804712594</ele>
        <time>2026-08-24T22:26:15.600000Z</time>
        <extensions>
          <gpxtpx:TrackPointExtension>
            <gpxtpx:hr>168</gpxtpx:hr>
          </gpxtpx:TrackPointExtension>
        </extensions>
      </trkpt>
      <trkpt lat="39.99170603497979" lon="116.4762963115628">
        <ele>37.99485122412443</ele>
        <time>2026-08-24T22:26:16.600000Z</time>
        <extensions>
          <gpxtpx:TrackPointExtension>
            <gpxtpx:hr>168</gpxtpx:hr>
          </gpxtpx:TrackPointExtension>
        </extensions>
      </trkpt>
      <trkpt lat="39.991687158022906" lon="116.47632180491398">
        <ele>37.94581369031221</ele>
        <time>2026-08-24T22:26:17.600000Z</time>
        <extensions>
          <gpxtpx:TrackPointExtension>
            <gpxtpx:hr>168</gpxtpx:hr>
          </gpxtpx:TrackPointExtension>
        </extensions>
      </trkpt>
      <trkpt lat="39.99166834757372" lon="116.47634750595887">
        <ele>37.89408047683537</ele>
        <time>2026-08-24T22:26:18.600000Z</time>
        <extensions>
          <gpxtpx:TrackPointExtension>
            <gpxtpx:hr>168</gpxtpx:hr>
          </gpxtpx:TrackPointExtension>
        </extensions>
      </trkpt>
      <trkpt lat="39.991649764252564" lon="116.47637319236907">
        <ele>37.841719278134406</ele>
        <time>2026-08-24T22:26:19.600000Z</time>
        <extensions>
          <gpxtpx:TrackPointExtension>
            <gpxtpx:hr>168</gpxtpx:hr>
          </gpxtpx:TrackPointExtension>
        </extensions>
      </trkpt>
      <trkpt lat="39.99163156367273" lon="116.47639875222974">
        <ele>37.790751008316875</ele>
        <time>2026-08-24T22:26:20.600000Z</time>
        <extensions>
          <gpxtpx:TrackPointExtension>
            <gpxtpx:hr>168</gpxtpx:hr>
          </gpxtpx:TrackPointExtension>
        </extensions>
      </trkpt>
      <trkpt lat="39.99161377678099" lon="116.47642434691934">
        <ele>37.742574772797525</ele>
        <time>2026-08-24T22:26:21.600000Z</time>
        <extensions>
          <gpxtpx:TrackPointExtension>
            <gpxtpx:hr>168</gpxtpx:hr>
          </gpxtpx:TrackPointExtension>
        </extensions>
      </trkpt>
      <trkpt lat="39.9915965068642" lon="116.47644995375772">
        <ele>37.69792925938964</ele>
        <time>2026-08-24T22:26:22.600000Z</time>
        <extensions>
          <gpxtpx:TrackPointExtension>
            <gpxtpx:hr>169</gpxtpx:hr>
          </gpxtpx:TrackPointExtension>
        </extensions>
      </trkpt>
      <trkpt lat="39.991580294245324" lon="116.47647572363546">
        <ele>37.65718814730644</ele>
        <time>2026-08-24T22:26:23.600000Z</time>
        <extensions>
          <gpxtpx:TrackPointExtension>
            <gpxtpx:hr>169</gpxtpx:hr>
          </gpxtpx:TrackPointExtension>
        </extensions>
      </trkpt>
      <trkpt lat="39.99156575013587" lon="116.47650222232974">
        <ele>37.620663318783045</ele>
        <time>2026-08-24T22:26:24.600000Z</time>
        <extensions>
          <gpxtpx:TrackPointExtension>
            <gpxtpx:hr>169</gpxtpx:hr>
          </gpxtpx:TrackPointExtension>
        </extensions>
      </trkpt>
      <trkpt lat="39.991553731013546" lon="116.47653002602458">
        <ele>37.588813559152186</ele>
        <time>2026-08-24T22:26:25.600000Z</time>
        <extensions>
          <gpxtpx:TrackPointExtension>
            <gpxtpx:hr>169</gpxtpx:hr>
          </gpxtpx:TrackPointExtension>
        </extensions>
      </trkpt>
      <trkpt lat="39.99154487051689" lon="116.4765592481944">
        <ele>37.56268288847059</ele>
        <time>2026-08-24T22:26:26.600000Z</time>
        <extensions>
          <gpxtpx:TrackPointExtension>
            <gpxtpx:hr>169</gpxtpx:hr>
          </gpxtpx:TrackPointExtension>
        </extensions>
      </trkpt>
      <trkpt lat="39.99153892524113" lon="116.47658949646951">
        <ele>37.54328986816108</ele>
        <time>2026-08-24T22:26:27.600000Z</time>
        <extensions>
          <gpxtpx:TrackPointExtension>
            <gpxtpx:hr>169</gpxtpx:hr>
          </gpxtpx:TrackPointExtension>
        </extensions>
      </trkpt>
      <trkpt lat="39.991534921069814" lon="116.47662040833005">
        <ele>37.53077069018036</ele>
        <time>2026-08-24T22:26:28.600000Z</time>
        <extensions>
          <gpxtpx:TrackPointExtension>
            <gpxtpx:hr>169</gpxtpx:hr>
          </gpxtpx:TrackPointExtension>
        </extensions>
      </trkpt>
      <trkpt lat="39.99153112888368" lon="116.47665156809285">
        <ele>37.52437405940145</ele>
        <time>2026-08-24T22:26:29.600000Z</time>
        <extensions>
          <gpxtpx:TrackPointExtension>
            <gpxtpx:hr>169</gpxtpx:hr>
          </gpxtpx:TrackPointExtension>
        </extensions>
      </trkpt>
      <trkpt lat="39.991525466071145" lon="116.47668237221806">
        <ele>37.52322478312999</ele>
        <time>2026-08-24T22:26:30.600000Z</time>
        <extensions>
          <gpxtpx:TrackPointExtension>
            <gpxtpx:hr>169</gpxtpx:hr>
          </gpxtpx:TrackPointExtension>
        </extensions>
      </trkpt>
      <trkpt lat="39.99151721943624" lon="116.4767121059873">
        <ele>37.526500328443944</ele>
        <time>2026-08-24T22:26:31.600000Z</time>
        <extensions>
          <gpxtpx:TrackPointExtension>
            <gpxtpx:hr>169</gpxtpx:hr>
          </gpxtpx:TrackPointExtension>
        </extensions>
      </trkpt>
      <trkpt lat="39.99150672365866" lon="116.47674021605845">
        <ele>37.53308611549437</ele>
        <time>2026-08-24T22:26:32.600000Z</time>
        <extensions>
          <gpxtpx:TrackPointExtension>
            <gpxtpx:hr>169</gpxtpx:hr>
          </gpxtpx:TrackPointExtension>
        </extensions>
      </trkpt>
      <trkpt lat="39.9914941314728" lon="116.47676700220673">
        <ele>37.54135641083121</ele>
        <time>2026-08-24T22:26:33.600000Z</time>
        <extensions>
          <gpxtpx:TrackPointExtension>
            <gpxtpx:hr>169</gpxtpx:hr>
          </gpxtpx:TrackPointExtension>
        </extensions>
      </trkpt>
      <trkpt lat="39.99147971842451" lon="116.47679325591159">
        <ele>37.549800066277385</ele>
        <time>2026-08-24T22:26:34.600000Z</time>
        <extensions>
          <gpxtpx:TrackPointExtension>
            <gpxtpx:hr>169</gpxtpx:hr>
          </gpxtpx:TrackPointExtension>
        </extensions>
      </trkpt>
      <trkpt lat="39.9914639775132" lon="116.47681970762223">
        <ele>37.558030132204294</ele>
        <time>2026-08-24T22:26:35.600000Z</time>
        <extensions>
          <gpxtpx:TrackPointExtension>
            <gpxtpx:hr>169</gpxtpx:hr>
          </gpxtpx:TrackPointExtension>
        </extensions>
      </trkpt>
      <trkpt lat="39.991447485431806" lon="116.47684637411392">
        <ele>37.56664169766009</ele>
        <time>2026-08-24T22:26:36.600000Z</time>
        <extensions>
          <gpxtpx:TrackPointExtension>
            <gpxtpx:hr>169</gpxtpx:hr>
          </gpxtpx:TrackPointExtension>
        </extensions>
      </trkpt>
      <trkpt lat="39.99143046125367" lon="116.47687268089513">
        <ele>37.576099143363535</ele>
        <time>2026-08-24T22:26:37.600000Z</time>
        <extensions>
          <gpxtpx:TrackPointExtension>
            <gpxtpx:hr>169</gpxtpx:hr>
          </gpxtpx:TrackPointExtension>
        </extensions>
      </trkpt>
      <trkpt lat="39.991412825222326" lon="116.47689824020885">
        <ele>37.58602155651897</ele>
        <time>2026-08-24T22:26:38.600000Z</time>
        <extensions>
          <gpxtpx:TrackPointExtension>
            <gpxtpx:hr>169</gpxtpx:hr>
          </gpxtpx:TrackPointExtension>
        </extensions>
      </trkpt>
      <trkpt lat="39.991394607524256" lon="116.47692278208964">
        <ele>37.594567492604256</ele>
        <time>2026-08-24T22:26:39.600000Z</time>
        <extensions>
          <gpxtpx:TrackPointExtension>
            <gpxtpx:hr>169</gpxtpx:hr>
          </gpxtpx:TrackPointExtension>
        </extensions>
      </trkpt>
      <trkpt lat="39.991376089043555" lon="116.47694609047424">
        <ele>37.600314752198756</ele>
        <time>2026-08-24T22:26:40.600000Z</time>
        <extensions>
          <gpxtpx:TrackPointExtension>
            <gpxtpx:hr>169</gpxtpx:hr>
          </gpxtpx:TrackPointExtension>
        </extensions>
      </trkpt>
      <trkpt lat="39.99135733323745" lon="116.4769677570327">
        <ele>37.605557010509074</ele>
        <time>2026-08-24T22:26:41.600000Z</time>
        <extensions>
          <gpxtpx:TrackPointExtension>
            <gpxtpx:hr>169</gpxtpx:hr>
          </gpxtpx:TrackPointExtension>
        </extensions>
      </trkpt>
      <trkpt lat="39.9913382318081" lon="116.47698718665777">
        <ele>37.61547772306949</ele>
        <time>2026-08-24T22:26:42.600000Z</time>
        <extensions>
          <gpxtpx:TrackPointExtension>
            <gpxtpx:hr>169</gpxtpx:hr>
          </gpxtpx:TrackPointExtension>
        </extensions>
      </trkpt>
      <trkpt lat="39.991318664295825" lon="116.47700384369364">
        <ele>37.63353324495256</ele>
        <time>2026-08-24T22:26:43.600000Z</time>
        <extensions>
          <gpxtpx:TrackPointExtension>
            <gpxtpx:hr>169</gpxtpx:hr>
          </gpxtpx:TrackPointExtension>
        </extensions>
      </trkpt>
      <trkpt lat="39.991298715768465" lon="116.47701743932105">
        <ele>37.658826768398285</ele>
        <time>2026-08-24T22:26:44.600000Z</time>
        <extensions>
          <gpxtpx:TrackPointExtension>
            <gpxtpx:hr>169</gpxtpx:hr>
          </gpxtpx:TrackPointExtension>
        </extensions>
      </trkpt>
      <trkpt lat="39.991279081911195" lon="116.47702805070759">
        <ele>37.68838332314044</ele>
        <time>2026-08-24T22:26:45.600000Z</time>
        <extensions>
          <gpxtpx:TrackPointExtension>
            <gpxtpx:hr>170</gpxtpx:hr>
          </gpxtpx:TrackPointExtension>
        </extensions>
      </trkpt>
      <trkpt lat="39.991260459624485" lon="116.47703596086981">
        <ele>37.71945486497134</ele>
        <time>2026-08-24T22:26:46.600000Z</time>
        <extensions>
          <gpxtpx:TrackPointExtension>
            <gpxtpx:hr>170</gpxtpx:hr>
          </gpxtpx:TrackPointExtension>
        </extensions>
      </trkpt>
      <trkpt lat="39.991243260648695" lon="116.47704118932111">
        <ele>37.74974582064897</ele>
        <time>2026-08-24T22:26:47.600000Z</time>
        <extensions>
          <gpxtpx:TrackPointExtension>
            <gpxtpx:hr>170</gpxtpx:hr>
          </gpxtpx:TrackPointExtension>
        </extensions>
      </trkpt>
      <trkpt lat="39.991227936034754" lon="116.47704257967955">
        <ele>37.77730715461075</ele>
        <time>2026-08-24T22:26:48.600000Z</time>
        <extensions>
          <gpxtpx:TrackPointExtension>
            <gpxtpx:hr>170</gpxtpx:hr>
          </gpxtpx:TrackPointExtension>
        </extensions>
      </trkpt>
      <trkpt lat="39.99121498676022" lon="116.47703990214022">
        <ele>37.800511529669166</ele>
        <time>2026-08-24T22:26:49.600000Z</time>
        <extensions>
          <gpxtpx:TrackPointExtension>
            <gpxtpx:hr>170</gpxtpx:hr>
          </gpxtpx:TrackPointExtension>
        </extensions>
      </trkpt>
      <trkpt lat="39.99120259848258" lon="116.47703653234976">
        <ele>37.81815747264773</ele>
        <time>2026-08-24T22:26:50.600000Z</time>
        <extensions>
          <gpxtpx:TrackPointExtension>
            <gpxtpx:hr>170</gpxtpx:hr>
          </gpxtpx:TrackPointExtension>
        </extensions>
      </trkpt>
      <trkpt lat="39.9911891234272" lon="116.47703598425025">
        <ele>37.82943900488317</ele>
        <time>2026-08-24T22:26:51.600000Z</time>
        <extensions>
          <gpxtpx:TrackPointExtension>
            <gpxtpx:hr>170</gpxtpx:hr>
          </gpxtpx:TrackPointExtension>
        </extensions>
      </trkpt>
      <trkpt lat="39.99117517855773" lon="116.47703919865123">
        <ele>37.83380744792521</ele>
        <time>2026-08-24T22:26:52.600000Z</time>
        <extensions>
          <gpxtpx:TrackPointExtension>
            <gpxtpx:hr>170</gpxtpx:hr>
          </gpxtpx:TrackPointExtension>
        </extensions>
      </trkpt>
      <trkpt lat="39.991161082685814" lon="116.47704610265633">
        <ele>37.83103009592742</ele>
        <time>2026-08-24T22:26:53.600000Z</time>
        <extensions>
          <gpxtpx:TrackPointExtension>
            <gpxtpx:hr>170</gpxtpx:hr>
          </gpxtpx:TrackPointExtension>
        </extensions>
      </trkpt>
      <trkpt lat="39.991147002112" lon="116.47705630148131">
        <ele>37.8214718690142</ele>
        <time>2026-08-24T22:26:54.600000Z</time>
        <extensions>
          <gpxtpx:TrackPointExtension>
            <gpxtpx:hr>170</gpxtpx:hr>
          </gpxtpx:TrackPointExtension>
        </extensions>
      </trkpt>
      <trkpt lat="39.991132798812735" lon="116.47706911772153">
        <ele>37.80606445390731</ele>
        <time>2026-08-24T22:26:55.600000Z</time>
        <extensions>
          <gpxtpx:TrackPointExtension>
            <gpxtpx:hr>171</gpxtpx:hr>
          </gpxtpx:TrackPointExtension>
        </extensions>
      </trkpt>
      <trkpt lat="39.99111848865631" lon="116.47708375143725">
        <ele>37.78585487231612</ele>
        <time>2026-08-24T22:26:56.600000Z</time>
        <extensions>
          <gpxtpx:TrackPointExtension>
            <gpxtpx:hr>171</gpxtpx:hr>
          </gpxtpx:TrackPointExtension>
        </extensions>
      </trkpt>
      <trkpt lat="39.991104449846866" lon="116.47709980356638">
        <ele>37.76159562077373</ele>
        <time>2026-08-24T22:26:57.600000Z</time>
        <extensions>
          <gpxtpx:TrackPointExtension>
            <gpxtpx:hr>171</gpxtpx:hr>
          </gpxtpx:TrackPointExtension>
        </extensions>
      </trkpt>
      <trkpt lat="39.99109090693098" lon="116.4771172716438">
        <ele>37.73375309165567</ele>
        <time>2026-08-24T22:26:58.600000Z</time>
        <extensions>
          <gpxtpx:TrackPointExtension>
            <gpxtpx:hr>170</gpxtpx:hr>
          </gpxtpx:TrackPointExtension>
        </extensions>
      </trkpt>
      <trkpt lat="39.99107791363853" lon="116.4771364031553">
        <ele>37.702866206876934</ele>
        <time>2026-08-24T22:26:59.600000Z</time>
        <extensions>
          <gpxtpx:TrackPointExtension>
            <gpxtpx:hr>170</gpxtpx:hr>
          </gpxtpx:TrackPointExtension>
        </extensions>
      </trkpt>
      <trkpt lat="39.991065150543264" lon="116.47715756593634">
        <ele>37.66973893903196</ele>
        <time>2026-08-24T22:27:00.600000Z</time>
        <extensions>
          <gpxtpx:TrackPointExtension>
            <gpxtpx:hr>170</gpxtpx:hr>
          </gpxtpx:TrackPointExtension>
        </extensions>
      </trkpt>
      <trkpt lat="39.99105207305233" lon="116.47718064902067">
        <ele>37.635312964208424</ele>
        <time>2026-08-24T22:27:01.500000Z</time>
        <extensions>
          <gpxtpx:TrackPointExtension>
            <gpxtpx:hr>169</gpxtpx:hr>
          </gpxtpx:TrackPointExtension>
        </extensions>
      </trkpt>
      <trkpt lat="39.99103833562992" lon="116.47720517955044">
        <ele>37.60045484919101</ele>
        <time>2026-08-24T22:27:02.500000Z</time>
        <extensions>
          <gpxtpx:TrackPointExtension>
            <gpxtpx:hr>169</gpxtpx:hr>
          </gpxtpx:TrackPointExtension>
        </extensions>
      </trkpt>
      <trkpt lat="39.991023893111674" lon="116.47723074626344">
        <ele>37.56581056211144</ele>
        <time>2026-08-24T22:27:03.500000Z</time>
        <extensions>
          <gpxtpx:TrackPointExtension>
            <gpxtpx:hr>169</gpxtpx:hr>
          </gpxtpx:TrackPointExtension>
        </extensions>
      </trkpt>
      <trkpt lat="39.99100891310762" lon="116.47725704483501">
        <ele>37.53194011002779</ele>
        <time>2026-08-24T22:27:04.500000Z</time>
        <extensions>
          <gpxtpx:TrackPointExtension>
            <gpxtpx:hr>169</gpxtpx:hr>
          </gpxtpx:TrackPointExtension>
        </extensions>
      </trkpt>
      <trkpt lat="39.99099360424816" lon="116.47728373347408">
        <ele>37.49936132412404</ele>
        <time>2026-08-24T22:27:05.500000Z</time>
        <extensions>
          <gpxtpx:TrackPointExtension>
            <gpxtpx:hr>169</gpxtpx:hr>
          </gpxtpx:TrackPointExtension>
        </extensions>
      </trkpt>
      <trkpt lat="39.990978248000395" lon="116.47731050934361">
        <ele>37.468397565186024</ele>
        <time>2026-08-24T22:27:06.500000Z</time>
        <extensions>
          <gpxtpx:TrackPointExtension>
            <gpxtpx:hr>166</gpxtpx:hr>
          </gpxtpx:TrackPointExtension>
        </extensions>
      </trkpt>
      <trkpt lat="39.9909630130264" lon="116.47733737287273">
        <ele>37.43919625598937</ele>
        <time>2026-08-24T22:27:07.500000Z</time>
        <extensions>
          <gpxtpx:TrackPointExtension>
            <gpxtpx:hr>166</gpxtpx:hr>
          </gpxtpx:TrackPointExtension>
        </extensions>
      </trkpt>
      <trkpt lat="39.990947903449936" lon="116.47736429313858">
        <ele>37.4120884668082</ele>
        <time>2026-08-24T22:27:08.500000Z</time>
        <extensions>
          <gpxtpx:TrackPointExtension>
            <gpxtpx:hr>166</gpxtpx:hr>
          </gpxtpx:TrackPointExtension>
        </extensions>
      </trkpt>
      <trkpt lat="39.99093286275429" lon="116.4773909437499">
        <ele>37.38790369499475</ele>
        <time>2026-08-24T22:27:09.500000Z</time>
        <extensions>
          <gpxtpx:TrackPointExtension>
            <gpxtpx:hr>166</gpxtpx:hr>
          </gpxtpx:TrackPointExtension>
        </extensions>
      </trkpt>
      <trkpt lat="39.99091817937836" lon="116.47741685914467">
        <ele>37.36779606807977</ele>
        <time>2026-08-24T22:27:10.500000Z</time>
        <extensions>
          <gpxtpx:TrackPointExtension>
            <gpxtpx:hr>166</gpxtpx:hr>
          </gpxtpx:TrackPointExtension>
        </extensions>
      </trkpt>
      <trkpt lat="39.990904193609325" lon="116.47744198727767">
        <ele>37.352925615385175</ele>
        <time>2026-08-24T22:27:11.500000Z</time>
        <extensions>
          <gpxtpx:TrackPointExtension>
            <gpxtpx:hr>166</gpxtpx:hr>
          </gpxtpx:TrackPointExtension>
        </extensions>
      </trkpt>
      <trkpt lat="39.9908911139576" lon="116.4774665964932">
        <ele>37.34415330551565</ele>
        <time>2026-08-24T22:27:12.500000Z</time>
        <extensions>
          <gpxtpx:TrackPointExtension>
            <gpxtpx:hr>166</gpxtpx:hr>
          </gpxtpx:TrackPointExtension>
        </extensions>
      </trkpt>
      <trkpt lat="39.99087905851037" lon="116.47749091583867">
        <ele>37.3420618660748</ele>
        <time>2026-08-24T22:27:13.500000Z</time>
        <extensions>
          <gpxtpx:TrackPointExtension>
            <gpxtpx:hr>166</gpxtpx:hr>
          </gpxtpx:TrackPointExtension>
        </extensions>
      </trkpt>
      <trkpt lat="39.99086786646953" lon="116.47751503757551">
        <ele>37.34713496174663</ele>
        <time>2026-08-24T22:27:14.500000Z</time>
        <extensions>
          <gpxtpx:TrackPointExtension>
            <gpxtpx:hr>166</gpxtpx:hr>
          </gpxtpx:TrackPointExtension>
        </extensions>
      </trkpt>
      <trkpt lat="39.99085687674721" lon="116.47753886755727">
        <ele>37.35936016961932</ele>
        <time>2026-08-24T22:27:15.500000Z</time>
        <extensions>
          <gpxtpx:TrackPointExtension>
            <gpxtpx:hr>166</gpxtpx:hr>
          </gpxtpx:TrackPointExtension>
        </extensions>
      </trkpt>
      <trkpt lat="39.9908453484036" lon="116.47756265116247">
        <ele>37.37772846315056</ele>
        <time>2026-08-24T22:27:16.500000Z</time>
        <extensions>
          <gpxtpx:TrackPointExtension>
            <gpxtpx:hr>166</gpxtpx:hr>
          </gpxtpx:TrackPointExtension>
        </extensions>
      </trkpt>
      <trkpt lat="39.99083312298396" lon="116.47758694716839">
        <ele>37.40030216332525</ele>
        <time>2026-08-24T22:27:17.500000Z</time>
        <extensions>
          <gpxtpx:TrackPointExtension>
            <gpxtpx:hr>166</gpxtpx:hr>
          </gpxtpx:TrackPointExtension>
        </extensions>
      </trkpt>
      <trkpt lat="39.990820150266096" lon="116.47761238552617">
        <ele>37.42429399956018</ele>
        <time>2026-08-24T22:27:18.500000Z</time>
        <extensions>
          <gpxtpx:TrackPointExtension>
            <gpxtpx:hr>165</gpxtpx:hr>
          </gpxtpx:TrackPointExtension>
        </extensions>
      </trkpt>
      <trkpt lat="39.990809438036145" lon="116.47763377566547">
        <ele>37.442441772669554</ele>
        <time>2026-08-24T22:27:19.300000Z</time>
        <extensions>
          <gpxtpx:TrackPointExtension>
            <gpxtpx:hr>165</gpxtpx:hr>
          </gpxtpx:TrackPointExtension>
        </extensions>
      </trkpt>
      <trkpt lat="39.99079624923653" lon="116.4776614045101">
        <ele>37.46118580363691</ele>
        <time>2026-08-24T22:27:20.300000Z</time>
        <extensions>
          <gpxtpx:TrackPointExtension>
            <gpxtpx:hr>165</gpxtpx:hr>
          </gpxtpx:TrackPointExtension>
        </extensions>
      </trkpt>
      <trkpt lat="39.99078118689248" lon="116.47769477755915">
        <ele>37.48008372914046</ele>
        <time>2026-08-24T22:27:21.500000Z</time>
        <extensions>
          <gpxtpx:TrackPointExtension>
            <gpxtpx:hr>165</gpxtpx:hr>
          </gpxtpx:TrackPointExtension>
        </extensions>
      </trkpt>
      <trkpt lat="39.9907689650619" lon="116.47772239547172">
        <ele>37.49888614844531</ele>
        <time>2026-08-24T22:27:22.500000Z</time>
        <extensions>
          <gpxtpx:TrackPointExtension>
            <gpxtpx:hr>165</gpxtpx:hr>
          </gpxtpx:TrackPointExtension>
        </extensions>
      </trkpt>
      <trkpt lat="39.990756582546425" lon="116.47774976920385">
        <ele>37.526061402633786</ele>
        <time>2026-08-24T22:27:23.500000Z</time>
        <extensions>
          <gpxtpx:TrackPointExtension>
            <gpxtpx:hr>165</gpxtpx:hr>
          </gpxtpx:TrackPointExtension>
        </extensions>
      </trkpt>
      <trkpt lat="39.9907436653099" lon="116.47777742312503">
        <ele>37.56393476668745</ele>
        <time>2026-08-24T22:27:24.500000Z</time>
        <extensions>
          <gpxtpx:TrackPointExtension>
            <gpxtpx:hr>165</gpxtpx:hr>
          </gpxtpx:TrackPointExtension>
        </extensions>
      </trkpt>
      <trkpt lat="39.990730239998626" lon="116.47780571260023">
        <ele>37.61192703153938</ele>
        <time>2026-08-24T22:27:25.500000Z</time>
        <extensions>
          <gpxtpx:TrackPointExtension>
            <gpxtpx:hr>165</gpxtpx:hr>
          </gpxtpx:TrackPointExtension>
        </extensions>
      </trkpt>
      <trkpt lat="39.99071666960847" lon="116.47783455666905">
        <ele>37.66672935336828</ele>
        <time>2026-08-24T22:27:26.500000Z</time>
        <extensions>
          <gpxtpx:TrackPointExtension>
            <gpxtpx:hr>165</gpxtpx:hr>
          </gpxtpx:TrackPointExtension>
        </extensions>
      </trkpt>
      <trkpt lat="39.99070555992464" lon="116.47785846207266">
        <ele>37.71293409727514</ele>
        <time>2026-08-24T22:27:27.300000Z</time>
        <extensions>
          <gpxtpx:TrackPointExtension>
            <gpxtpx:hr>167</gpxtpx:hr>
          </gpxtpx:TrackPointExtension>
        </extensions>
      </trkpt>
      <trkpt lat="39.99069178009068" lon="116.47788788520722">
        <ele>37.765424941666424</ele>
        <time>2026-08-24T22:27:28.300000Z</time>
        <extensions>
          <gpxtpx:TrackPointExtension>
            <gpxtpx:hr>167</gpxtpx:hr>
          </gpxtpx:TrackPointExtension>
        </extensions>
      </trkpt>
      <trkpt lat="39.990677663543295" lon="116.47791741114419">
        <ele>37.80903400853276</ele>
        <time>2026-08-24T22:27:29.300000Z</time>
        <extensions>
          <gpxtpx:TrackPointExtension>
            <gpxtpx:hr>167</gpxtpx:hr>
          </gpxtpx:TrackPointExtension>
        </extensions>
      </trkpt>
      <trkpt lat="39.990662898500595" lon="116.4779476096631">
        <ele>37.841854555532336</ele>
        <time>2026-08-24T22:27:30.300000Z</time>
        <extensions>
          <gpxtpx:TrackPointExtension>
            <gpxtpx:hr>167</gpxtpx:hr>
          </gpxtpx:TrackPointExtension>
        </extensions>
      </trkpt>
      <trkpt lat="39.99064739633527" lon="116.47797880066842">
        <ele>37.86401738040149</ele>
        <time>2026-08-24T22:27:31.300000Z</time>
        <extensions>
          <gpxtpx:TrackPointExtension>
            <gpxtpx:hr>167</gpxtpx:hr>
          </gpxtpx:TrackPointExtension>
        </extensions>
      </trkpt>
      <trkpt lat="39.99063143686168" lon="116.4780106104097">
        <ele>37.876756303943694</ele>
        <time>2026-08-24T22:27:32.300000Z</time>
        <extensions>
          <gpxtpx:TrackPointExtension>
            <gpxtpx:hr>167</gpxtpx:hr>
          </gpxtpx:TrackPointExtension>
        </extensions>
      </trkpt>
      <trkpt lat="39.99061535627417" lon="116.4780424942951">
        <ele>37.881768439896405</ele>
        <time>2026-08-24T22:27:33.300000Z</time>
        <extensions>
          <gpxtpx:TrackPointExtension>
            <gpxtpx:hr>167</gpxtpx:hr>
          </gpxtpx:TrackPointExtension>
        </extensions>
      </trkpt>
      <trkpt lat="39.99059927009116" lon="116.47807415785029">
        <ele>37.88094451557845</ele>
        <time>2026-08-24T22:27:34.300000Z</time>
        <extensions>
          <gpxtpx:TrackPointExtension>
            <gpxtpx:hr>165</gpxtpx:hr>
          </gpxtpx:TrackPointExtension>
        </extensions>
      </trkpt>
      <trkpt lat="39.99058325950851" lon="116.47810521509923">
        <ele>37.87633575871587</ele>
        <time>2026-08-24T22:27:35.300000Z</time>
        <extensions>
          <gpxtpx:TrackPointExtension>
            <gpxtpx:hr>165</gpxtpx:hr>
          </gpxtpx:TrackPointExtension>
        </extensions>
      </trkpt>
      <trkpt lat="39.99056751016612" lon="116.47813553519667">
        <ele>37.87010877393186</ele>
        <time>2026-08-24T22:27:36.300000Z</time>
        <extensions>
          <gpxtpx:TrackPointExtension>
            <gpxtpx:hr>165</gpxtpx:hr>
          </gpxtpx:TrackPointExtension>
        </extensions>
      </trkpt>
      <trkpt lat="39.99054924154768" lon="116.47817026871556">
        <ele>37.86385781597346</ele>
        <time>2026-08-24T22:27:37.500000Z</time>
        <extensions>
          <gpxtpx:TrackPointExtension>
            <gpxtpx:hr>165</gpxtpx:hr>
          </gpxtpx:TrackPointExtension>
        </extensions>
      </trkpt>
      <trkpt lat="39.99053596799302" lon="116.47819505002863">
        <ele>37.861107776872814</ele>
        <time>2026-08-24T22:27:38.300000Z</time>
        <extensions>
          <gpxtpx:TrackPointExtension>
            <gpxtpx:hr>165</gpxtpx:hr>
          </gpxtpx:TrackPointExtension>
        </extensions>
      </trkpt>
      <trkpt lat="39.99051702945916" lon="116.47822922799142">
        <ele>37.86038166470826</ele>
        <time>2026-08-24T22:27:39.500000Z</time>
        <extensions>
          <gpxtpx:TrackPointExtension>
            <gpxtpx:hr>165</gpxtpx:hr>
          </gpxtpx:TrackPointExtension>
        </extensions>
      </trkpt>
      <trkpt lat="39.990499776403766" lon="116.47825833625384">
        <ele>37.86247740127146</ele>
        <time>2026-08-24T22:27:40.500000Z</time>
        <extensions>
          <gpxtpx:TrackPointExtension>
            <gpxtpx:hr>166</gpxtpx:hr>
          </gpxtpx:TrackPointExtension>
        </extensions>
      </trkpt>
      <trkpt lat="39.99048415627933" lon="116.47828289767942">
        <ele>37.865528248250484</ele>
        <time>2026-08-24T22:27:41.300000Z</time>
        <extensions>
          <gpxtpx:TrackPointExtension>
            <gpxtpx:hr>166</gpxtpx:hr>
          </gpxtpx:TrackPointExtension>
        </extensions>
      </trkpt>
      <trkpt lat="39.9904643416748" lon="116.47831238593541">
        <ele>37.86991588305682</ele>
        <time>2026-08-24T22:27:42.300000Z</time>
        <extensions>
          <gpxtpx:TrackPointExtension>
            <gpxtpx:hr>166</gpxtpx:hr>
          </gpxtpx:TrackPointExtension>
        </extensions>
      </trkpt>
      <trkpt lat="39.99044347481577" lon="116.478342044315">
        <ele>37.87413668911904</ele>
        <time>2026-08-24T22:27:43.300000Z</time>
        <extensions>
          <gpxtpx:TrackPointExtension>
            <gpxtpx:hr>166</gpxtpx:hr>
          </gpxtpx:TrackPointExtension>
        </extensions>
      </trkpt>
      <trkpt lat="39.99042216967042" lon="116.47837142317685">
        <ele>37.876624623313546</ele>
        <time>2026-08-24T22:27:44.300000Z</time>
        <extensions>
          <gpxtpx:TrackPointExtension>
            <gpxtpx:hr>166</gpxtpx:hr>
          </gpxtpx:TrackPointExtension>
        </extensions>
      </trkpt>
      <trkpt lat="39.99040097127001" lon="116.47840020497915">
        <ele>37.875396569259465</ele>
        <time>2026-08-24T22:27:45.300000Z</time>
        <extensions>
          <gpxtpx:TrackPointExtension>
            <gpxtpx:hr>166</gpxtpx:hr>
          </gpxtpx:TrackPointExtension>
        </extensions>
      </trkpt>
      <trkpt lat="39.990380285149314" lon="116.4784284556539">
        <ele>37.86817612871528</ele>
        <time>2026-08-24T22:27:46.300000Z</time>
        <extensions>
          <gpxtpx:TrackPointExtension>
            <gpxtpx:hr>166</gpxtpx:hr>
          </gpxtpx:TrackPointExtension>
        </extensions>
      </trkpt>
      <trkpt lat="39.9903602055889" lon="116.47845601760673">
        <ele>37.8528329860419</ele>
        <time>2026-08-24T22:27:47.300000Z</time>
        <extensions>
          <gpxtpx:TrackPointExtension>
            <gpxtpx:hr>166</gpxtpx:hr>
          </gpxtpx:TrackPointExtension>
        </extensions>
      </trkpt>
      <trkpt lat="39.990340598280405" lon="116.47848225404414">
        <ele>37.82788043003529</ele>
        <time>2026-08-24T22:27:48.300000Z</time>
        <extensions>
          <gpxtpx:TrackPointExtension>
            <gpxtpx:hr>166</gpxtpx:hr>
          </gpxtpx:TrackPointExtension>
        </extensions>
      </trkpt>
      <trkpt lat="39.99032154746455" lon="116.47850725429656">
        <ele>37.79253388661891</ele>
        <time>2026-08-24T22:27:49.300000Z</time>
        <extensions>
          <gpxtpx:TrackPointExtension>
            <gpxtpx:hr>168</gpxtpx:hr>
          </gpxtpx:TrackPointExtension>
        </extensions>
      </trkpt>
      <trkpt lat="39.99030299536584" lon="116.47853191477886">
        <ele>37.74632117245346</ele>
        <time>2026-08-24T22:27:50.300000Z</time>
        <extensions>
          <gpxtpx:TrackPointExtension>
            <gpxtpx:hr>168</gpxtpx:hr>
          </gpxtpx:TrackPointExtension>
        </extensions>
      </trkpt>
      <trkpt lat="39.99028485312213" lon="116.47855686894353">
        <ele>37.68870126735419</ele>
        <time>2026-08-24T22:27:51.300000Z</time>
        <extensions>
          <gpxtpx:TrackPointExtension>
            <gpxtpx:hr>168</gpxtpx:hr>
          </gpxtpx:TrackPointExtension>
        </extensions>
      </trkpt>
      <trkpt lat="39.99026729764303" lon="116.47858215844661">
        <ele>37.61893608048558</ele>
        <time>2026-08-24T22:27:52.300000Z</time>
        <extensions>
          <gpxtpx:TrackPointExtension>
            <gpxtpx:hr>168</gpxtpx:hr>
          </gpxtpx:TrackPointExtension>
        </extensions>
      </trkpt>
      <trkpt lat="39.99025054711843" lon="116.47860768828075">
        <ele>37.53631229605526</ele>
        <time>2026-08-24T22:27:53.300000Z</time>
        <extensions>
          <gpxtpx:TrackPointExtension>
            <gpxtpx:hr>168</gpxtpx:hr>
          </gpxtpx:TrackPointExtension>
        </extensions>
      </trkpt>
      <trkpt lat="39.99023446780725" lon="116.47863340951868">
        <ele>37.44104695506394</ele>
        <time>2026-08-24T22:27:54.300000Z</time>
        <extensions>
          <gpxtpx:TrackPointExtension>
            <gpxtpx:hr>168</gpxtpx:hr>
          </gpxtpx:TrackPointExtension>
        </extensions>
      </trkpt>
      <trkpt lat="39.99021690545937" lon="116.47866244672932">
        <ele>37.321892187930644</ele>
        <time>2026-08-24T22:27:55.400000Z</time>
        <extensions>
          <gpxtpx:TrackPointExtension>
            <gpxtpx:hr>171</gpxtpx:hr>
          </gpxtpx:TrackPointExtension>
        </extensions>
      </trkpt>
      <trkpt lat="39.99020154983765" lon="116.478688081828">
        <ele>37.21285513881594</ele>
        <time>2026-08-24T22:27:56.400000Z</time>
        <extensions>
          <gpxtpx:TrackPointExtension>
            <gpxtpx:hr>171</gpxtpx:hr>
          </gpxtpx:TrackPointExtension>
        </extensions>
      </trkpt>
      <trkpt lat="39.990185976156596" lon="116.47871374313554">
        <ele>37.10642608907074</ele>
        <time>2026-08-24T22:27:57.400000Z</time>
        <extensions>
          <gpxtpx:TrackPointExtension>
            <gpxtpx:hr>171</gpxtpx:hr>
          </gpxtpx:TrackPointExtension>
        </extensions>
      </trkpt>
      <trkpt lat="39.99017017630638" lon="116.47873913672537">
        <ele>37.00636762846261</ele>
        <time>2026-08-24T22:27:58.400000Z</time>
        <extensions>
          <gpxtpx:TrackPointExtension>
            <gpxtpx:hr>171</gpxtpx:hr>
          </gpxtpx:TrackPointExtension>
        </extensions>
      </trkpt>
      <trkpt lat="39.990154153310556" lon="116.47876407571987">
        <ele>36.91544957552105</ele>
        <time>2026-08-24T22:27:59.400000Z</time>
        <extensions>
          <gpxtpx:TrackPointExtension>
            <gpxtpx:hr>171</gpxtpx:hr>
          </gpxtpx:TrackPointExtension>
        </extensions>
      </trkpt>
      <trkpt lat="39.990137822206734" lon="116.47878869143264">
        <ele>36.83566515892744</ele>
        <time>2026-08-24T22:28:00.400000Z</time>
        <extensions>
          <gpxtpx:TrackPointExtension>
            <gpxtpx:hr>170</gpxtpx:hr>
          </gpxtpx:TrackPointExtension>
        </extensions>
      </trkpt>
      <trkpt lat="39.99012116351691" lon="116.47881320874573">
        <ele>36.768417737446725</ele>
        <time>2026-08-24T22:28:01.400000Z</time>
        <extensions>
          <gpxtpx:TrackPointExtension>
            <gpxtpx:hr>170</gpxtpx:hr>
          </gpxtpx:TrackPointExtension>
        </extensions>
      </trkpt>
      <trkpt lat="39.99010426978167" lon="116.47883776331619">
        <ele>36.71479095611721</ele>
        <time>2026-08-24T22:28:02.400000Z</time>
        <extensions>
          <gpxtpx:TrackPointExtension>
            <gpxtpx:hr>170</gpxtpx:hr>
          </gpxtpx:TrackPointExtension>
        </extensions>
      </trkpt>
      <trkpt lat="39.990087083001626" lon="116.47886253824824">
        <ele>36.675791756249964</ele>
        <time>2026-08-24T22:28:03.400000Z</time>
        <extensions>
          <gpxtpx:TrackPointExtension>
            <gpxtpx:hr>170</gpxtpx:hr>
          </gpxtpx:TrackPointExtension>
        </extensions>
      </trkpt>
      <trkpt lat="39.990069563543294" lon="116.47888741523884">
        <ele>36.65252457745373</ele>
        <time>2026-08-24T22:28:04.400000Z</time>
        <extensions>
          <gpxtpx:TrackPointExtension>
            <gpxtpx:hr>171</gpxtpx:hr>
          </gpxtpx:TrackPointExtension>
        </extensions>
      </trkpt>
      <trkpt lat="39.990051722587395" lon="116.47891248768109">
        <ele>36.64561007823795</ele>
        <time>2026-08-24T22:28:05.400000Z</time>
        <extensions>
          <gpxtpx:TrackPointExtension>
            <gpxtpx:hr>171</gpxtpx:hr>
          </gpxtpx:TrackPointExtension>
        </extensions>
      </trkpt>
      <trkpt lat="39.990033808616076" lon="116.47893803252515">
        <ele>36.654384224675596</ele>
        <time>2026-08-24T22:28:06.400000Z</time>
        <extensions>
          <gpxtpx:TrackPointExtension>
            <gpxtpx:hr>171</gpxtpx:hr>
          </gpxtpx:TrackPointExtension>
        </extensions>
      </trkpt>
      <trkpt lat="39.99001612094649" lon="116.47896408236333">
        <ele>36.676842828281224</ele>
        <time>2026-08-24T22:28:07.400000Z</time>
        <extensions>
          <gpxtpx:TrackPointExtension>
            <gpxtpx:hr>171</gpxtpx:hr>
          </gpxtpx:TrackPointExtension>
        </extensions>
      </trkpt>
      <trkpt lat="39.98999874193673" lon="116.47899047494047">
        <ele>36.710072505287826</ele>
        <time>2026-08-24T22:28:08.400000Z</time>
        <extensions>
          <gpxtpx:TrackPointExtension>
            <gpxtpx:hr>171</gpxtpx:hr>
          </gpxtpx:TrackPointExtension>
        </extensions>
      </trkpt>
      <trkpt lat="39.98998148973918" lon="116.47901715689137">
        <ele>36.751027203164995</ele>
        <time>2026-08-24T22:28:09.400000Z</time>
        <extensions>
          <gpxtpx:TrackPointExtension>
            <gpxtpx:hr>172</gpxtpx:hr>
          </gpxtpx:TrackPointExtension>
        </extensions>
      </trkpt>
      <trkpt lat="39.98996442767224" lon="116.47904427301829">
        <ele>36.79733619093895</ele>
        <time>2026-08-24T22:28:10.400000Z</time>
        <extensions>
          <gpxtpx:TrackPointExtension>
            <gpxtpx:hr>172</gpxtpx:hr>
          </gpxtpx:TrackPointExtension>
        </extensions>
      </trkpt>
      <trkpt lat="39.98994790208051" lon="116.47907168901465">
        <ele>36.84763021953404</ele>
        <time>2026-08-24T22:28:11.400000Z</time>
        <extensions>
          <gpxtpx:TrackPointExtension>
            <gpxtpx:hr>172</gpxtpx:hr>
          </gpxtpx:TrackPointExtension>
        </extensions>
      </trkpt>
      <trkpt lat="39.989931752895714" lon="116.4790990489028">
        <ele>36.90116561669856</ele>
        <time>2026-08-24T22:28:12.400000Z</time>
        <extensions>
          <gpxtpx:TrackPointExtension>
            <gpxtpx:hr>172</gpxtpx:hr>
          </gpxtpx:TrackPointExtension>
        </extensions>
      </trkpt>
      <trkpt lat="39.989915428027004" lon="116.47912586654711">
        <ele>36.957420523278415</ele>
        <time>2026-08-24T22:28:13.400000Z</time>
        <extensions>
          <gpxtpx:TrackPointExtension>
            <gpxtpx:hr>172</gpxtpx:hr>
          </gpxtpx:TrackPointExtension>
        </extensions>
      </trkpt>
      <trkpt lat="39.989898795969566" lon="116.47915194345593">
        <ele>37.01598250865936</ele>
        <time>2026-08-24T22:28:14.400000Z</time>
        <extensions>
          <gpxtpx:TrackPointExtension>
            <gpxtpx:hr>172</gpxtpx:hr>
          </gpxtpx:TrackPointExtension>
        </extensions>
      </trkpt>
      <trkpt lat="39.98988191817532" lon="116.47917753410977">
        <ele>37.07639379892498</ele>
        <time>2026-08-24T22:28:15.400000Z</time>
        <extensions>
          <gpxtpx:TrackPointExtension>
            <gpxtpx:hr>172</gpxtpx:hr>
          </gpxtpx:TrackPointExtension>
        </extensions>
      </trkpt>
      <trkpt lat="39.98986472763017" lon="116.47920273748802">
        <ele>37.13796867057681</ele>
        <time>2026-08-24T22:28:16.400000Z</time>
        <extensions>
          <gpxtpx:TrackPointExtension>
            <gpxtpx:hr>172</gpxtpx:hr>
          </gpxtpx:TrackPointExtension>
        </extensions>
      </trkpt>
      <trkpt lat="39.98984709062297" lon="116.4792276837258">
        <ele>37.19949262775481</ele>
        <time>2026-08-24T22:28:17.400000Z</time>
        <extensions>
          <gpxtpx:TrackPointExtension>
            <gpxtpx:hr>170</gpxtpx:hr>
          </gpxtpx:TrackPointExtension>
        </extensions>
      </trkpt>
      <trkpt lat="39.98982888596802" lon="116.47925255889791">
        <ele>37.259245896711946</ele>
        <time>2026-08-24T22:28:18.400000Z</time>
        <extensions>
          <gpxtpx:TrackPointExtension>
            <gpxtpx:hr>170</gpxtpx:hr>
          </gpxtpx:TrackPointExtension>
        </extensions>
      </trkpt>
      <trkpt lat="39.98981016700487" lon="116.4792776433083">
        <ele>37.31542526464909</ele>
        <time>2026-08-24T22:28:19.400000Z</time>
        <extensions>
          <gpxtpx:TrackPointExtension>
            <gpxtpx:hr>170</gpxtpx:hr>
          </gpxtpx:TrackPointExtension>
        </extensions>
      </trkpt>
      <trkpt lat="39.98979136801313" lon="116.4793029723335">
        <ele>37.366442773491144</ele>
        <time>2026-08-24T22:28:20.400000Z</time>
        <extensions>
          <gpxtpx:TrackPointExtension>
            <gpxtpx:hr>170</gpxtpx:hr>
          </gpxtpx:TrackPointExtension>
        </extensions>
      </trkpt>
      <trkpt lat="39.989772927652204" lon="116.47932821586681">
        <ele>37.41077942587435</ele>
        <time>2026-08-24T22:28:21.400000Z</time>
        <extensions>
          <gpxtpx:TrackPointExtension>
            <gpxtpx:hr>170</gpxtpx:hr>
          </gpxtpx:TrackPointExtension>
        </extensions>
      </trkpt>
      <trkpt lat="39.98975486067306" lon="116.47935296911311">
        <ele>37.44703355524689</ele>
        <time>2026-08-24T22:28:22.400000Z</time>
        <extensions>
          <gpxtpx:TrackPointExtension>
            <gpxtpx:hr>170</gpxtpx:hr>
          </gpxtpx:TrackPointExtension>
        </extensions>
      </trkpt>
      <trkpt lat="39.98973712687317" lon="116.47937717338688">
        <ele>37.474778211675584</ele>
        <time>2026-08-24T22:28:23.400000Z</time>
        <extensions>
          <gpxtpx:TrackPointExtension>
            <gpxtpx:hr>170</gpxtpx:hr>
          </gpxtpx:TrackPointExtension>
        </extensions>
      </trkpt>
      <trkpt lat="39.9897197040848" lon="116.47940114736313">
        <ele>37.494558547623456</ele>
        <time>2026-08-24T22:28:24.400000Z</time>
        <extensions>
          <gpxtpx:TrackPointExtension>
            <gpxtpx:hr>171</gpxtpx:hr>
          </gpxtpx:TrackPointExtension>
        </extensions>
      </trkpt>
      <trkpt lat="39.98970250900174" lon="116.47942479998495">
        <ele>37.507397601380944</ele>
        <time>2026-08-24T22:28:25.400000Z</time>
        <extensions>
          <gpxtpx:TrackPointExtension>
            <gpxtpx:hr>171</gpxtpx:hr>
          </gpxtpx:TrackPointExtension>
        </extensions>
      </trkpt>
      <trkpt lat="39.98968562173837" lon="116.47944781557621">
        <ele>37.5145388673991</ele>
        <time>2026-08-24T22:28:26.400000Z</time>
        <extensions>
          <gpxtpx:TrackPointExtension>
            <gpxtpx:hr>171</gpxtpx:hr>
          </gpxtpx:TrackPointExtension>
        </extensions>
      </trkpt>
      <trkpt lat="39.98966937045617" lon="116.47947050570511">
        <ele>37.516941195353866</ele>
        <time>2026-08-24T22:28:27.400000Z</time>
        <extensions>
          <gpxtpx:TrackPointExtension>
            <gpxtpx:hr>171</gpxtpx:hr>
          </gpxtpx:TrackPointExtension>
        </extensions>
      </trkpt>
      <trkpt lat="39.98965390542958" lon="116.47949356107029">
        <ele>37.51533879432827</ele>
        <time>2026-08-24T22:28:28.400000Z</time>
        <extensions>
          <gpxtpx:TrackPointExtension>
            <gpxtpx:hr>171</gpxtpx:hr>
          </gpxtpx:TrackPointExtension>
        </extensions>
      </trkpt>
      <trkpt lat="39.989639037961375" lon="116.47951738490589">
        <ele>37.51061974558979</ele>
        <time>2026-08-24T22:28:29.400000Z</time>
        <extensions>
          <gpxtpx:TrackPointExtension>
            <gpxtpx:hr>171</gpxtpx:hr>
          </gpxtpx:TrackPointExtension>
        </extensions>
      </trkpt>
      <trkpt lat="39.989624614625924" lon="116.47954194550447">
        <ele>37.50380797870457</ele>
        <time>2026-08-24T22:28:30.400000Z</time>
        <extensions>
          <gpxtpx:TrackPointExtension>
            <gpxtpx:hr>171</gpxtpx:hr>
          </gpxtpx:TrackPointExtension>
        </extensions>
      </trkpt>
      <trkpt lat="39.98961020676074" lon="116.47956720302896">
        <ele>37.495761944912374</ele>
        <time>2026-08-24T22:28:31.400000Z</time>
        <extensions>
          <gpxtpx:TrackPointExtension>
            <gpxtpx:hr>172</gpxtpx:hr>
          </gpxtpx:TrackPointExtension>
        </extensions>
      </trkpt>
      <trkpt lat="39.989595347758794" lon="116.479593231231">
        <ele>37.486830863170326</ele>
        <time>2026-08-24T22:28:32.400000Z</time>
        <extensions>
          <gpxtpx:TrackPointExtension>
            <gpxtpx:hr>172</gpxtpx:hr>
          </gpxtpx:TrackPointExtension>
        </extensions>
      </trkpt>
      <trkpt lat="39.98957994301532" lon="116.47961995083234">
        <ele>37.477018259465694</ele>
        <time>2026-08-24T22:28:33.400000Z</time>
        <extensions>
          <gpxtpx:TrackPointExtension>
            <gpxtpx:hr>172</gpxtpx:hr>
          </gpxtpx:TrackPointExtension>
        </extensions>
      </trkpt>
      <trkpt lat="39.98956423393791" lon="116.4796470396287">
        <ele>37.466745249927044</ele>
        <time>2026-08-24T22:28:34.400000Z</time>
        <extensions>
          <gpxtpx:TrackPointExtension>
            <gpxtpx:hr>172</gpxtpx:hr>
          </gpxtpx:TrackPointExtension>
        </extensions>
      </trkpt>
      <trkpt lat="39.98954837659309" lon="116.47967391963874">
        <ele>37.4569477904588</ele>
        <time>2026-08-24T22:28:35.400000Z</time>
        <extensions>
          <gpxtpx:TrackPointExtension>
            <gpxtpx:hr>174</gpxtpx:hr>
          </gpxtpx:TrackPointExtension>
        </extensions>
      </trkpt>
      <trkpt lat="39.98953242512951" lon="116.47970013737239">
        <ele>37.448742679320276</ele>
        <time>2026-08-24T22:28:36.400000Z</time>
        <extensions>
          <gpxtpx:TrackPointExtension>
            <gpxtpx:hr>174</gpxtpx:hr>
          </gpxtpx:TrackPointExtension>
        </extensions>
      </trkpt>
      <trkpt lat="39.989516442981504" lon="116.4797257741533">
        <ele>37.443078411743045</ele>
        <time>2026-08-24T22:28:37.400000Z</time>
        <extensions>
          <gpxtpx:TrackPointExtension>
            <gpxtpx:hr>174</gpxtpx:hr>
          </gpxtpx:TrackPointExtension>
        </extensions>
      </trkpt>
      <trkpt lat="39.98950043190078" lon="116.47975097429011">
        <ele>37.44039866887033</ele>
        <time>2026-08-24T22:28:38.400000Z</time>
        <extensions>
          <gpxtpx:TrackPointExtension>
            <gpxtpx:hr>174</gpxtpx:hr>
          </gpxtpx:TrackPointExtension>
        </extensions>
      </trkpt>
      <trkpt lat="39.98948455476374" lon="116.47977622695447">
        <ele>37.440900593064725</ele>
        <time>2026-08-24T22:28:39.400000Z</time>
        <extensions>
          <gpxtpx:TrackPointExtension>
            <gpxtpx:hr>175</gpxtpx:hr>
          </gpxtpx:TrackPointExtension>
        </extensions>
      </trkpt>
      <trkpt lat="39.989468880716956" lon="116.4798018954318">
        <ele>37.44476975221187</ele>
        <time>2026-08-24T22:28:40.400000Z</time>
        <extensions>
          <gpxtpx:TrackPointExtension>
            <gpxtpx:hr>175</gpxtpx:hr>
          </gpxtpx:TrackPointExtension>
        </extensions>
      </trkpt>
      <trkpt lat="39.98945334946813" lon="116.47982771467825">
        <ele>37.45242301840335</ele>
        <time>2026-08-24T22:28:41.400000Z</time>
        <extensions>
          <gpxtpx:TrackPointExtension>
            <gpxtpx:hr>175</gpxtpx:hr>
          </gpxtpx:TrackPointExtension>
        </extensions>
      </trkpt>
      <trkpt lat="39.98943796571884" lon="116.47985344046968">
        <ele>37.46452564653009</ele>
        <time>2026-08-24T22:28:42.400000Z</time>
        <extensions>
          <gpxtpx:TrackPointExtension>
            <gpxtpx:hr>175</gpxtpx:hr>
          </gpxtpx:TrackPointExtension>
        </extensions>
      </trkpt>
      <trkpt lat="39.98942277430961" lon="116.47987918416628">
        <ele>37.48132742475718</ele>
        <time>2026-08-24T22:28:43.400000Z</time>
        <extensions>
          <gpxtpx:TrackPointExtension>
            <gpxtpx:hr>175</gpxtpx:hr>
          </gpxtpx:TrackPointExtension>
        </extensions>
      </trkpt>
      <trkpt lat="39.989407729529745" lon="116.47990510353851">
        <ele>37.5024673268199</ele>
        <time>2026-08-24T22:28:44.400000Z</time>
        <extensions>
          <gpxtpx:TrackPointExtension>
            <gpxtpx:hr>175</gpxtpx:hr>
          </gpxtpx:TrackPointExtension>
        </extensions>
      </trkpt>
      <trkpt lat="39.9893925589403" lon="116.47993112868905">
        <ele>37.527455408126116</ele>
        <time>2026-08-24T22:28:45.400000Z</time>
        <extensions>
          <gpxtpx:TrackPointExtension>
            <gpxtpx:hr>174</gpxtpx:hr>
          </gpxtpx:TrackPointExtension>
        </extensions>
      </trkpt>
      <trkpt lat="39.98937674686304" lon="116.47995672245172">
        <ele>37.55589726194739</ele>
        <time>2026-08-24T22:28:46.400000Z</time>
        <extensions>
          <gpxtpx:TrackPointExtension>
            <gpxtpx:hr>174</gpxtpx:hr>
          </gpxtpx:TrackPointExtension>
        </extensions>
      </trkpt>
      <trkpt lat="39.9893601988093" lon="116.47998132241375">
        <ele>37.58752134349197</ele>
        <time>2026-08-24T22:28:47.400000Z</time>
        <extensions>
          <gpxtpx:TrackPointExtension>
            <gpxtpx:hr>174</gpxtpx:hr>
          </gpxtpx:TrackPointExtension>
        </extensions>
      </trkpt>
      <trkpt lat="39.98934320559294" lon="116.48000436566676">
        <ele>37.622144378721714</ele>
        <time>2026-08-24T22:28:48.300000Z</time>
        <extensions>
          <gpxtpx:TrackPointExtension>
            <gpxtpx:hr>174</gpxtpx:hr>
          </gpxtpx:TrackPointExtension>
        </extensions>
      </trkpt>
      <trkpt lat="39.9893261282713" lon="116.48002544775957">
        <ele>37.659612813964486</ele>
        <time>2026-08-24T22:28:49.300000Z</time>
        <extensions>
          <gpxtpx:TrackPointExtension>
            <gpxtpx:hr>174</gpxtpx:hr>
          </gpxtpx:TrackPointExtension>
        </extensions>
      </trkpt>
      <trkpt lat="39.98930912750999" lon="116.48004447923302">
        <ele>37.69967022258788</ele>
        <time>2026-08-24T22:28:50.300000Z</time>
        <extensions>
          <gpxtpx:TrackPointExtension>
            <gpxtpx:hr>174</gpxtpx:hr>
          </gpxtpx:TrackPointExtension>
        </extensions>
      </trkpt>
      <trkpt lat="39.98929213972542" lon="116.48006126022587">
        <ele>37.741616263985634</ele>
        <time>2026-08-24T22:28:51.300000Z</time>
        <extensions>
          <gpxtpx:TrackPointExtension>
            <gpxtpx:hr>174</gpxtpx:hr>
          </gpxtpx:TrackPointExtension>
        </extensions>
      </trkpt>
      <trkpt lat="39.9892749940896" lon="116.4800755780614">
        <ele>37.783723511733115</ele>
        <time>2026-08-24T22:28:52.300000Z</time>
        <extensions>
          <gpxtpx:TrackPointExtension>
            <gpxtpx:hr>174</gpxtpx:hr>
          </gpxtpx:TrackPointExtension>
        </extensions>
      </trkpt>
      <trkpt lat="39.98925842099094" lon="116.4800873758194">
        <ele>37.822265782393515</ele>
        <time>2026-08-24T22:28:53.300000Z</time>
        <extensions>
          <gpxtpx:TrackPointExtension>
            <gpxtpx:hr>174</gpxtpx:hr>
          </gpxtpx:TrackPointExtension>
        </extensions>
      </trkpt>
      <trkpt lat="39.98924307954566" lon="116.48009961611773">
        <ele>37.8557256963104</ele>
        <time>2026-08-24T22:28:54.300000Z</time>
        <extensions>
          <gpxtpx:TrackPointExtension>
            <gpxtpx:hr>174</gpxtpx:hr>
          </gpxtpx:TrackPointExtension>
        </extensions>
      </trkpt>
      <trkpt lat="39.98923024462091" lon="116.48011397703985">
        <ele>37.88107585441321</ele>
        <time>2026-08-24T22:28:55.300000Z</time>
        <extensions>
          <gpxtpx:TrackPointExtension>
            <gpxtpx:hr>174</gpxtpx:hr>
          </gpxtpx:TrackPointExtension>
        </extensions>
      </trkpt>
      <trkpt lat="39.9892197395993" lon="116.48012883492895">
        <ele>37.89602389745414</ele>
        <time>2026-08-24T22:28:56.300000Z</time>
        <extensions>
          <gpxtpx:TrackPointExtension>
            <gpxtpx:hr>174</gpxtpx:hr>
          </gpxtpx:TrackPointExtension>
        </extensions>
      </trkpt>
      <trkpt lat="39.98920969754846" lon="116.48014426294388">
        <ele>37.90077108517289</ele>
        <time>2026-08-24T22:28:57.300000Z</time>
        <extensions>
          <gpxtpx:TrackPointExtension>
            <gpxtpx:hr>174</gpxtpx:hr>
          </gpxtpx:TrackPointExtension>
        </extensions>
      </trkpt>
      <trkpt lat="39.989200356981335" lon="116.4801596089893">
        <ele>37.894613133743405</ele>
        <time>2026-08-24T22:28:58.300000Z</time>
        <extensions>
          <gpxtpx:TrackPointExtension>
            <gpxtpx:hr>174</gpxtpx:hr>
          </gpxtpx:TrackPointExtension>
        </extensions>
      </trkpt>
      <trkpt lat="39.989192305416445" lon="116.48017475748632">
        <ele>37.87825667485595</ele>
        <time>2026-08-24T22:28:59.300000Z</time>
        <extensions>
          <gpxtpx:TrackPointExtension>
            <gpxtpx:hr>174</gpxtpx:hr>
          </gpxtpx:TrackPointExtension>
        </extensions>
      </trkpt>
      <trkpt lat="39.989186446645675" lon="116.48018974460645">
        <ele>37.85290899593383</ele>
        <time>2026-08-24T22:29:00.300000Z</time>
        <extensions>
          <gpxtpx:TrackPointExtension>
            <gpxtpx:hr>173</gpxtpx:hr>
          </gpxtpx:TrackPointExtension>
        </extensions>
      </trkpt>
      <trkpt lat="39.98918176576173" lon="116.48020432066143">
        <ele>37.8197759212926</ele>
        <time>2026-08-24T22:29:01.300000Z</time>
        <extensions>
          <gpxtpx:TrackPointExtension>
            <gpxtpx:hr>173</gpxtpx:hr>
          </gpxtpx:TrackPointExtension>
        </extensions>
      </trkpt>
      <trkpt lat="39.989175862590564" lon="116.48021869401344">
        <ele>37.77965475525707</ele>
        <time>2026-08-24T22:29:02.300000Z</time>
        <extensions>
          <gpxtpx:TrackPointExtension>
            <gpxtpx:hr>173</gpxtpx:hr>
          </gpxtpx:TrackPointExtension>
        </extensions>
      </trkpt>
      <trkpt lat="39.989167497873744" lon="116.48023387351311">
        <ele>37.73268405534327</ele>
        <time>2026-08-24T22:29:03.300000Z</time>
        <extensions>
          <gpxtpx:TrackPointExtension>
            <gpxtpx:hr>173</gpxtpx:hr>
          </gpxtpx:TrackPointExtension>
        </extensions>
      </trkpt>
      <trkpt lat="39.98915671889761" lon="116.48025047260883">
        <ele>37.67953458800912</ele>
        <time>2026-08-24T22:29:04.300000Z</time>
        <extensions>
          <gpxtpx:TrackPointExtension>
            <gpxtpx:hr>170</gpxtpx:hr>
          </gpxtpx:TrackPointExtension>
        </extensions>
      </trkpt>
      <trkpt lat="39.98914456122624" lon="116.48026747985645">
        <ele>37.620173503644764</ele>
        <time>2026-08-24T22:29:05.300000Z</time>
        <extensions>
          <gpxtpx:TrackPointExtension>
            <gpxtpx:hr>170</gpxtpx:hr>
          </gpxtpx:TrackPointExtension>
        </extensions>
      </trkpt>
      <trkpt lat="39.98913212337902" lon="116.48028332650064">
        <ele>37.557089023292065</ele>
        <time>2026-08-24T22:29:06.300000Z</time>
        <extensions>
          <gpxtpx:TrackPointExtension>
            <gpxtpx:hr>170</gpxtpx:hr>
          </gpxtpx:TrackPointExtension>
        </extensions>
      </trkpt>
      <trkpt lat="39.989120147210876" lon="116.48029869213843">
        <ele>37.494426746852696</ele>
        <time>2026-08-24T22:29:07.300000Z</time>
        <extensions>
          <gpxtpx:TrackPointExtension>
            <gpxtpx:hr>170</gpxtpx:hr>
          </gpxtpx:TrackPointExtension>
        </extensions>
      </trkpt>
      <trkpt lat="39.98910995694482" lon="116.48031505031854">
        <ele>37.43643368035555</ele>
        <time>2026-08-24T22:29:08.300000Z</time>
        <extensions>
          <gpxtpx:TrackPointExtension>
            <gpxtpx:hr>171</gpxtpx:hr>
          </gpxtpx:TrackPointExtension>
        </extensions>
      </trkpt>
      <trkpt lat="39.98910190687952" lon="116.48033275463555">
        <ele>37.386383505538106</ele>
        <time>2026-08-24T22:29:09.300000Z</time>
        <extensions>
          <gpxtpx:TrackPointExtension>
            <gpxtpx:hr>171</gpxtpx:hr>
          </gpxtpx:TrackPointExtension>
        </extensions>
      </trkpt>
      <trkpt lat="39.98909470806418" lon="116.48035082609893">
        <ele>37.34634986612946</ele>
        <time>2026-08-24T22:29:10.300000Z</time>
        <extensions>
          <gpxtpx:TrackPointExtension>
            <gpxtpx:hr>171</gpxtpx:hr>
          </gpxtpx:TrackPointExtension>
        </extensions>
      </trkpt>
      <trkpt lat="39.98908714114744" lon="116.48036869561953">
        <ele>37.31706869509071</ele>
        <time>2026-08-24T22:29:11.300000Z</time>
        <extensions>
          <gpxtpx:TrackPointExtension>
            <gpxtpx:hr>171</gpxtpx:hr>
          </gpxtpx:TrackPointExtension>
        </extensions>
      </trkpt>
      <trkpt lat="39.98907880002134" lon="116.48038600998049">
        <ele>37.297972878441215</ele>
        <time>2026-08-24T22:29:12.300000Z</time>
        <extensions>
          <gpxtpx:TrackPointExtension>
            <gpxtpx:hr>171</gpxtpx:hr>
          </gpxtpx:TrackPointExtension>
        </extensions>
      </trkpt>
      <trkpt lat="39.989069561451295" lon="116.48040242862018">
        <ele>37.28777921758592</ele>
        <time>2026-08-24T22:29:13.300000Z</time>
        <extensions>
          <gpxtpx:TrackPointExtension>
            <gpxtpx:hr>171</gpxtpx:hr>
          </gpxtpx:TrackPointExtension>
        </extensions>
      </trkpt>
      <trkpt lat="39.98905959150663" lon="116.48041767770744">
        <ele>37.28512129466981</ele>
        <time>2026-08-24T22:29:14.300000Z</time>
        <extensions>
          <gpxtpx:TrackPointExtension>
            <gpxtpx:hr>167</gpxtpx:hr>
          </gpxtpx:TrackPointExtension>
        </extensions>
      </trkpt>
      <trkpt lat="39.989049293895604" lon="116.48043120604176">
        <ele>37.28845806978643</ele>
        <time>2026-08-24T22:29:15.300000Z</time>
        <extensions>
          <gpxtpx:TrackPointExtension>
            <gpxtpx:hr>167</gpxtpx:hr>
          </gpxtpx:TrackPointExtension>
        </extensions>
      </trkpt>
      <trkpt lat="39.98903890922756" lon="116.48044299312448">
        <ele>37.29614879656583</ele>
        <time>2026-08-24T22:29:16.300000Z</time>
        <extensions>
          <gpxtpx:TrackPointExtension>
            <gpxtpx:hr>167</gpxtpx:hr>
          </gpxtpx:TrackPointExtension>
        </extensions>
      </trkpt>
      <trkpt lat="39.989028427393364" lon="116.48045368822989">
        <ele>37.30639176256955</ele>
        <time>2026-08-24T22:29:17.300000Z</time>
        <extensions>
          <gpxtpx:TrackPointExtension>
            <gpxtpx:hr>167</gpxtpx:hr>
          </gpxtpx:TrackPointExtension>
        </extensions>
      </trkpt>
      <trkpt lat="39.989017544127876" lon="116.48046368675544">
        <ele>37.31745085120201</ele>
        <time>2026-08-24T22:29:18.300000Z</time>
        <extensions>
          <gpxtpx:TrackPointExtension>
            <gpxtpx:hr>167</gpxtpx:hr>
          </gpxtpx:TrackPointExtension>
        </extensions>
      </trkpt>
      <trkpt lat="39.989006159013414" lon="116.48047307350635">
        <ele>37.327703352086246</ele>
        <time>2026-08-24T22:29:19.300000Z</time>
        <extensions>
          <gpxtpx:TrackPointExtension>
            <gpxtpx:hr>167</gpxtpx:hr>
          </gpxtpx:TrackPointExtension>
        </extensions>
      </trkpt>
      <trkpt lat="39.988994618244156" lon="116.48048225412208">
        <ele>37.33577656839043</ele>
        <time>2026-08-24T22:29:20.300000Z</time>
        <extensions>
          <gpxtpx:TrackPointExtension>
            <gpxtpx:hr>165</gpxtpx:hr>
          </gpxtpx:TrackPointExtension>
        </extensions>
      </trkpt>
      <trkpt lat="39.98898308278995" lon="116.48049151128203">
        <ele>37.34073465131223</ele>
        <time>2026-08-24T22:29:21.300000Z</time>
        <extensions>
          <gpxtpx:TrackPointExtension>
            <gpxtpx:hr>165</gpxtpx:hr>
          </gpxtpx:TrackPointExtension>
        </extensions>
      </trkpt>
      <trkpt lat="39.988971460883356" lon="116.48050062345067">
        <ele>37.34196385089308</ele>
        <time>2026-08-24T22:29:22.300000Z</time>
        <extensions>
          <gpxtpx:TrackPointExtension>
            <gpxtpx:hr>165</gpxtpx:hr>
          </gpxtpx:TrackPointExtension>
        </extensions>
      </trkpt>
      <trkpt lat="39.988959696994726" lon="116.48050950027758">
        <ele>37.339122210629284</ele>
        <time>2026-08-24T22:29:23.300000Z</time>
        <extensions>
          <gpxtpx:TrackPointExtension>
            <gpxtpx:hr>165</gpxtpx:hr>
          </gpxtpx:TrackPointExtension>
        </extensions>
      </trkpt>
      <trkpt lat="39.98894774998865" lon="116.48051815906811">
        <ele>37.332097065635026</ele>
        <time>2026-08-24T22:29:24.300000Z</time>
        <extensions>
          <gpxtpx:TrackPointExtension>
            <gpxtpx:hr>162</gpxtpx:hr>
          </gpxtpx:TrackPointExtension>
        </extensions>
      </trkpt>
      <trkpt lat="39.988935687774344" lon="116.48052678932712">
        <ele>37.32073715236038</ele>
        <time>2026-08-24T22:29:25.300000Z</time>
        <extensions>
          <gpxtpx:TrackPointExtension>
            <gpxtpx:hr>162</gpxtpx:hr>
          </gpxtpx:TrackPointExtension>
        </extensions>
      </trkpt>
      <trkpt lat="39.98892386061885" lon="116.48053619268991">
        <ele>37.30458774510771</ele>
        <time>2026-08-24T22:29:26.300000Z</time>
        <extensions>
          <gpxtpx:TrackPointExtension>
            <gpxtpx:hr>162</gpxtpx:hr>
          </gpxtpx:TrackPointExtension>
        </extensions>
      </trkpt>
      <trkpt lat="39.98891227424614" lon="116.48054658131701">
        <ele>37.28289196360856</ele>
        <time>2026-08-24T22:29:27.300000Z</time>
        <extensions>
          <gpxtpx:TrackPointExtension>
            <gpxtpx:hr>162</gpxtpx:hr>
          </gpxtpx:TrackPointExtension>
        </extensions>
      </trkpt>
      <trkpt lat="39.98890065952592" lon="116.4805575564558">
        <ele>37.254969948902726</ele>
        <time>2026-08-24T22:29:28.300000Z</time>
        <extensions>
          <gpxtpx:TrackPointExtension>
            <gpxtpx:hr>162</gpxtpx:hr>
          </gpxtpx:TrackPointExtension>
        </extensions>
      </trkpt>
      <trkpt lat="39.98888904555469" lon="116.48056912052503">
        <ele>37.22042340785265</ele>
        <time>2026-08-24T22:29:29.300000Z</time>
        <extensions>
          <gpxtpx:TrackPointExtension>
            <gpxtpx:hr>158</gpxtpx:hr>
          </gpxtpx:TrackPointExtension>
        </extensions>
      </trkpt>
      <trkpt lat="39.98887762697438" lon="116.48058149596288">
        <ele>37.17910313978791</ele>
        <time>2026-08-24T22:29:30.300000Z</time>
        <extensions>
          <gpxtpx:TrackPointExtension>
            <gpxtpx:hr>158</gpxtpx:hr>
          </gpxtpx:TrackPointExtension>
        </extensions>
      </trkpt>
      <trkpt lat="39.988866646101485" lon="116.48059493588819">
        <ele>37.130976296029985</ele>
        <time>2026-08-24T22:29:31.300000Z</time>
        <extensions>
          <gpxtpx:TrackPointExtension>
            <gpxtpx:hr>158</gpxtpx:hr>
          </gpxtpx:TrackPointExtension>
        </extensions>
      </trkpt>
      <trkpt lat="39.98885616310341" lon="116.48060948838787">
        <ele>37.07619058340788</ele>
        <time>2026-08-24T22:29:32.300000Z</time>
        <extensions>
          <gpxtpx:TrackPointExtension>
            <gpxtpx:hr>158</gpxtpx:hr>
          </gpxtpx:TrackPointExtension>
        </extensions>
      </trkpt>
      <trkpt lat="39.98884586532683" lon="116.48062537189759">
        <ele>37.01533485762775</ele>
        <time>2026-08-24T22:29:33.300000Z</time>
        <extensions>
          <gpxtpx:TrackPointExtension>
            <gpxtpx:hr>157</gpxtpx:hr>
          </gpxtpx:TrackPointExtension>
        </extensions>
      </trkpt>
      <trkpt lat="39.98883552287872" lon="116.48064296208558">
        <ele>36.949543482623994</ele>
        <time>2026-08-24T22:29:34.300000Z</time>
        <extensions>
          <gpxtpx:TrackPointExtension>
            <gpxtpx:hr>157</gpxtpx:hr>
          </gpxtpx:TrackPointExtension>
        </extensions>
      </trkpt>
      <trkpt lat="39.98882491056672" lon="116.48066250651839">
        <ele>36.88030244689435</ele>
        <time>2026-08-24T22:29:35.300000Z</time>
        <extensions>
          <gpxtpx:TrackPointExtension>
            <gpxtpx:hr>157</gpxtpx:hr>
          </gpxtpx:TrackPointExtension>
        </extensions>
      </trkpt>
      <trkpt lat="39.988813401781385" lon="116.48068451895189">
        <ele>36.80928937345743</ele>
        <time>2026-08-24T22:29:36.300000Z</time>
        <extensions>
          <gpxtpx:TrackPointExtension>
            <gpxtpx:hr>157</gpxtpx:hr>
          </gpxtpx:TrackPointExtension>
        </extensions>
      </trkpt>
      <trkpt lat="39.9888006056154" lon="116.48070920435781">
        <ele>36.73831912316382</ele>
        <time>2026-08-24T22:29:37.300000Z</time>
        <extensions>
          <gpxtpx:TrackPointExtension>
            <gpxtpx:hr>157</gpxtpx:hr>
          </gpxtpx:TrackPointExtension>
        </extensions>
      </trkpt>
      <trkpt lat="39.988786865001074" lon="116.48073489601535">
        <ele>36.669091367162764</ele>
        <time>2026-08-24T22:29:38.300000Z</time>
        <extensions>
          <gpxtpx:TrackPointExtension>
            <gpxtpx:hr>157</gpxtpx:hr>
          </gpxtpx:TrackPointExtension>
        </extensions>
      </trkpt>
      <trkpt lat="39.9887734079824" lon="116.48075863865746">
        <ele>36.6029909895733</ele>
        <time>2026-08-24T22:29:39.300000Z</time>
        <extensions>
          <gpxtpx:TrackPointExtension>
            <gpxtpx:hr>155</gpxtpx:hr>
          </gpxtpx:TrackPointExtension>
        </extensions>
      </trkpt>
      <trkpt lat="39.98876062967341" lon="116.48077993544993">
        <ele>36.54131796211004</ele>
        <time>2026-08-24T22:29:40.300000Z</time>
        <extensions>
          <gpxtpx:TrackPointExtension>
            <gpxtpx:hr>155</gpxtpx:hr>
          </gpxtpx:TrackPointExtension>
        </extensions>
      </trkpt>
      <trkpt lat="39.98874773271045" lon="116.48080027252502">
        <ele>36.48551232740283</ele>
        <time>2026-08-24T22:29:41.300000Z</time>
        <extensions>
          <gpxtpx:TrackPointExtension>
            <gpxtpx:hr>155</gpxtpx:hr>
          </gpxtpx:TrackPointExtension>
        </extensions>
      </trkpt>
      <trkpt lat="39.98873403026378" lon="116.48082109765049">
        <ele>36.43700277619064</ele>
        <time>2026-08-24T22:29:42.200000Z</time>
        <extensions>
          <gpxtpx:TrackPointExtension>
            <gpxtpx:hr>155</gpxtpx:hr>
          </gpxtpx:TrackPointExtension>
        </extensions>
      </trkpt>
      <trkpt lat="39.988718840237624" lon="116.48084390121521">
        <ele>36.396775281988084</ele>
        <time>2026-08-24T22:29:43.200000Z</time>
        <extensions>
          <gpxtpx:TrackPointExtension>
            <gpxtpx:hr>155</gpxtpx:hr>
          </gpxtpx:TrackPointExtension>
        </extensions>
      </trkpt>
      <trkpt lat="39.98870189425125" lon="116.48086886509664">
        <ele>36.36497014760971</ele>
        <time>2026-08-24T22:29:44.200000Z</time>
        <extensions>
          <gpxtpx:TrackPointExtension>
            <gpxtpx:hr>155</gpxtpx:hr>
          </gpxtpx:TrackPointExtension>
        </extensions>
      </trkpt>
      <trkpt lat="39.98868357448163" lon="116.48089523986627">
        <ele>36.34088469110429</ele>
        <time>2026-08-24T22:29:45.200000Z</time>
        <extensions>
          <gpxtpx:TrackPointExtension>
            <gpxtpx:hr>155</gpxtpx:hr>
          </gpxtpx:TrackPointExtension>
        </extensions>
      </trkpt>
      <trkpt lat="39.98866453610067" lon="116.4809226613819">
        <ele>36.3235776014626</ele>
        <time>2026-08-24T22:29:46.200000Z</time>
        <extensions>
          <gpxtpx:TrackPointExtension>
            <gpxtpx:hr>155</gpxtpx:hr>
          </gpxtpx:TrackPointExtension>
        </extensions>
      </trkpt>
      <trkpt lat="39.98864503576522" lon="116.48095080041772">
        <ele>36.31213551852852</ele>
        <time>2026-08-24T22:29:47.200000Z</time>
        <extensions>
          <gpxtpx:TrackPointExtension>
            <gpxtpx:hr>155</gpxtpx:hr>
          </gpxtpx:TrackPointExtension>
        </extensions>
      </trkpt>
      <trkpt lat="39.988625095915495" lon="116.48097930868356">
        <ele>36.30529601033777</ele>
        <time>2026-08-24T22:29:48.200000Z</time>
        <extensions>
          <gpxtpx:TrackPointExtension>
            <gpxtpx:hr>155</gpxtpx:hr>
          </gpxtpx:TrackPointExtension>
        </extensions>
      </trkpt>
      <trkpt lat="39.988605138915666" lon="116.48100863060469">
        <ele>36.30142572335899</ele>
        <time>2026-08-24T22:29:49.200000Z</time>
        <extensions>
          <gpxtpx:TrackPointExtension>
            <gpxtpx:hr>160</gpxtpx:hr>
          </gpxtpx:TrackPointExtension>
        </extensions>
      </trkpt>
      <trkpt lat="39.98858553999487" lon="116.48103917071994">
        <ele>36.29887125920504</ele>
        <time>2026-08-24T22:29:50.200000Z</time>
        <extensions>
          <gpxtpx:TrackPointExtension>
            <gpxtpx:hr>160</gpxtpx:hr>
          </gpxtpx:TrackPointExtension>
        </extensions>
      </trkpt>
      <trkpt lat="39.98856640933494" lon="116.4810704430511">
        <ele>36.29638077877462</ele>
        <time>2026-08-24T22:29:51.200000Z</time>
        <extensions>
          <gpxtpx:TrackPointExtension>
            <gpxtpx:hr>160</gpxtpx:hr>
          </gpxtpx:TrackPointExtension>
        </extensions>
      </trkpt>
      <trkpt lat="39.988547962099496" lon="116.48110181874759">
        <ele>36.293274043127894</ele>
        <time>2026-08-24T22:29:52.200000Z</time>
        <extensions>
          <gpxtpx:TrackPointExtension>
            <gpxtpx:hr>160</gpxtpx:hr>
          </gpxtpx:TrackPointExtension>
        </extensions>
      </trkpt>
      <trkpt lat="39.98853051418902" lon="116.48113294719093">
        <ele>36.28932991903275</ele>
        <time>2026-08-24T22:29:53.200000Z</time>
        <extensions>
          <gpxtpx:TrackPointExtension>
            <gpxtpx:hr>160</gpxtpx:hr>
          </gpxtpx:TrackPointExtension>
        </extensions>
      </trkpt>
      <trkpt lat="39.98851404480351" lon="116.48116362501324">
        <ele>36.284540329128504</ele>
        <time>2026-08-24T22:29:54.200000Z</time>
        <extensions>
          <gpxtpx:TrackPointExtension>
            <gpxtpx:hr>160</gpxtpx:hr>
          </gpxtpx:TrackPointExtension>
        </extensions>
      </trkpt>
      <trkpt lat="39.98849809764225" lon="116.48119361980767">
        <ele>36.27883882727474</ele>
        <time>2026-08-24T22:29:55.200000Z</time>
        <extensions>
          <gpxtpx:TrackPointExtension>
            <gpxtpx:hr>160</gpxtpx:hr>
          </gpxtpx:TrackPointExtension>
        </extensions>
      </trkpt>
      <trkpt lat="39.988482418895785" lon="116.48122304933416">
        <ele>36.272332481108606</ele>
        <time>2026-08-24T22:29:56.200000Z</time>
        <extensions>
          <gpxtpx:TrackPointExtension>
            <gpxtpx:hr>160</gpxtpx:hr>
          </gpxtpx:TrackPointExtension>
        </extensions>
      </trkpt>
      <trkpt lat="39.988466739821625" lon="116.48125247713224">
        <ele>36.265437697060406</ele>
        <time>2026-08-24T22:29:57.200000Z</time>
        <extensions>
          <gpxtpx:TrackPointExtension>
            <gpxtpx:hr>163</gpxtpx:hr>
          </gpxtpx:TrackPointExtension>
        </extensions>
      </trkpt>
      <trkpt lat="39.988450678675804" lon="116.48128189180916">
        <ele>36.25851575657725</ele>
        <time>2026-08-24T22:29:58.200000Z</time>
        <extensions>
          <gpxtpx:TrackPointExtension>
            <gpxtpx:hr>163</gpxtpx:hr>
          </gpxtpx:TrackPointExtension>
        </extensions>
      </trkpt>
      <trkpt lat="39.98843419562428" lon="116.48131075751371">
        <ele>36.251795147545636</ele>
        <time>2026-08-24T22:29:59.200000Z</time>
        <extensions>
          <gpxtpx:TrackPointExtension>
            <gpxtpx:hr>163</gpxtpx:hr>
          </gpxtpx:TrackPointExtension>
        </extensions>
      </trkpt>
      <trkpt lat="39.988417451625956" lon="116.48133890265703">
        <ele>36.24551220238209</ele>
        <time>2026-08-24T22:30:00.200000Z</time>
        <extensions>
          <gpxtpx:TrackPointExtension>
            <gpxtpx:hr>163</gpxtpx:hr>
          </gpxtpx:TrackPointExtension>
        </extensions>
      </trkpt>
      <trkpt lat="39.988400545789986" lon="116.48136640115438">
        <ele>36.24007889814675</ele>
        <time>2026-08-24T22:30:01.200000Z</time>
        <extensions>
          <gpxtpx:TrackPointExtension>
            <gpxtpx:hr>163</gpxtpx:hr>
          </gpxtpx:TrackPointExtension>
        </extensions>
      </trkpt>
      <trkpt lat="39.988383600691265" lon="116.48139341831117">
        <ele>36.236097128130496</ele>
        <time>2026-08-24T22:30:02.200000Z</time>
        <extensions>
          <gpxtpx:TrackPointExtension>
            <gpxtpx:hr>163</gpxtpx:hr>
          </gpxtpx:TrackPointExtension>
        </extensions>
      </trkpt>
      <trkpt lat="39.98836664654384" lon="116.48142004005561">
        <ele>36.23423910047859</ele>
        <time>2026-08-24T22:30:03.200000Z</time>
        <extensions>
          <gpxtpx:TrackPointExtension>
            <gpxtpx:hr>163</gpxtpx:hr>
          </gpxtpx:TrackPointExtension>
        </extensions>
      </trkpt>
      <trkpt lat="39.98834963665401" lon="116.48144594354099">
        <ele>36.23520369827747</ele>
        <time>2026-08-24T22:30:04.200000Z</time>
        <extensions>
          <gpxtpx:TrackPointExtension>
            <gpxtpx:hr>164</gpxtpx:hr>
          </gpxtpx:TrackPointExtension>
        </extensions>
      </trkpt>
      <trkpt lat="39.988332835447814" lon="116.48147070381012">
        <ele>36.23981414362788</ele>
        <time>2026-08-24T22:30:05.200000Z</time>
        <extensions>
          <gpxtpx:TrackPointExtension>
            <gpxtpx:hr>164</gpxtpx:hr>
          </gpxtpx:TrackPointExtension>
        </extensions>
      </trkpt>
      <trkpt lat="39.98831640418784" lon="116.48149394507539">
        <ele>36.248939343728125</ele>
        <time>2026-08-24T22:30:06.200000Z</time>
        <extensions>
          <gpxtpx:TrackPointExtension>
            <gpxtpx:hr>164</gpxtpx:hr>
          </gpxtpx:TrackPointExtension>
        </extensions>
      </trkpt>
      <trkpt lat="39.98830020642399" lon="116.48151537742153">
        <ele>36.26309812813997</ele>
        <time>2026-08-24T22:30:07.200000Z</time>
        <extensions>
          <gpxtpx:TrackPointExtension>
            <gpxtpx:hr>164</gpxtpx:hr>
          </gpxtpx:TrackPointExtension>
        </extensions>
      </trkpt>
      <trkpt lat="39.98828433624808" lon="116.481535003771">
        <ele>36.28235574904829</ele>
        <time>2026-08-24T22:30:08.200000Z</time>
        <extensions>
          <gpxtpx:TrackPointExtension>
            <gpxtpx:hr>164</gpxtpx:hr>
          </gpxtpx:TrackPointExtension>
        </extensions>
      </trkpt>
      <trkpt lat="39.98826934798227" lon="116.48155291695561">
        <ele>36.30657512880862</ele>
        <time>2026-08-24T22:30:09.200000Z</time>
        <extensions>
          <gpxtpx:TrackPointExtension>
            <gpxtpx:hr>164</gpxtpx:hr>
          </gpxtpx:TrackPointExtension>
        </extensions>
      </trkpt>
      <trkpt lat="39.98825591249061" lon="116.48156863688114">
        <ele>36.335647895000875</ele>
        <time>2026-08-24T22:30:10.200000Z</time>
        <extensions>
          <gpxtpx:TrackPointExtension>
            <gpxtpx:hr>166</gpxtpx:hr>
          </gpxtpx:TrackPointExtension>
        </extensions>
      </trkpt>
      <trkpt lat="39.98824430924114" lon="116.48158225226496">
        <ele>36.369349820539355</ele>
        <time>2026-08-24T22:30:11.200000Z</time>
        <extensions>
          <gpxtpx:TrackPointExtension>
            <gpxtpx:hr>166</gpxtpx:hr>
          </gpxtpx:TrackPointExtension>
        </extensions>
      </trkpt>
      <trkpt lat="39.98823372527374" lon="116.48159439231208">
        <ele>36.40677699260414</ele>
        <time>2026-08-24T22:30:12.200000Z</time>
        <extensions>
          <gpxtpx:TrackPointExtension>
            <gpxtpx:hr>166</gpxtpx:hr>
          </gpxtpx:TrackPointExtension>
        </extensions>
      </trkpt>
      <trkpt lat="39.988223125231784" lon="116.48160545186474">
        <ele>36.44634540192783</ele>
        <time>2026-08-24T22:30:13.200000Z</time>
        <extensions>
          <gpxtpx:TrackPointExtension>
            <gpxtpx:hr>166</gpxtpx:hr>
          </gpxtpx:TrackPointExtension>
        </extensions>
      </trkpt>
      <trkpt lat="39.98821233705665" lon="116.48161580038112">
        <ele>36.486222537234426</ele>
        <time>2026-08-24T22:30:14.200000Z</time>
        <extensions>
          <gpxtpx:TrackPointExtension>
            <gpxtpx:hr>166</gpxtpx:hr>
          </gpxtpx:TrackPointExtension>
        </extensions>
      </trkpt>
      <trkpt lat="39.98820186845749" lon="116.48162541458979">
        <ele>36.52472208160907</ele>
        <time>2026-08-24T22:30:15.200000Z</time>
        <extensions>
          <gpxtpx:TrackPointExtension>
            <gpxtpx:hr>165</gpxtpx:hr>
          </gpxtpx:TrackPointExtension>
        </extensions>
      </trkpt>
      <trkpt lat="39.98819245627682" lon="116.48163370496427">
        <ele>36.56047806981951</ele>
        <time>2026-08-24T22:30:16.200000Z</time>
        <extensions>
          <gpxtpx:TrackPointExtension>
            <gpxtpx:hr>165</gpxtpx:hr>
          </gpxtpx:TrackPointExtension>
        </extensions>
      </trkpt>
      <trkpt lat="39.9881847220333" lon="116.48164024484939">
        <ele>36.59267891384661</ele>
        <time>2026-08-24T22:30:17.200000Z</time>
        <extensions>
          <gpxtpx:TrackPointExtension>
            <gpxtpx:hr>165</gpxtpx:hr>
          </gpxtpx:TrackPointExtension>
        </extensions>
      </trkpt>
      <trkpt lat="39.98817900040505" lon="116.48164539004178">
        <ele>36.62142774928361</ele>
        <time>2026-08-24T22:30:18.200000Z</time>
        <extensions>
          <gpxtpx:TrackPointExtension>
            <gpxtpx:hr>165</gpxtpx:hr>
          </gpxtpx:TrackPointExtension>
        </extensions>
      </trkpt>
      <trkpt lat="39.98817492297109" lon="116.48164971091096">
        <ele>36.64783945772797</ele>
        <time>2026-08-24T22:30:19.200000Z</time>
        <extensions>
          <gpxtpx:TrackPointExtension>
            <gpxtpx:hr>165</gpxtpx:hr>
          </gpxtpx:TrackPointExtension>
        </extensions>
      </trkpt>
      <trkpt lat="39.98817202602747" lon="116.48165345980769">
        <ele>36.67365864291787</ele>
        <time>2026-08-24T22:30:20.200000Z</time>
        <extensions>
          <gpxtpx:TrackPointExtension>
            <gpxtpx:hr>165</gpxtpx:hr>
          </gpxtpx:TrackPointExtension>
        </extensions>
      </trkpt>
      <trkpt lat="39.988170075397875" lon="116.48165684526452">
        <ele>36.70063760317862</ele>
        <time>2026-08-24T22:30:21.200000Z</time>
        <extensions>
          <gpxtpx:TrackPointExtension>
            <gpxtpx:hr>165</gpxtpx:hr>
          </gpxtpx:TrackPointExtension>
        </extensions>
      </trkpt>
      <trkpt lat="39.98816890069797" lon="116.4816598366612">
        <ele>36.73013548273593</ele>
        <time>2026-08-24T22:30:22.200000Z</time>
        <extensions>
          <gpxtpx:TrackPointExtension>
            <gpxtpx:hr>165</gpxtpx:hr>
          </gpxtpx:TrackPointExtension>
        </extensions>
      </trkpt>
      <trkpt lat="39.98816864882786" lon="116.48166198952583">
        <ele>36.76301372889429</ele>
        <time>2026-08-24T22:30:23.200000Z</time>
        <extensions>
          <gpxtpx:TrackPointExtension>
            <gpxtpx:hr>165</gpxtpx:hr>
          </gpxtpx:TrackPointExtension>
        </extensions>
      </trkpt>
      <trkpt lat="39.98816934434843" lon="116.48166279226436">
        <ele>36.799418019130826</ele>
        <time>2026-08-24T22:30:24.200000Z</time>
        <extensions>
          <gpxtpx:TrackPointExtension>
            <gpxtpx:hr>163</gpxtpx:hr>
          </gpxtpx:TrackPointExtension>
        </extensions>
      </trkpt>
      <trkpt lat="39.98817068175155" lon="116.48166224904689">
        <ele>36.83889917843044</ele>
        <time>2026-08-24T22:30:25.200000Z</time>
        <extensions>
          <gpxtpx:TrackPointExtension>
            <gpxtpx:hr>163</gpxtpx:hr>
          </gpxtpx:TrackPointExtension>
        </extensions>
      </trkpt>
      <trkpt lat="39.98817243107991" lon="116.48166079605343">
        <ele>36.88072334229946</ele>
        <time>2026-08-24T22:30:26.200000Z</time>
        <extensions>
          <gpxtpx:TrackPointExtension>
            <gpxtpx:hr>163</gpxtpx:hr>
          </gpxtpx:TrackPointExtension>
        </extensions>
      </trkpt>
      <trkpt lat="39.98817443948525" lon="116.48165875207755">
        <ele>36.92411302216351</ele>
        <time>2026-08-24T22:30:27.200000Z</time>
        <extensions>
          <gpxtpx:TrackPointExtension>
            <gpxtpx:hr>163</gpxtpx:hr>
          </gpxtpx:TrackPointExtension>
        </extensions>
      </trkpt>
      <trkpt lat="39.98817664302362" lon="116.48165632502875">
        <ele>36.96825269330293</ele>
        <time>2026-08-24T22:30:28.200000Z</time>
        <extensions>
          <gpxtpx:TrackPointExtension>
            <gpxtpx:hr>160</gpxtpx:hr>
          </gpxtpx:TrackPointExtension>
        </extensions>
      </trkpt>
      <trkpt lat="39.98817904601263" lon="116.48165361395182">
        <ele>37.012340570800006</ele>
        <time>2026-08-24T22:30:29.200000Z</time>
        <extensions>
          <gpxtpx:TrackPointExtension>
            <gpxtpx:hr>160</gpxtpx:hr>
          </gpxtpx:TrackPointExtension>
        </extensions>
      </trkpt>
      <trkpt lat="39.98818164657346" lon="116.48165073209256">
        <ele>37.05556062981486</ele>
        <time>2026-08-24T22:30:30.200000Z</time>
        <extensions>
          <gpxtpx:TrackPointExtension>
            <gpxtpx:hr>160</gpxtpx:hr>
          </gpxtpx:TrackPointExtension>
        </extensions>
      </trkpt>
      <trkpt lat="39.98818450052177" lon="116.48164772406822">
        <ele>37.09702947642654</ele>
        <time>2026-08-24T22:30:31.200000Z</time>
        <extensions>
          <gpxtpx:TrackPointExtension>
            <gpxtpx:hr>160</gpxtpx:hr>
          </gpxtpx:TrackPointExtension>
        </extensions>
      </trkpt>
      <trkpt lat="39.98818761757047" lon="116.48164457466774">
        <ele>37.13598624896258</ele>
        <time>2026-08-24T22:30:32.200000Z</time>
        <extensions>
          <gpxtpx:TrackPointExtension>
            <gpxtpx:hr>160</gpxtpx:hr>
          </gpxtpx:TrackPointExtension>
        </extensions>
      </trkpt>
      <trkpt lat="39.98819095406797" lon="116.48164128846157">
        <ele>37.17188035324216</ele>
        <time>2026-08-24T22:30:33.200000Z</time>
        <extensions>
          <gpxtpx:TrackPointExtension>
            <gpxtpx:hr>160</gpxtpx:hr>
          </gpxtpx:TrackPointExtension>
        </extensions>
      </trkpt>
      <trkpt lat="39.988194564522296" lon="116.48163786956799">
        <ele>37.20427393075079</ele>
        <time>2026-08-24T22:30:34.200000Z</time>
        <extensions>
          <gpxtpx:TrackPointExtension>
            <gpxtpx:hr>157</gpxtpx:hr>
          </gpxtpx:TrackPointExtension>
        </extensions>
      </trkpt>
      <trkpt lat="39.988198641167585" lon="116.4816342430635">
        <ele>37.23278811573982</ele>
        <time>2026-08-24T22:30:35.100000Z</time>
        <extensions>
          <gpxtpx:TrackPointExtension>
            <gpxtpx:hr>157</gpxtpx:hr>
          </gpxtpx:TrackPointExtension>
        </extensions>
      </trkpt>
      <trkpt lat="39.98820351273321" lon="116.48163018422973">
        <ele>37.257279003039</ele>
        <time>2026-08-24T22:30:36.100000Z</time>
        <extensions>
          <gpxtpx:TrackPointExtension>
            <gpxtpx:hr>157</gpxtpx:hr>
          </gpxtpx:TrackPointExtension>
        </extensions>
      </trkpt>
      <trkpt lat="39.988209542601886" lon="116.48162518768245">
        <ele>37.277700463309884</ele>
        <time>2026-08-24T22:30:37.100000Z</time>
        <extensions>
          <gpxtpx:TrackPointExtension>
            <gpxtpx:hr>157</gpxtpx:hr>
          </gpxtpx:TrackPointExtension>
        </extensions>
      </trkpt>
      <trkpt lat="39.98821653695051" lon="116.48161904054822">
        <ele>37.29394988156855</ele>
        <time>2026-08-24T22:30:38.100000Z</time>
        <extensions>
          <gpxtpx:TrackPointExtension>
            <gpxtpx:hr>157</gpxtpx:hr>
          </gpxtpx:TrackPointExtension>
        </extensions>
      </trkpt>
      <trkpt lat="39.98822507952323" lon="116.48161012689877">
        <ele>37.307106607593596</ele>
        <time>2026-08-24T22:30:39.300000Z</time>
        <extensions>
          <gpxtpx:TrackPointExtension>
            <gpxtpx:hr>156</gpxtpx:hr>
          </gpxtpx:TrackPointExtension>
        </extensions>
      </trkpt>
      <trkpt lat="39.98823129739401" lon="116.48160295169275">
        <ele>37.312729908153415</ele>
        <time>2026-08-24T22:30:40.100000Z</time>
        <extensions>
          <gpxtpx:TrackPointExtension>
            <gpxtpx:hr>156</gpxtpx:hr>
          </gpxtpx:TrackPointExtension>
        </extensions>
      </trkpt>
      <trkpt lat="39.988239604337764" lon="116.48159392654638">
        <ele>37.316153277643025</ele>
        <time>2026-08-24T22:30:41.100000Z</time>
        <extensions>
          <gpxtpx:TrackPointExtension>
            <gpxtpx:hr>156</gpxtpx:hr>
          </gpxtpx:TrackPointExtension>
        </extensions>
      </trkpt>
      <trkpt lat="39.9882482041632" lon="116.48158561977739">
        <ele>37.31588402297348</ele>
        <time>2026-08-24T22:30:42.100000Z</time>
        <extensions>
          <gpxtpx:TrackPointExtension>
            <gpxtpx:hr>156</gpxtpx:hr>
          </gpxtpx:TrackPointExtension>
        </extensions>
      </trkpt>
      <trkpt lat="39.98825627597981" lon="116.48157783576302">
        <ele>37.31270862463862</ele>
        <time>2026-08-24T22:30:43.100000Z</time>
        <extensions>
          <gpxtpx:TrackPointExtension>
            <gpxtpx:hr>152</gpxtpx:hr>
          </gpxtpx:TrackPointExtension>
        </extensions>
      </trkpt>
      <trkpt lat="39.988264304021065" lon="116.48156704545815">
        <ele>37.306660303846</ele>
        <time>2026-08-24T22:30:44.300000Z</time>
        <extensions>
          <gpxtpx:TrackPointExtension>
            <gpxtpx:hr>152</gpxtpx:hr>
          </gpxtpx:TrackPointExtension>
        </extensions>
      </trkpt>
      <trkpt lat="39.98827030375517" lon="116.48155679096428">
        <ele>37.30070419702679</ele>
        <time>2026-08-24T22:30:45.300000Z</time>
        <extensions>
          <gpxtpx:TrackPointExtension>
            <gpxtpx:hr>152</gpxtpx:hr>
          </gpxtpx:TrackPointExtension>
        </extensions>
      </trkpt>
      <trkpt lat="39.98827576852167" lon="116.48154859862629">
        <ele>37.29562645871192</ele>
        <time>2026-08-24T22:30:46.100000Z</time>
        <extensions>
          <gpxtpx:TrackPointExtension>
            <gpxtpx:hr>152</gpxtpx:hr>
          </gpxtpx:TrackPointExtension>
        </extensions>
      </trkpt>
      <trkpt lat="39.98828346700388" lon="116.48153901780825">
        <ele>37.288480264134705</ele>
        <time>2026-08-24T22:30:47.100000Z</time>
        <extensions>
          <gpxtpx:TrackPointExtension>
            <gpxtpx:hr>152</gpxtpx:hr>
          </gpxtpx:TrackPointExtension>
        </extensions>
      </trkpt>
      <trkpt lat="39.988291195984225" lon="116.48152989775143">
        <ele>37.27962951734662</ele>
        <time>2026-08-24T22:30:48.100000Z</time>
        <extensions>
          <gpxtpx:TrackPointExtension>
            <gpxtpx:hr>152</gpxtpx:hr>
          </gpxtpx:TrackPointExtension>
        </extensions>
      </trkpt>
      <trkpt lat="39.98829882362494" lon="116.48151837157891">
        <ele>37.265383758582175</ele>
        <time>2026-08-24T22:30:49.300000Z</time>
        <extensions>
          <gpxtpx:TrackPointExtension>
            <gpxtpx:hr>152</gpxtpx:hr>
          </gpxtpx:TrackPointExtension>
        </extensions>
      </trkpt>
      <trkpt lat="39.988304010269985" lon="116.48150781499847">
        <ele>37.249395644292235</ele>
        <time>2026-08-24T22:30:50.300000Z</time>
        <extensions>
          <gpxtpx:TrackPointExtension>
            <gpxtpx:hr>150</gpxtpx:hr>
          </gpxtpx:TrackPointExtension>
        </extensions>
      </trkpt>
      <trkpt lat="39.98830894741235" lon="116.48149687106057">
        <ele>37.22897943202406</ele>
        <time>2026-08-24T22:30:51.300000Z</time>
        <extensions>
          <gpxtpx:TrackPointExtension>
            <gpxtpx:hr>150</gpxtpx:hr>
          </gpxtpx:TrackPointExtension>
        </extensions>
      </trkpt>
      <trkpt lat="39.98831357780317" lon="116.48148530301965">
        <ele>37.203531107865274</ele>
        <time>2026-08-24T22:30:52.300000Z</time>
        <extensions>
          <gpxtpx:TrackPointExtension>
            <gpxtpx:hr>150</gpxtpx:hr>
          </gpxtpx:TrackPointExtension>
        </extensions>
      </trkpt>
      <trkpt lat="39.988317066526236" lon="116.4814728336177">
        <ele>37.17316379677504</ele>
        <time>2026-08-24T22:30:53.300000Z</time>
        <extensions>
          <gpxtpx:TrackPointExtension>
            <gpxtpx:hr>150</gpxtpx:hr>
          </gpxtpx:TrackPointExtension>
        </extensions>
      </trkpt>
      <trkpt lat="39.988319125626646" lon="116.48146241936465">
        <ele>37.14629364851862</ele>
        <time>2026-08-24T22:30:54.100000Z</time>
        <extensions>
          <gpxtpx:TrackPointExtension>
            <gpxtpx:hr>150</gpxtpx:hr>
          </gpxtpx:TrackPointExtension>
        </extensions>
      </trkpt>
      <trkpt lat="39.988322735787584" lon="116.48144866667255">
        <ele>37.11075514461845</ele>
        <time>2026-08-24T22:30:55.100000Z</time>
        <extensions>
          <gpxtpx:TrackPointExtension>
            <gpxtpx:hr>150</gpxtpx:hr>
          </gpxtpx:TrackPointExtension>
        </extensions>
      </trkpt>
      <trkpt lat="39.98832894384873" lon="116.4814344157515">
        <ele>37.074573647230864</ele>
        <time>2026-08-24T22:30:56.100000Z</time>
        <extensions>
          <gpxtpx:TrackPointExtension>
            <gpxtpx:hr>150</gpxtpx:hr>
          </gpxtpx:TrackPointExtension>
        </extensions>
      </trkpt>
      <trkpt lat="39.98833817100406" lon="116.48141910070383">
        <ele>37.03923352062702</ele>
        <time>2026-08-24T22:30:57.100000Z</time>
        <extensions>
          <gpxtpx:TrackPointExtension>
            <gpxtpx:hr>148</gpxtpx:hr>
          </gpxtpx:TrackPointExtension>
        </extensions>
      </trkpt>
      <trkpt lat="39.98835000725996" lon="116.48140142781108">
        <ele>37.005717758089304</ele>
        <time>2026-08-24T22:30:58.100000Z</time>
        <extensions>
          <gpxtpx:TrackPointExtension>
            <gpxtpx:hr>148</gpxtpx:hr>
          </gpxtpx:TrackPointExtension>
        </extensions>
      </trkpt>
      <trkpt lat="39.98836401179263" lon="116.48138131462926">
        <ele>36.974639954045415</ele>
        <time>2026-08-24T22:30:59.100000Z</time>
        <extensions>
          <gpxtpx:TrackPointExtension>
            <gpxtpx:hr>148</gpxtpx:hr>
          </gpxtpx:TrackPointExtension>
        </extensions>
      </trkpt>
      <trkpt lat="39.988379742425785" lon="116.48135912025023">
        <ele>36.946308511309326</ele>
        <time>2026-08-24T22:31:00.100000Z</time>
        <extensions>
          <gpxtpx:TrackPointExtension>
            <gpxtpx:hr>148</gpxtpx:hr>
          </gpxtpx:TrackPointExtension>
        </extensions>
      </trkpt>
      <trkpt lat="39.98839645935187" lon="116.48133531636634">
        <ele>36.92070456687361</ele>
        <time>2026-08-24T22:31:01.100000Z</time>
        <extensions>
          <gpxtpx:TrackPointExtension>
            <gpxtpx:hr>148</gpxtpx:hr>
          </gpxtpx:TrackPointExtension>
        </extensions>
      </trkpt>
      <trkpt lat="39.98841362220867" lon="116.48131009777556">
        <ele>36.897465977817774</ele>
        <time>2026-08-24T22:31:02.100000Z</time>
        <extensions>
          <gpxtpx:TrackPointExtension>
            <gpxtpx:hr>147</gpxtpx:hr>
          </gpxtpx:TrackPointExtension>
        </extensions>
      </trkpt>
      <trkpt lat="39.988430907204794" lon="116.48128397681928">
        <ele>36.87594880908728</ele>
        <time>2026-08-24T22:31:03.100000Z</time>
        <extensions>
          <gpxtpx:TrackPointExtension>
            <gpxtpx:hr>147</gpxtpx:hr>
          </gpxtpx:TrackPointExtension>
        </extensions>
      </trkpt>
      <trkpt lat="39.98844831673729" lon="116.4812576000258">
        <ele>36.85538426693529</ele>
        <time>2026-08-24T22:31:04.100000Z</time>
        <extensions>
          <gpxtpx:TrackPointExtension>
            <gpxtpx:hr>147</gpxtpx:hr>
          </gpxtpx:TrackPointExtension>
        </extensions>
      </trkpt>
      <trkpt lat="39.98846595625632" lon="116.48123142415686">
        <ele>36.83491920493543</ele>
        <time>2026-08-24T22:31:05.100000Z</time>
        <extensions>
          <gpxtpx:TrackPointExtension>
            <gpxtpx:hr>147</gpxtpx:hr>
          </gpxtpx:TrackPointExtension>
        </extensions>
      </trkpt>
      <trkpt lat="39.988484033900434" lon="116.48120582964255">
        <ele>36.81375983450562</ele>
        <time>2026-08-24T22:31:06.100000Z</time>
        <extensions>
          <gpxtpx:TrackPointExtension>
            <gpxtpx:hr>147</gpxtpx:hr>
          </gpxtpx:TrackPointExtension>
        </extensions>
      </trkpt>
      <trkpt lat="39.988502689022795" lon="116.48118101701495">
        <ele>36.791127492673695</ele>
        <time>2026-08-24T22:31:07.100000Z</time>
        <extensions>
          <gpxtpx:TrackPointExtension>
            <gpxtpx:hr>147</gpxtpx:hr>
          </gpxtpx:TrackPointExtension>
        </extensions>
      </trkpt>
      <trkpt lat="39.98852167907152" lon="116.48115711414479">
        <ele>36.766216644085944</ele>
        <time>2026-08-24T22:31:08.100000Z</time>
        <extensions>
          <gpxtpx:TrackPointExtension>
            <gpxtpx:hr>147</gpxtpx:hr>
          </gpxtpx:TrackPointExtension>
        </extensions>
      </trkpt>
      <trkpt lat="39.988540662120485" lon="116.48113397400316">
        <ele>36.7383231529966</ele>
        <time>2026-08-24T22:31:09.100000Z</time>
        <extensions>
          <gpxtpx:TrackPointExtension>
            <gpxtpx:hr>147</gpxtpx:hr>
          </gpxtpx:TrackPointExtension>
        </extensions>
      </trkpt>
      <trkpt lat="39.98855954563332" lon="116.48111156688951">
        <ele>36.70685402024537</ele>
        <time>2026-08-24T22:31:10.100000Z</time>
        <extensions>
          <gpxtpx:TrackPointExtension>
            <gpxtpx:hr>147</gpxtpx:hr>
          </gpxtpx:TrackPointExtension>
        </extensions>
      </trkpt>
      <trkpt lat="39.98857846435628" lon="116.48109069238242">
        <ele>36.671355343423784</ele>
        <time>2026-08-24T22:31:11.100000Z</time>
        <extensions>
          <gpxtpx:TrackPointExtension>
            <gpxtpx:hr>147</gpxtpx:hr>
          </gpxtpx:TrackPointExtension>
        </extensions>
      </trkpt>
      <trkpt lat="39.988597248070086" lon="116.48107275173899">
        <ele>36.631846874952316</ele>
        <time>2026-08-24T22:31:12.100000Z</time>
        <extensions>
          <gpxtpx:TrackPointExtension>
            <gpxtpx:hr>147</gpxtpx:hr>
          </gpxtpx:TrackPointExtension>
        </extensions>
      </trkpt>
      <trkpt lat="39.98861574389967" lon="116.48105929887619">
        <ele>36.58864607382566</ele>
        <time>2026-08-24T22:31:13.100000Z</time>
        <extensions>
          <gpxtpx:TrackPointExtension>
            <gpxtpx:hr>152</gpxtpx:hr>
          </gpxtpx:TrackPointExtension>
        </extensions>
      </trkpt>
      <trkpt lat="39.9886336013562" lon="116.48105226671042">
        <ele>36.54235438629985</ele>
        <time>2026-08-24T22:31:14.100000Z</time>
        <extensions>
          <gpxtpx:TrackPointExtension>
            <gpxtpx:hr>152</gpxtpx:hr>
          </gpxtpx:TrackPointExtension>
        </extensions>
      </trkpt>
      <trkpt lat="39.98864935598138" lon="116.48105325937247">
        <ele>36.49397613666952</ele>
        <time>2026-08-24T22:31:15.100000Z</time>
        <extensions>
          <gpxtpx:TrackPointExtension>
            <gpxtpx:hr>152</gpxtpx:hr>
          </gpxtpx:TrackPointExtension>
        </extensions>
      </trkpt>
      <trkpt lat="39.98866102299417" lon="116.48106217385869">
        <ele>36.44488245155662</ele>
        <time>2026-08-24T22:31:16.100000Z</time>
        <extensions>
          <gpxtpx:TrackPointExtension>
            <gpxtpx:hr>152</gpxtpx:hr>
          </gpxtpx:TrackPointExtension>
        </extensions>
      </trkpt>
      <trkpt lat="39.98866870615243" lon="116.48107707432894">
        <ele>36.39646218251437</ele>
        <time>2026-08-24T22:31:17.100000Z</time>
        <extensions>
          <gpxtpx:TrackPointExtension>
            <gpxtpx:hr>152</gpxtpx:hr>
          </gpxtpx:TrackPointExtension>
        </extensions>
      </trkpt>
      <trkpt lat="39.98867460294314" lon="116.481095107714">
        <ele>36.34954935964197</ele>
        <time>2026-08-24T22:31:18.100000Z</time>
        <extensions>
          <gpxtpx:TrackPointExtension>
            <gpxtpx:hr>152</gpxtpx:hr>
          </gpxtpx:TrackPointExtension>
        </extensions>
      </trkpt>
      <trkpt lat="39.98868134019264" lon="116.4811135911823">
        <ele>36.30476258601993</ele>
        <time>2026-08-24T22:31:19.100000Z</time>
        <extensions>
          <gpxtpx:TrackPointExtension>
            <gpxtpx:hr>152</gpxtpx:hr>
          </gpxtpx:TrackPointExtension>
        </extensions>
      </trkpt>
      <trkpt lat="39.98868996242578" lon="116.48113139191129">
        <ele>36.26285254955292</ele>
        <time>2026-08-24T22:31:20.100000Z</time>
        <extensions>
          <gpxtpx:TrackPointExtension>
            <gpxtpx:hr>152</gpxtpx:hr>
          </gpxtpx:TrackPointExtension>
        </extensions>
      </trkpt>
      <trkpt lat="39.98869932518446" lon="116.48114842510279">
        <ele>36.22468672320247</ele>
        <time>2026-08-24T22:31:21.100000Z</time>
        <extensions>
          <gpxtpx:TrackPointExtension>
            <gpxtpx:hr>152</gpxtpx:hr>
          </gpxtpx:TrackPointExtension>
        </extensions>
      </trkpt>
      <trkpt lat="39.98870768476678" lon="116.48116427851986">
        <ele>36.19060061778873</ele>
        <time>2026-08-24T22:31:22.100000Z</time>
        <extensions>
          <gpxtpx:TrackPointExtension>
            <gpxtpx:hr>152</gpxtpx:hr>
          </gpxtpx:TrackPointExtension>
        </extensions>
      </trkpt>
      <trkpt lat="39.98871350573201" lon="116.48117804525813">
        <ele>36.160359910689294</ele>
        <time>2026-08-24T22:31:23.100000Z</time>
        <extensions>
          <gpxtpx:TrackPointExtension>
            <gpxtpx:hr>152</gpxtpx:hr>
          </gpxtpx:TrackPointExtension>
        </extensions>
      </trkpt>
      <trkpt lat="39.98871581448479" lon="116.4811876208502">
        <ele>36.13372243009508</ele>
        <time>2026-08-24T22:31:24.100000Z</time>
        <extensions>
          <gpxtpx:TrackPointExtension>
            <gpxtpx:hr>152</gpxtpx:hr>
          </gpxtpx:TrackPointExtension>
        </extensions>
      </trkpt>
      <trkpt lat="39.98871576920016" lon="116.48119239994078">
        <ele>36.1108284778893</ele>
        <time>2026-08-24T22:31:25.100000Z</time>
        <extensions>
          <gpxtpx:TrackPointExtension>
            <gpxtpx:hr>152</gpxtpx:hr>
          </gpxtpx:TrackPointExtension>
        </extensions>
      </trkpt>
      <trkpt lat="39.98871445323144" lon="116.48119362067527">
        <ele>36.09234491735697</ele>
        <time>2026-08-24T22:31:26.100000Z</time>
        <extensions>
          <gpxtpx:TrackPointExtension>
            <gpxtpx:hr>152</gpxtpx:hr>
          </gpxtpx:TrackPointExtension>
        </extensions>
      </trkpt>
      <trkpt lat="39.98871143144938" lon="116.481192074201">
        <ele>36.07920294068754</ele>
        <time>2026-08-24T22:31:27.100000Z</time>
        <extensions>
          <gpxtpx:TrackPointExtension>
            <gpxtpx:hr>152</gpxtpx:hr>
          </gpxtpx:TrackPointExtension>
        </extensions>
      </trkpt>
      <trkpt lat="39.988706526376255" lon="116.48118899595377">
        <ele>36.07216674089432</ele>
        <time>2026-08-24T22:31:28Z</time>
        <extensions>
          <gpxtpx:TrackPointExtension>
            <gpxtpx:hr>152</gpxtpx:hr>
          </gpxtpx:TrackPointExtension>
        </extensions>
      </trkpt>
      <trkpt lat="39.988700580017905" lon="116.48118602353719">
        <ele>36.071667175740004</ele>
        <time>2026-08-24T22:31:29Z</time>
        <extensions>
          <gpxtpx:TrackPointExtension>
            <gpxtpx:hr>152</gpxtpx:hr>
          </gpxtpx:TrackPointExtension>
        </extensions>
      </trkpt>
      <trkpt lat="39.98869516291711" lon="116.48118633743668">
        <ele>36.07765076402575</ele>
        <time>2026-08-24T22:31:30Z</time>
        <extensions>
          <gpxtpx:TrackPointExtension>
            <gpxtpx:hr>150</gpxtpx:hr>
          </gpxtpx:TrackPointExtension>
        </extensions>
      </trkpt>
      <trkpt lat="39.98869263574055" lon="116.48119114502127">
        <ele>36.089349335059524</ele>
        <time>2026-08-24T22:31:31Z</time>
        <extensions>
          <gpxtpx:TrackPointExtension>
            <gpxtpx:hr>150</gpxtpx:hr>
          </gpxtpx:TrackPointExtension>
        </extensions>
      </trkpt>
      <trkpt lat="39.98869403269397" lon="116.48119792132348">
        <ele>36.10558506194502</ele>
        <time>2026-08-24T22:31:32Z</time>
        <extensions>
          <gpxtpx:TrackPointExtension>
            <gpxtpx:hr>150</gpxtpx:hr>
          </gpxtpx:TrackPointExtension>
        </extensions>
      </trkpt>
      <trkpt lat="39.98869861255587" lon="116.48120520077225">
        <ele>36.125252223573625</ele>
        <time>2026-08-24T22:31:33Z</time>
        <extensions>
          <gpxtpx:TrackPointExtension>
            <gpxtpx:hr>150</gpxtpx:hr>
          </gpxtpx:TrackPointExtension>
        </extensions>
      </trkpt>
      <trkpt lat="39.98870619549716" lon="116.48121335184193">
        <ele>36.14736804831773</ele>
        <time>2026-08-24T22:31:34Z</time>
        <extensions>
          <gpxtpx:TrackPointExtension>
            <gpxtpx:hr>150</gpxtpx:hr>
          </gpxtpx:TrackPointExtension>
        </extensions>
      </trkpt>
      <trkpt lat="39.988716633603126" lon="116.4812227096385">
        <ele>36.170684479177</ele>
        <time>2026-08-24T22:31:35Z</time>
        <extensions>
          <gpxtpx:TrackPointExtension>
            <gpxtpx:hr>150</gpxtpx:hr>
          </gpxtpx:TrackPointExtension>
        </extensions>
      </trkpt>
      <trkpt lat="39.98872894850542" lon="116.48123315202815">
        <ele>36.19359258748591</ele>
        <time>2026-08-24T22:31:36Z</time>
        <extensions>
          <gpxtpx:TrackPointExtension>
            <gpxtpx:hr>150</gpxtpx:hr>
          </gpxtpx:TrackPointExtension>
        </extensions>
      </trkpt>
      <trkpt lat="39.988742103573415" lon="116.4812445159695">
        <ele>36.214463863521814</ele>
        <time>2026-08-24T22:31:37Z</time>
        <extensions>
          <gpxtpx:TrackPointExtension>
            <gpxtpx:hr>150</gpxtpx:hr>
          </gpxtpx:TrackPointExtension>
        </extensions>
      </trkpt>
      <trkpt lat="39.98875567738661" lon="116.4812566727126">
        <ele>36.23202108498663</ele>
        <time>2026-08-24T22:31:38Z</time>
        <extensions>
          <gpxtpx:TrackPointExtension>
            <gpxtpx:hr>150</gpxtpx:hr>
          </gpxtpx:TrackPointExtension>
        </extensions>
      </trkpt>
      <trkpt lat="39.98876980516866" lon="116.48126961302678">
        <ele>36.245607930235565</ele>
        <time>2026-08-24T22:31:39Z</time>
        <extensions>
          <gpxtpx:TrackPointExtension>
            <gpxtpx:hr>148</gpxtpx:hr>
          </gpxtpx:TrackPointExtension>
        </extensions>
      </trkpt>
      <trkpt lat="39.98878519343103" lon="116.48128407370466">
        <ele>36.255045170895755</ele>
        <time>2026-08-24T22:31:40Z</time>
        <extensions>
          <gpxtpx:TrackPointExtension>
            <gpxtpx:hr>148</gpxtpx:hr>
          </gpxtpx:TrackPointExtension>
        </extensions>
      </trkpt>
      <trkpt lat="39.98880235518828" lon="116.48130072653103">
        <ele>36.26033179927617</ele>
        <time>2026-08-24T22:31:41Z</time>
        <extensions>
          <gpxtpx:TrackPointExtension>
            <gpxtpx:hr>148</gpxtpx:hr>
          </gpxtpx:TrackPointExtension>
        </extensions>
      </trkpt>
      <trkpt lat="39.988821121770215" lon="116.48131961793248">
        <ele>36.261179528199136</ele>
        <time>2026-08-24T22:31:42Z</time>
        <extensions>
          <gpxtpx:TrackPointExtension>
            <gpxtpx:hr>148</gpxtpx:hr>
          </gpxtpx:TrackPointExtension>
        </extensions>
      </trkpt>
      <trkpt lat="39.98884100318669" lon="116.48134019017088">
        <ele>36.25684129726142</ele>
        <time>2026-08-24T22:31:43Z</time>
        <extensions>
          <gpxtpx:TrackPointExtension>
            <gpxtpx:hr>148</gpxtpx:hr>
          </gpxtpx:TrackPointExtension>
        </extensions>
      </trkpt>
      <trkpt lat="39.988861645978346" lon="116.48136175210456">
        <ele>36.24653253424913</ele>
        <time>2026-08-24T22:31:44Z</time>
        <extensions>
          <gpxtpx:TrackPointExtension>
            <gpxtpx:hr>148</gpxtpx:hr>
          </gpxtpx:TrackPointExtension>
        </extensions>
      </trkpt>
      <trkpt lat="39.98888275301097" lon="116.48138347448668">
        <ele>36.22978293802589</ele>
        <time>2026-08-24T22:31:45Z</time>
        <extensions>
          <gpxtpx:TrackPointExtension>
            <gpxtpx:hr>151</gpxtpx:hr>
          </gpxtpx:TrackPointExtension>
        </extensions>
      </trkpt>
      <trkpt lat="39.988903935895046" lon="116.48140513337707">
        <ele>36.20661571249366</ele>
        <time>2026-08-24T22:31:46Z</time>
        <extensions>
          <gpxtpx:TrackPointExtension>
            <gpxtpx:hr>151</gpxtpx:hr>
          </gpxtpx:TrackPointExtension>
        </extensions>
      </trkpt>
      <trkpt lat="39.98892498095867" lon="116.4814267898587">
        <ele>36.17736741621047</ele>
        <time>2026-08-24T22:31:47Z</time>
        <extensions>
          <gpxtpx:TrackPointExtension>
            <gpxtpx:hr>151</gpxtpx:hr>
          </gpxtpx:TrackPointExtension>
        </extensions>
      </trkpt>
      <trkpt lat="39.988945938884314" lon="116.48144816117976">
        <ele>36.142215677537024</ele>
        <time>2026-08-24T22:31:48Z</time>
        <extensions>
          <gpxtpx:TrackPointExtension>
            <gpxtpx:hr>151</gpxtpx:hr>
          </gpxtpx:TrackPointExtension>
        </extensions>
      </trkpt>
      <trkpt lat="39.988967116394036" lon="116.48146886245921">
        <ele>36.100793917663395</ele>
        <time>2026-08-24T22:31:49Z</time>
        <extensions>
          <gpxtpx:TrackPointExtension>
            <gpxtpx:hr>152</gpxtpx:hr>
          </gpxtpx:TrackPointExtension>
        </extensions>
      </trkpt>
      <trkpt lat="39.98898843493583" lon="116.48148898906241">
        <ele>36.052446737885475</ele>
        <time>2026-08-24T22:31:50Z</time>
        <extensions>
          <gpxtpx:TrackPointExtension>
            <gpxtpx:hr>152</gpxtpx:hr>
          </gpxtpx:TrackPointExtension>
        </extensions>
      </trkpt>
      <trkpt lat="39.989009697425345" lon="116.48150889310813">
        <ele>35.996671851724386</ele>
        <time>2026-08-24T22:31:51Z</time>
        <extensions>
          <gpxtpx:TrackPointExtension>
            <gpxtpx:hr>152</gpxtpx:hr>
          </gpxtpx:TrackPointExtension>
        </extensions>
      </trkpt>
      <trkpt lat="39.98903097721428" lon="116.48152870146826">
        <ele>35.933134502731264</ele>
        <time>2026-08-24T22:31:52Z</time>
        <extensions>
          <gpxtpx:TrackPointExtension>
            <gpxtpx:hr>152</gpxtpx:hr>
          </gpxtpx:TrackPointExtension>
        </extensions>
      </trkpt>
      <trkpt lat="39.98905250208303" lon="116.48154843245423">
        <ele>35.86179186217487</ele>
        <time>2026-08-24T22:31:53Z</time>
        <extensions>
          <gpxtpx:TrackPointExtension>
            <gpxtpx:hr>152</gpxtpx:hr>
          </gpxtpx:TrackPointExtension>
        </extensions>
      </trkpt>
      <trkpt lat="39.989074374231016" lon="116.48156809119166">
        <ele>35.78300884272903</ele>
        <time>2026-08-24T22:31:54Z</time>
        <extensions>
          <gpxtpx:TrackPointExtension>
            <gpxtpx:hr>152</gpxtpx:hr>
          </gpxtpx:TrackPointExtension>
        </extensions>
      </trkpt>
      <trkpt lat="39.989096521062365" lon="116.48158786203298">
        <ele>35.69760697055608</ele>
        <time>2026-08-24T22:31:55Z</time>
        <extensions>
          <gpxtpx:TrackPointExtension>
            <gpxtpx:hr>152</gpxtpx:hr>
          </gpxtpx:TrackPointExtension>
        </extensions>
      </trkpt>
      <trkpt lat="39.989118728067766" lon="116.48160802630076">
        <ele>35.607074164785445</ele>
        <time>2026-08-24T22:31:56Z</time>
        <extensions>
          <gpxtpx:TrackPointExtension>
            <gpxtpx:hr>152</gpxtpx:hr>
          </gpxtpx:TrackPointExtension>
        </extensions>
      </trkpt>
      <trkpt lat="39.98914101138701" lon="116.48162838592047">
        <ele>35.513390933163464</ele>
        <time>2026-08-24T22:31:57Z</time>
        <extensions>
          <gpxtpx:TrackPointExtension>
            <gpxtpx:hr>152</gpxtpx:hr>
          </gpxtpx:TrackPointExtension>
        </extensions>
      </trkpt>
      <trkpt lat="39.98916346265244" lon="116.48164866999514">
        <ele>35.41859559714794</ele>
        <time>2026-08-24T22:31:58Z</time>
        <extensions>
          <gpxtpx:TrackPointExtension>
            <gpxtpx:hr>154</gpxtpx:hr>
          </gpxtpx:TrackPointExtension>
        </extensions>
      </trkpt>
      <trkpt lat="39.98918612856488" lon="116.48166874141093">
        <ele>35.32487458642572</ele>
        <time>2026-08-24T22:31:59Z</time>
        <extensions>
          <gpxtpx:TrackPointExtension>
            <gpxtpx:hr>154</gpxtpx:hr>
          </gpxtpx:TrackPointExtension>
        </extensions>
      </trkpt>
      <trkpt lat="39.98920905682854" lon="116.48168861046369">
        <ele>35.23502520099282</ele>
        <time>2026-08-24T22:32:00Z</time>
        <extensions>
          <gpxtpx:TrackPointExtension>
            <gpxtpx:hr>154</gpxtpx:hr>
          </gpxtpx:TrackPointExtension>
        </extensions>
      </trkpt>
      <trkpt lat="39.989232098633245" lon="116.48170865855757">
        <ele>35.15203869249672</ele>
        <time>2026-08-24T22:32:01Z</time>
        <extensions>
          <gpxtpx:TrackPointExtension>
            <gpxtpx:hr>154</gpxtpx:hr>
          </gpxtpx:TrackPointExtension>
        </extensions>
      </trkpt>
      <trkpt lat="39.989254915551456" lon="116.48172909983958">
        <ele>35.07859772257507</ele>
        <time>2026-08-24T22:32:02Z</time>
        <extensions>
          <gpxtpx:TrackPointExtension>
            <gpxtpx:hr>154</gpxtpx:hr>
          </gpxtpx:TrackPointExtension>
        </extensions>
      </trkpt>
      <trkpt lat="39.989277397571236" lon="116.48174975944563">
        <ele>35.01719509251416</ele>
        <time>2026-08-24T22:32:03Z</time>
        <extensions>
          <gpxtpx:TrackPointExtension>
            <gpxtpx:hr>154</gpxtpx:hr>
          </gpxtpx:TrackPointExtension>
        </extensions>
      </trkpt>
      <trkpt lat="39.989299598239555" lon="116.48177065987774">
        <ele>34.96970737259835</ele>
        <time>2026-08-24T22:32:04Z</time>
        <extensions>
          <gpxtpx:TrackPointExtension>
            <gpxtpx:hr>156</gpxtpx:hr>
          </gpxtpx:TrackPointExtension>
        </extensions>
      </trkpt>
      <trkpt lat="39.989321585304324" lon="116.48179193799061">
        <ele>34.9369582971558</ele>
        <time>2026-08-24T22:32:05Z</time>
        <extensions>
          <gpxtpx:TrackPointExtension>
            <gpxtpx:hr>156</gpxtpx:hr>
          </gpxtpx:TrackPointExtension>
        </extensions>
      </trkpt>
      <trkpt lat="39.98934325768461" lon="116.48181348330856">
        <ele>34.918322106823325</ele>
        <time>2026-08-24T22:32:06Z</time>
        <extensions>
          <gpxtpx:TrackPointExtension>
            <gpxtpx:hr>156</gpxtpx:hr>
          </gpxtpx:TrackPointExtension>
        </extensions>
      </trkpt>
      <trkpt lat="39.98936427828766" lon="116.48183495343302">
        <ele>34.911777786910534</ele>
        <time>2026-08-24T22:32:07Z</time>
        <extensions>
          <gpxtpx:TrackPointExtension>
            <gpxtpx:hr>156</gpxtpx:hr>
          </gpxtpx:TrackPointExtension>
        </extensions>
      </trkpt>
      <trkpt lat="39.989384648749294" lon="116.4818562879399">
        <ele>34.91463883779943</ele>
        <time>2026-08-24T22:32:08Z</time>
        <extensions>
          <gpxtpx:TrackPointExtension>
            <gpxtpx:hr>156</gpxtpx:hr>
          </gpxtpx:TrackPointExtension>
        </extensions>
      </trkpt>
      <trkpt lat="39.989404659658305" lon="116.48187773797066">
        <ele>34.92436360847205</ele>
        <time>2026-08-24T22:32:09Z</time>
        <extensions>
          <gpxtpx:TrackPointExtension>
            <gpxtpx:hr>156</gpxtpx:hr>
          </gpxtpx:TrackPointExtension>
        </extensions>
      </trkpt>
      <trkpt lat="39.98942461963211" lon="116.48189932605733">
        <ele>34.93971549812704</ele>
        <time>2026-08-24T22:32:10Z</time>
        <extensions>
          <gpxtpx:TrackPointExtension>
            <gpxtpx:hr>156</gpxtpx:hr>
          </gpxtpx:TrackPointExtension>
        </extensions>
      </trkpt>
      <trkpt lat="39.98944458388666" lon="116.48192106726374">
        <ele>34.96119442302734</ele>
        <time>2026-08-24T22:32:11Z</time>
        <extensions>
          <gpxtpx:TrackPointExtension>
            <gpxtpx:hr>156</gpxtpx:hr>
          </gpxtpx:TrackPointExtension>
        </extensions>
      </trkpt>
      <trkpt lat="39.98946453830292" lon="116.48194306187206">
        <ele>34.99025210086256</ele>
        <time>2026-08-24T22:32:12Z</time>
        <extensions>
          <gpxtpx:TrackPointExtension>
            <gpxtpx:hr>159</gpxtpx:hr>
          </gpxtpx:TrackPointExtension>
        </extensions>
      </trkpt>
      <trkpt lat="39.98948467386587" lon="116.4819650610659">
        <ele>35.02729966957122</ele>
        <time>2026-08-24T22:32:13Z</time>
        <extensions>
          <gpxtpx:TrackPointExtension>
            <gpxtpx:hr>159</gpxtpx:hr>
          </gpxtpx:TrackPointExtension>
        </extensions>
      </trkpt>
      <trkpt lat="39.989504964166024" lon="116.48198661463837">
        <ele>35.07132598105818</ele>
        <time>2026-08-24T22:32:14Z</time>
        <extensions>
          <gpxtpx:TrackPointExtension>
            <gpxtpx:hr>159</gpxtpx:hr>
          </gpxtpx:TrackPointExtension>
        </extensions>
      </trkpt>
      <trkpt lat="39.989525341453636" lon="116.48200764595164">
        <ele>35.12134765833616</ele>
        <time>2026-08-24T22:32:15Z</time>
        <extensions>
          <gpxtpx:TrackPointExtension>
            <gpxtpx:hr>159</gpxtpx:hr>
          </gpxtpx:TrackPointExtension>
        </extensions>
      </trkpt>
      <trkpt lat="39.98954583956875" lon="116.48202836482912">
        <ele>35.176771983504295</ele>
        <time>2026-08-24T22:32:16Z</time>
        <extensions>
          <gpxtpx:TrackPointExtension>
            <gpxtpx:hr>159</gpxtpx:hr>
          </gpxtpx:TrackPointExtension>
        </extensions>
      </trkpt>
      <trkpt lat="39.98956642401872" lon="116.48204883296152">
        <ele>35.23709989339113</ele>
        <time>2026-08-24T22:32:17Z</time>
        <extensions>
          <gpxtpx:TrackPointExtension>
            <gpxtpx:hr>160</gpxtpx:hr>
          </gpxtpx:TrackPointExtension>
        </extensions>
      </trkpt>
      <trkpt lat="39.98958699509156" lon="116.48206898365282">
        <ele>35.301319669000804</ele>
        <time>2026-08-24T22:32:18Z</time>
        <extensions>
          <gpxtpx:TrackPointExtension>
            <gpxtpx:hr>160</gpxtpx:hr>
          </gpxtpx:TrackPointExtension>
        </extensions>
      </trkpt>
      <trkpt lat="39.98960741587119" lon="116.48208908559178">
        <ele>35.367920405231416</ele>
        <time>2026-08-24T22:32:19Z</time>
        <extensions>
          <gpxtpx:TrackPointExtension>
            <gpxtpx:hr>160</gpxtpx:hr>
          </gpxtpx:TrackPointExtension>
        </extensions>
      </trkpt>
      <trkpt lat="39.98962786820159" lon="116.48210957951022">
        <ele>35.435284892097116</ele>
        <time>2026-08-24T22:32:20Z</time>
        <extensions>
          <gpxtpx:TrackPointExtension>
            <gpxtpx:hr>160</gpxtpx:hr>
          </gpxtpx:TrackPointExtension>
        </extensions>
      </trkpt>
      <trkpt lat="39.989648811169204" lon="116.48213059031912">
        <ele>35.50178691186011</ele>
        <time>2026-08-24T22:32:21Z</time>
        <extensions>
          <gpxtpx:TrackPointExtension>
            <gpxtpx:hr>160</gpxtpx:hr>
          </gpxtpx:TrackPointExtension>
        </extensions>
      </trkpt>
      <trkpt lat="39.98967016485684" lon="116.48215217915079">
        <ele>35.56544553022832</ele>
        <time>2026-08-24T22:32:21.900000Z</time>
        <extensions>
          <gpxtpx:TrackPointExtension>
            <gpxtpx:hr>160</gpxtpx:hr>
          </gpxtpx:TrackPointExtension>
        </extensions>
      </trkpt>
      <trkpt lat="39.989691567595926" lon="116.48217433796813">
        <ele>35.62374083325267</ele>
        <time>2026-08-24T22:32:22.900000Z</time>
        <extensions>
          <gpxtpx:TrackPointExtension>
            <gpxtpx:hr>160</gpxtpx:hr>
          </gpxtpx:TrackPointExtension>
        </extensions>
      </trkpt>
      <trkpt lat="39.989712934088885" lon="116.48219666710507">
        <ele>35.6744804950431</ele>
        <time>2026-08-24T22:32:23.900000Z</time>
        <extensions>
          <gpxtpx:TrackPointExtension>
            <gpxtpx:hr>160</gpxtpx:hr>
          </gpxtpx:TrackPointExtension>
        </extensions>
      </trkpt>
      <trkpt lat="39.98973429126076" lon="116.48221875362555">
        <ele>35.71620791312307</ele>
        <time>2026-08-24T22:32:24.900000Z</time>
        <extensions>
          <gpxtpx:TrackPointExtension>
            <gpxtpx:hr>160</gpxtpx:hr>
          </gpxtpx:TrackPointExtension>
        </extensions>
      </trkpt>
      <trkpt lat="39.98975559862741" lon="116.48224047905225">
        <ele>35.748465915210545</ele>
        <time>2026-08-24T22:32:25.900000Z</time>
        <extensions>
          <gpxtpx:TrackPointExtension>
            <gpxtpx:hr>160</gpxtpx:hr>
          </gpxtpx:TrackPointExtension>
        </extensions>
      </trkpt>
      <trkpt lat="39.98977676518649" lon="116.48226202372263">
        <ele>35.772019322030246</ele>
        <time>2026-08-24T22:32:26.900000Z</time>
        <extensions>
          <gpxtpx:TrackPointExtension>
            <gpxtpx:hr>161</gpxtpx:hr>
          </gpxtpx:TrackPointExtension>
        </extensions>
      </trkpt>
      <trkpt lat="39.989797589399224" lon="116.4822834626438">
        <ele>35.78858793154359</ele>
        <time>2026-08-24T22:32:27.900000Z</time>
        <extensions>
          <gpxtpx:TrackPointExtension>
            <gpxtpx:hr>161</gpxtpx:hr>
          </gpxtpx:TrackPointExtension>
        </extensions>
      </trkpt>
      <trkpt lat="39.98981795126604" lon="116.48230466403464">
        <ele>35.800985808484256</ele>
        <time>2026-08-24T22:32:28.900000Z</time>
        <extensions>
          <gpxtpx:TrackPointExtension>
            <gpxtpx:hr>161</gpxtpx:hr>
          </gpxtpx:TrackPointExtension>
        </extensions>
      </trkpt>
      <trkpt lat="39.98983812796833" lon="116.48232582332749">
        <ele>35.81246551685035</ele>
        <time>2026-08-24T22:32:29.900000Z</time>
        <extensions>
          <gpxtpx:TrackPointExtension>
            <gpxtpx:hr>161</gpxtpx:hr>
          </gpxtpx:TrackPointExtension>
        </extensions>
      </trkpt>
      <trkpt lat="39.98985855134276" lon="116.4823471487073">
        <ele>35.825700093992054</ele>
        <time>2026-08-24T22:32:30.900000Z</time>
        <extensions>
          <gpxtpx:TrackPointExtension>
            <gpxtpx:hr>161</gpxtpx:hr>
          </gpxtpx:TrackPointExtension>
        </extensions>
      </trkpt>
      <trkpt lat="39.989879451671854" lon="116.48236875378053">
        <ele>35.842346185818315</ele>
        <time>2026-08-24T22:32:31.900000Z</time>
        <extensions>
          <gpxtpx:TrackPointExtension>
            <gpxtpx:hr>163</gpxtpx:hr>
          </gpxtpx:TrackPointExtension>
        </extensions>
      </trkpt>
      <trkpt lat="39.98990071567432" lon="116.48239081845524">
        <ele>35.86232907231897</ele>
        <time>2026-08-24T22:32:32.900000Z</time>
        <extensions>
          <gpxtpx:TrackPointExtension>
            <gpxtpx:hr>163</gpxtpx:hr>
          </gpxtpx:TrackPointExtension>
        </extensions>
      </trkpt>
      <trkpt lat="39.98992197991034" lon="116.48241307347544">
        <ele>35.88386027421802</ele>
        <time>2026-08-24T22:32:33.900000Z</time>
        <extensions>
          <gpxtpx:TrackPointExtension>
            <gpxtpx:hr>163</gpxtpx:hr>
          </gpxtpx:TrackPointExtension>
        </extensions>
      </trkpt>
      <trkpt lat="39.98994303697077" lon="116.48243527035804">
        <ele>35.90393244009465</ele>
        <time>2026-08-24T22:32:34.900000Z</time>
        <extensions>
          <gpxtpx:TrackPointExtension>
            <gpxtpx:hr>163</gpxtpx:hr>
          </gpxtpx:TrackPointExtension>
        </extensions>
      </trkpt>
      <trkpt lat="39.98996393644423" lon="116.48245753594907">
        <ele>35.919365745037794</ele>
        <time>2026-08-24T22:32:35.900000Z</time>
        <extensions>
          <gpxtpx:TrackPointExtension>
            <gpxtpx:hr>163</gpxtpx:hr>
          </gpxtpx:TrackPointExtension>
        </extensions>
      </trkpt>
      <trkpt lat="39.98998481260229" lon="116.48248007993455">
        <ele>35.92782887816429</ele>
        <time>2026-08-24T22:32:36.900000Z</time>
        <extensions>
          <gpxtpx:TrackPointExtension>
            <gpxtpx:hr>163</gpxtpx:hr>
          </gpxtpx:TrackPointExtension>
        </extensions>
      </trkpt>
      <trkpt lat="39.99000580306052" lon="116.48250303134922">
        <ele>35.92768179252744</ele>
        <time>2026-08-24T22:32:37.900000Z</time>
        <extensions>
          <gpxtpx:TrackPointExtension>
            <gpxtpx:hr>163</gpxtpx:hr>
          </gpxtpx:TrackPointExtension>
        </extensions>
      </trkpt>
      <trkpt lat="39.99002698692633" lon="116.48252639096349">
        <ele>35.91801905911416</ele>
        <time>2026-08-24T22:32:38.900000Z</time>
        <extensions>
          <gpxtpx:TrackPointExtension>
            <gpxtpx:hr>166</gpxtpx:hr>
          </gpxtpx:TrackPointExtension>
        </extensions>
      </trkpt>
      <trkpt lat="39.99004825385949" lon="116.48255033181495">
        <ele>35.89871275424957</ele>
        <time>2026-08-24T22:32:39.900000Z</time>
        <extensions>
          <gpxtpx:TrackPointExtension>
            <gpxtpx:hr>166</gpxtpx:hr>
          </gpxtpx:TrackPointExtension>
        </extensions>
      </trkpt>
      <trkpt lat="39.99006929970368" lon="116.48257496802033">
        <ele>35.870681322179735</ele>
        <time>2026-08-24T22:32:40.900000Z</time>
        <extensions>
          <gpxtpx:TrackPointExtension>
            <gpxtpx:hr>166</gpxtpx:hr>
          </gpxtpx:TrackPointExtension>
        </extensions>
      </trkpt>
      <trkpt lat="39.99009014865567" lon="116.48259977635139">
        <ele>35.835861990228295</ele>
        <time>2026-08-24T22:32:41.900000Z</time>
        <extensions>
          <gpxtpx:TrackPointExtension>
            <gpxtpx:hr>166</gpxtpx:hr>
          </gpxtpx:TrackPointExtension>
        </extensions>
      </trkpt>
      <trkpt lat="39.9901109605819" lon="116.48262406042063">
        <ele>35.79599022306502</ele>
        <time>2026-08-24T22:32:42.900000Z</time>
        <extensions>
          <gpxtpx:TrackPointExtension>
            <gpxtpx:hr>166</gpxtpx:hr>
          </gpxtpx:TrackPointExtension>
        </extensions>
      </trkpt>
      <trkpt lat="39.99013171345446" lon="116.48264774709683">
        <ele>35.75214968342334</ele>
        <time>2026-08-24T22:32:43.900000Z</time>
        <extensions>
          <gpxtpx:TrackPointExtension>
            <gpxtpx:hr>167</gpxtpx:hr>
          </gpxtpx:TrackPointExtension>
        </extensions>
      </trkpt>
      <trkpt lat="39.99015240971516" lon="116.48267117730198">
        <ele>35.705449174158275</ele>
        <time>2026-08-24T22:32:44.900000Z</time>
        <extensions>
          <gpxtpx:TrackPointExtension>
            <gpxtpx:hr>167</gpxtpx:hr>
          </gpxtpx:TrackPointExtension>
        </extensions>
      </trkpt>
      <trkpt lat="39.990173145147544" lon="116.48269470965535">
        <ele>35.657518615946174</ele>
        <time>2026-08-24T22:32:45.900000Z</time>
        <extensions>
          <gpxtpx:TrackPointExtension>
            <gpxtpx:hr>167</gpxtpx:hr>
          </gpxtpx:TrackPointExtension>
        </extensions>
      </trkpt>
      <trkpt lat="39.99019407092447" lon="116.48271861142848">
        <ele>35.61018057633191</ele>
        <time>2026-08-24T22:32:46.900000Z</time>
        <extensions>
          <gpxtpx:TrackPointExtension>
            <gpxtpx:hr>167</gpxtpx:hr>
          </gpxtpx:TrackPointExtension>
        </extensions>
      </trkpt>
      <trkpt lat="39.99021539401019" lon="116.4827428200031">
        <ele>35.56493285484612</ele>
        <time>2026-08-24T22:32:47.900000Z</time>
        <extensions>
          <gpxtpx:TrackPointExtension>
            <gpxtpx:hr>167</gpxtpx:hr>
          </gpxtpx:TrackPointExtension>
        </extensions>
      </trkpt>
      <trkpt lat="39.9902373139171" lon="116.48276685958265">
        <ele>35.52245850395411</ele>
        <time>2026-08-24T22:32:48.900000Z</time>
        <extensions>
          <gpxtpx:TrackPointExtension>
            <gpxtpx:hr>167</gpxtpx:hr>
          </gpxtpx:TrackPointExtension>
        </extensions>
      </trkpt>
      <trkpt lat="39.99025988462972" lon="116.48279040625425">
        <ele>35.482408717274666</ele>
        <time>2026-08-24T22:32:49.900000Z</time>
        <extensions>
          <gpxtpx:TrackPointExtension>
            <gpxtpx:hr>167</gpxtpx:hr>
          </gpxtpx:TrackPointExtension>
        </extensions>
      </trkpt>
      <trkpt lat="39.990282965732305" lon="116.4828135478768">
        <ele>35.4442721651867</ele>
        <time>2026-08-24T22:32:50.900000Z</time>
        <extensions>
          <gpxtpx:TrackPointExtension>
            <gpxtpx:hr>167</gpxtpx:hr>
          </gpxtpx:TrackPointExtension>
        </extensions>
      </trkpt>
      <trkpt lat="39.99030635938235" lon="116.48283648206542">
        <ele>35.408100445754826</ele>
        <time>2026-08-24T22:32:51.900000Z</time>
        <extensions>
          <gpxtpx:TrackPointExtension>
            <gpxtpx:hr>168</gpxtpx:hr>
          </gpxtpx:TrackPointExtension>
        </extensions>
      </trkpt>
      <trkpt lat="39.99032977104692" lon="116.48285973040502">
        <ele>35.37441650219262</ele>
        <time>2026-08-24T22:32:52.900000Z</time>
        <extensions>
          <gpxtpx:TrackPointExtension>
            <gpxtpx:hr>168</gpxtpx:hr>
          </gpxtpx:TrackPointExtension>
        </extensions>
      </trkpt>
      <trkpt lat="39.990353009506876" lon="116.48288379641076">
        <ele>35.344351038336754</ele>
        <time>2026-08-24T22:32:53.900000Z</time>
        <extensions>
          <gpxtpx:TrackPointExtension>
            <gpxtpx:hr>168</gpxtpx:hr>
          </gpxtpx:TrackPointExtension>
        </extensions>
      </trkpt>
      <trkpt lat="39.99037654468678" lon="116.48290794255344">
        <ele>35.318950021639466</ele>
        <time>2026-08-24T22:32:54.900000Z</time>
        <extensions>
          <gpxtpx:TrackPointExtension>
            <gpxtpx:hr>168</gpxtpx:hr>
          </gpxtpx:TrackPointExtension>
        </extensions>
      </trkpt>
      <trkpt lat="39.99040052536606" lon="116.48293151080155">
        <ele>35.29804953187704</ele>
        <time>2026-08-24T22:32:55.900000Z</time>
        <extensions>
          <gpxtpx:TrackPointExtension>
            <gpxtpx:hr>168</gpxtpx:hr>
          </gpxtpx:TrackPointExtension>
        </extensions>
      </trkpt>
      <trkpt lat="39.99042451166945" lon="116.4829547509589">
        <ele>35.280315085314214</ele>
        <time>2026-08-24T22:32:56.900000Z</time>
        <extensions>
          <gpxtpx:TrackPointExtension>
            <gpxtpx:hr>169</gpxtpx:hr>
          </gpxtpx:TrackPointExtension>
        </extensions>
      </trkpt>
      <trkpt lat="39.99044824672559" lon="116.4829779333127">
        <ele>35.26421684585512</ele>
        <time>2026-08-24T22:32:57.900000Z</time>
        <extensions>
          <gpxtpx:TrackPointExtension>
            <gpxtpx:hr>169</gpxtpx:hr>
          </gpxtpx:TrackPointExtension>
        </extensions>
      </trkpt>
      <trkpt lat="39.99047174854307" lon="116.48300124769632">
        <ele>35.24914739001542</ele>
        <time>2026-08-24T22:32:58.900000Z</time>
        <extensions>
          <gpxtpx:TrackPointExtension>
            <gpxtpx:hr>169</gpxtpx:hr>
          </gpxtpx:TrackPointExtension>
        </extensions>
      </trkpt>
      <trkpt lat="39.990495082380995" lon="116.48302486523053">
        <ele>35.23497468791902</ele>
        <time>2026-08-24T22:32:59.900000Z</time>
        <extensions>
          <gpxtpx:TrackPointExtension>
            <gpxtpx:hr>169</gpxtpx:hr>
          </gpxtpx:TrackPointExtension>
        </extensions>
      </trkpt>
      <trkpt lat="39.99051822966932" lon="116.4830484711846">
        <ele>35.22110579535365</ele>
        <time>2026-08-24T22:33:00.900000Z</time>
        <extensions>
          <gpxtpx:TrackPointExtension>
            <gpxtpx:hr>169</gpxtpx:hr>
          </gpxtpx:TrackPointExtension>
        </extensions>
      </trkpt>
      <trkpt lat="39.99054117512917" lon="116.48307178745908">
        <ele>35.206270610913634</ele>
        <time>2026-08-24T22:33:01.900000Z</time>
        <extensions>
          <gpxtpx:TrackPointExtension>
            <gpxtpx:hr>172</gpxtpx:hr>
          </gpxtpx:TrackPointExtension>
        </extensions>
      </trkpt>
      <trkpt lat="39.99056394117973" lon="116.48309505644572">
        <ele>35.188676794059575</ele>
        <time>2026-08-24T22:33:02.900000Z</time>
        <extensions>
          <gpxtpx:TrackPointExtension>
            <gpxtpx:hr>172</gpxtpx:hr>
          </gpxtpx:TrackPointExtension>
        </extensions>
      </trkpt>
      <trkpt lat="39.99058657126385" lon="116.48311847598207">
        <ele>35.166709408164024</ele>
        <time>2026-08-24T22:33:03.900000Z</time>
        <extensions>
          <gpxtpx:TrackPointExtension>
            <gpxtpx:hr>172</gpxtpx:hr>
          </gpxtpx:TrackPointExtension>
        </extensions>
      </trkpt>
      <trkpt lat="39.99060927221742" lon="116.48314214490202">
        <ele>35.139037035405636</ele>
        <time>2026-08-24T22:33:04.900000Z</time>
        <extensions>
          <gpxtpx:TrackPointExtension>
            <gpxtpx:hr>172</gpxtpx:hr>
          </gpxtpx:TrackPointExtension>
        </extensions>
      </trkpt>
      <trkpt lat="39.990632284691465" lon="116.48316590271034">
        <ele>35.10463074129075</ele>
        <time>2026-08-24T22:33:05.900000Z</time>
        <extensions>
          <gpxtpx:TrackPointExtension>
            <gpxtpx:hr>172</gpxtpx:hr>
          </gpxtpx:TrackPointExtension>
        </extensions>
      </trkpt>
      <trkpt lat="39.9906556251131" lon="116.48318955821696">
        <ele>35.06319451890886</ele>
        <time>2026-08-24T22:33:06.900000Z</time>
        <extensions>
          <gpxtpx:TrackPointExtension>
            <gpxtpx:hr>172</gpxtpx:hr>
          </gpxtpx:TrackPointExtension>
        </extensions>
      </trkpt>
      <trkpt lat="39.99067901442984" lon="116.48321307851118">
        <ele>35.014876399189234</ele>
        <time>2026-08-24T22:33:07.900000Z</time>
        <extensions>
          <gpxtpx:TrackPointExtension>
            <gpxtpx:hr>174</gpxtpx:hr>
          </gpxtpx:TrackPointExtension>
        </extensions>
      </trkpt>
      <trkpt lat="39.990702282197105" lon="116.48323652957377">
        <ele>34.95996322389692</ele>
        <time>2026-08-24T22:33:08.900000Z</time>
        <extensions>
          <gpxtpx:TrackPointExtension>
            <gpxtpx:hr>174</gpxtpx:hr>
          </gpxtpx:TrackPointExtension>
        </extensions>
      </trkpt>
      <trkpt lat="39.99072538295632" lon="116.48325995949811">
        <ele>34.89883804041892</ele>
        <time>2026-08-24T22:33:09.900000Z</time>
        <extensions>
          <gpxtpx:TrackPointExtension>
            <gpxtpx:hr>174</gpxtpx:hr>
          </gpxtpx:TrackPointExtension>
        </extensions>
      </trkpt>
      <trkpt lat="39.99074819990883" lon="116.48328346594865">
        <ele>34.832531901076436</ele>
        <time>2026-08-24T22:33:10.900000Z</time>
        <extensions>
          <gpxtpx:TrackPointExtension>
            <gpxtpx:hr>174</gpxtpx:hr>
          </gpxtpx:TrackPointExtension>
        </extensions>
      </trkpt>
      <trkpt lat="39.99077074359284" lon="116.48330707742738">
        <ele>34.763034424744546</ele>
        <time>2026-08-24T22:33:11.900000Z</time>
        <extensions>
          <gpxtpx:TrackPointExtension>
            <gpxtpx:hr>174</gpxtpx:hr>
          </gpxtpx:TrackPointExtension>
        </extensions>
      </trkpt>
      <trkpt lat="39.990792918403606" lon="116.48333065499705">
        <ele>34.69265301898122</ele>
        <time>2026-08-24T22:33:12.900000Z</time>
        <extensions>
          <gpxtpx:TrackPointExtension>
            <gpxtpx:hr>174</gpxtpx:hr>
          </gpxtpx:TrackPointExtension>
        </extensions>
      </trkpt>
      <trkpt lat="39.990814385262" lon="116.48335400323334">
        <ele>34.62388580292463</ele>
        <time>2026-08-24T22:33:13.900000Z</time>
        <extensions>
          <gpxtpx:TrackPointExtension>
            <gpxtpx:hr>174</gpxtpx:hr>
          </gpxtpx:TrackPointExtension>
        </extensions>
      </trkpt>
      <trkpt lat="39.990834905858485" lon="116.48337712381836">
        <ele>34.55925779789686</ele>
        <time>2026-08-24T22:33:14.800000Z</time>
        <extensions>
          <gpxtpx:TrackPointExtension>
            <gpxtpx:hr>175</gpxtpx:hr>
          </gpxtpx:TrackPointExtension>
        </extensions>
      </trkpt>
      <trkpt lat="39.990854484364796" lon="116.48340032565922">
        <ele>34.50050383247435</ele>
        <time>2026-08-24T22:33:15.800000Z</time>
        <extensions>
          <gpxtpx:TrackPointExtension>
            <gpxtpx:hr>175</gpxtpx:hr>
          </gpxtpx:TrackPointExtension>
        </extensions>
      </trkpt>
      <trkpt lat="39.99087313396124" lon="116.4834238642486">
        <ele>34.44888040423393</ele>
        <time>2026-08-24T22:33:16.800000Z</time>
        <extensions>
          <gpxtpx:TrackPointExtension>
            <gpxtpx:hr>175</gpxtpx:hr>
          </gpxtpx:TrackPointExtension>
        </extensions>
      </trkpt>
      <trkpt lat="39.990890911295494" lon="116.48344793394374">
        <ele>34.40621810499579</ele>
        <time>2026-08-24T22:33:17.800000Z</time>
        <extensions>
          <gpxtpx:TrackPointExtension>
            <gpxtpx:hr>175</gpxtpx:hr>
          </gpxtpx:TrackPointExtension>
        </extensions>
      </trkpt>
      <trkpt lat="39.9909076464638" lon="116.48347272271553">
        <ele>34.37490342371166</ele>
        <time>2026-08-24T22:33:18.800000Z</time>
        <extensions>
          <gpxtpx:TrackPointExtension>
            <gpxtpx:hr>175</gpxtpx:hr>
          </gpxtpx:TrackPointExtension>
        </extensions>
      </trkpt>
      <trkpt lat="39.990922768448286" lon="116.48349854765146">
        <ele>34.35728521924466</ele>
        <time>2026-08-24T22:33:19.800000Z</time>
        <extensions>
          <gpxtpx:TrackPointExtension>
            <gpxtpx:hr>175</gpxtpx:hr>
          </gpxtpx:TrackPointExtension>
        </extensions>
      </trkpt>
      <trkpt lat="39.99093503225602" lon="116.48352624985354">
        <ele>34.354452934116125</ele>
        <time>2026-08-24T22:33:20.800000Z</time>
        <extensions>
          <gpxtpx:TrackPointExtension>
            <gpxtpx:hr>175</gpxtpx:hr>
          </gpxtpx:TrackPointExtension>
        </extensions>
      </trkpt>
      <trkpt lat="39.99094517973114" lon="116.48355565413434">
        <ele>34.36538633797318</ele>
        <time>2026-08-24T22:33:21.800000Z</time>
        <extensions>
          <gpxtpx:TrackPointExtension>
            <gpxtpx:hr>175</gpxtpx:hr>
          </gpxtpx:TrackPointExtension>
        </extensions>
      </trkpt>
      <trkpt lat="39.99095731980565" lon="116.48358480368857">
        <ele>34.38750020228326</ele>
        <time>2026-08-24T22:33:22.800000Z</time>
        <extensions>
          <gpxtpx:TrackPointExtension>
            <gpxtpx:hr>175</gpxtpx:hr>
          </gpxtpx:TrackPointExtension>
        </extensions>
      </trkpt>
      <trkpt lat="39.99097334543771" lon="116.48361235809116">
        <ele>34.41746279783547</ele>
        <time>2026-08-24T22:33:23.800000Z</time>
        <extensions>
          <gpxtpx:TrackPointExtension>
            <gpxtpx:hr>176</gpxtpx:hr>
          </gpxtpx:TrackPointExtension>
        </extensions>
      </trkpt>
      <trkpt lat="39.99099207266328" lon="116.48363828731804">
        <ele>34.451810447499156</ele>
        <time>2026-08-24T22:33:24.800000Z</time>
        <extensions>
          <gpxtpx:TrackPointExtension>
            <gpxtpx:hr>176</gpxtpx:hr>
          </gpxtpx:TrackPointExtension>
        </extensions>
      </trkpt>
      <trkpt lat="39.991012471710064" lon="116.48366305384312">
        <ele>34.48762507829815</ele>
        <time>2026-08-24T22:33:25.800000Z</time>
        <extensions>
          <gpxtpx:TrackPointExtension>
            <gpxtpx:hr>176</gpxtpx:hr>
          </gpxtpx:TrackPointExtension>
        </extensions>
      </trkpt>
      <trkpt lat="39.99103378207653" lon="116.48368704793184">
        <ele>34.52309565152973</ele>
        <time>2026-08-24T22:33:26.800000Z</time>
        <extensions>
          <gpxtpx:TrackPointExtension>
            <gpxtpx:hr>176</gpxtpx:hr>
          </gpxtpx:TrackPointExtension>
        </extensions>
      </trkpt>
      <trkpt lat="39.991055450741015" lon="116.48371041667622">
        <ele>34.557329394854605</ele>
        <time>2026-08-24T22:33:27.800000Z</time>
        <extensions>
          <gpxtpx:TrackPointExtension>
            <gpxtpx:hr>176</gpxtpx:hr>
          </gpxtpx:TrackPointExtension>
        </extensions>
      </trkpt>
      <trkpt lat="39.991077100446276" lon="116.48373305962866">
        <ele>34.5899946289137</ele>
        <time>2026-08-24T22:33:28.800000Z</time>
        <extensions>
          <gpxtpx:TrackPointExtension>
            <gpxtpx:hr>176</gpxtpx:hr>
          </gpxtpx:TrackPointExtension>
        </extensions>
      </trkpt>
      <trkpt lat="39.99109870030647" lon="116.48375498823454">
        <ele>34.6211214652285</ele>
        <time>2026-08-24T22:33:29.800000Z</time>
        <extensions>
          <gpxtpx:TrackPointExtension>
            <gpxtpx:hr>175</gpxtpx:hr>
          </gpxtpx:TrackPointExtension>
        </extensions>
      </trkpt>
      <trkpt lat="39.99112034183075" lon="116.48377646941519">
        <ele>34.650607435032725</ele>
        <time>2026-08-24T22:33:30.800000Z</time>
        <extensions>
          <gpxtpx:TrackPointExtension>
            <gpxtpx:hr>175</gpxtpx:hr>
          </gpxtpx:TrackPointExtension>
        </extensions>
      </trkpt>
      <trkpt lat="39.991142119155526" lon="116.48379777469295">
        <ele>34.678427981212735</ele>
        <time>2026-08-24T22:33:31.800000Z</time>
        <extensions>
          <gpxtpx:TrackPointExtension>
            <gpxtpx:hr>175</gpxtpx:hr>
          </gpxtpx:TrackPointExtension>
        </extensions>
      </trkpt>
      <trkpt lat="39.99116421052387" lon="116.48381911590351">
        <ele>34.70482894219458</ele>
        <time>2026-08-24T22:33:32.800000Z</time>
        <extensions>
          <gpxtpx:TrackPointExtension>
            <gpxtpx:hr>175</gpxtpx:hr>
          </gpxtpx:TrackPointExtension>
        </extensions>
      </trkpt>
      <trkpt lat="39.99118665683727" lon="116.48384068239471">
        <ele>34.72976042609662</ele>
        <time>2026-08-24T22:33:33.800000Z</time>
        <extensions>
          <gpxtpx:TrackPointExtension>
            <gpxtpx:hr>175</gpxtpx:hr>
          </gpxtpx:TrackPointExtension>
        </extensions>
      </trkpt>
      <trkpt lat="39.99120963835006" lon="116.48386266153754">
        <ele>34.75285116955638</ele>
        <time>2026-08-24T22:33:34.800000Z</time>
        <extensions>
          <gpxtpx:TrackPointExtension>
            <gpxtpx:hr>176</gpxtpx:hr>
          </gpxtpx:TrackPointExtension>
        </extensions>
      </trkpt>
      <trkpt lat="39.99123315062838" lon="116.48388507441796">
        <ele>34.7735201921314</ele>
        <time>2026-08-24T22:33:35.800000Z</time>
        <extensions>
          <gpxtpx:TrackPointExtension>
            <gpxtpx:hr>176</gpxtpx:hr>
          </gpxtpx:TrackPointExtension>
        </extensions>
      </trkpt>
      <trkpt lat="39.99125694034733" lon="116.48390779527632">
        <ele>34.790799893438816</ele>
        <time>2026-08-24T22:33:36.800000Z</time>
        <extensions>
          <gpxtpx:TrackPointExtension>
            <gpxtpx:hr>176</gpxtpx:hr>
          </gpxtpx:TrackPointExtension>
        </extensions>
      </trkpt>
      <trkpt lat="39.9912808673077" lon="116.48393067282434">
        <ele>34.80369370058179</ele>
        <time>2026-08-24T22:33:37.800000Z</time>
        <extensions>
          <gpxtpx:TrackPointExtension>
            <gpxtpx:hr>176</gpxtpx:hr>
          </gpxtpx:TrackPointExtension>
        </extensions>
      </trkpt>
      <trkpt lat="39.99130488970301" lon="116.48395361726153">
        <ele>34.81118023954332</ele>
        <time>2026-08-24T22:33:38.800000Z</time>
        <extensions>
          <gpxtpx:TrackPointExtension>
            <gpxtpx:hr>176</gpxtpx:hr>
          </gpxtpx:TrackPointExtension>
        </extensions>
      </trkpt>
      <trkpt lat="39.99132899366779" lon="116.48397667890372">
        <ele>34.811813599430025</ele>
        <time>2026-08-24T22:33:39.800000Z</time>
        <extensions>
          <gpxtpx:TrackPointExtension>
            <gpxtpx:hr>175</gpxtpx:hr>
          </gpxtpx:TrackPointExtension>
        </extensions>
      </trkpt>
      <trkpt lat="39.991353299327024" lon="116.48399978987678">
        <ele>34.80405087862164</ele>
        <time>2026-08-24T22:33:40.800000Z</time>
        <extensions>
          <gpxtpx:TrackPointExtension>
            <gpxtpx:hr>175</gpxtpx:hr>
          </gpxtpx:TrackPointExtension>
        </extensions>
      </trkpt>
      <trkpt lat="39.99137766621997" lon="116.48402330066898">
        <ele>34.78674368839711</ele>
        <time>2026-08-24T22:33:41.800000Z</time>
        <extensions>
          <gpxtpx:TrackPointExtension>
            <gpxtpx:hr>175</gpxtpx:hr>
          </gpxtpx:TrackPointExtension>
        </extensions>
      </trkpt>
      <trkpt lat="39.9914018655533" lon="116.48404739941856">
        <ele>34.759741028770804</ele>
        <time>2026-08-24T22:33:42.800000Z</time>
        <extensions>
          <gpxtpx:TrackPointExtension>
            <gpxtpx:hr>175</gpxtpx:hr>
          </gpxtpx:TrackPointExtension>
        </extensions>
      </trkpt>
      <trkpt lat="39.991425872798864" lon="116.4840718850541">
        <ele>34.72436821833253</ele>
        <time>2026-08-24T22:33:43.800000Z</time>
        <extensions>
          <gpxtpx:TrackPointExtension>
            <gpxtpx:hr>175</gpxtpx:hr>
          </gpxtpx:TrackPointExtension>
        </extensions>
      </trkpt>
      <trkpt lat="39.991449815183" lon="116.48409677306584">
        <ele>34.68274839222431</ele>
        <time>2026-08-24T22:33:44.800000Z</time>
        <extensions>
          <gpxtpx:TrackPointExtension>
            <gpxtpx:hr>175</gpxtpx:hr>
          </gpxtpx:TrackPointExtension>
        </extensions>
      </trkpt>
      <trkpt lat="39.99147361264526" lon="116.48412192053522">
        <ele>34.637449234724045</ele>
        <time>2026-08-24T22:33:45.800000Z</time>
        <extensions>
          <gpxtpx:TrackPointExtension>
            <gpxtpx:hr>175</gpxtpx:hr>
          </gpxtpx:TrackPointExtension>
        </extensions>
      </trkpt>
      <trkpt lat="39.99149706543286" lon="116.48414705313546">
        <ele>34.59118502121419</ele>
        <time>2026-08-24T22:33:46.800000Z</time>
        <extensions>
          <gpxtpx:TrackPointExtension>
            <gpxtpx:hr>175</gpxtpx:hr>
          </gpxtpx:TrackPointExtension>
        </extensions>
      </trkpt>
      <trkpt lat="39.99152007052565" lon="116.4841720483287">
        <ele>34.54588951729238</ele>
        <time>2026-08-24T22:33:47.800000Z</time>
        <extensions>
          <gpxtpx:TrackPointExtension>
            <gpxtpx:hr>176</gpxtpx:hr>
          </gpxtpx:TrackPointExtension>
        </extensions>
      </trkpt>
      <trkpt lat="39.99154272247345" lon="116.48419704165396">
        <ele>34.50289718154818</ele>
        <time>2026-08-24T22:33:48.800000Z</time>
        <extensions>
          <gpxtpx:TrackPointExtension>
            <gpxtpx:hr>176</gpxtpx:hr>
          </gpxtpx:TrackPointExtension>
        </extensions>
      </trkpt>
      <trkpt lat="39.99156535568433" lon="116.4842220153888">
        <ele>34.46308254916221</ele>
        <time>2026-08-24T22:33:49.800000Z</time>
        <extensions>
          <gpxtpx:TrackPointExtension>
            <gpxtpx:hr>176</gpxtpx:hr>
          </gpxtpx:TrackPointExtension>
        </extensions>
      </trkpt>
      <trkpt lat="39.99158810148833" lon="116.48424661639541">
        <ele>34.42689650692046</ele>
        <time>2026-08-24T22:33:50.800000Z</time>
        <extensions>
          <gpxtpx:TrackPointExtension>
            <gpxtpx:hr>176</gpxtpx:hr>
          </gpxtpx:TrackPointExtension>
        </extensions>
      </trkpt>
      <trkpt lat="39.9916109506698" lon="116.48427057817511">
        <ele>34.394501872360706</ele>
        <time>2026-08-24T22:33:51.800000Z</time>
        <extensions>
          <gpxtpx:TrackPointExtension>
            <gpxtpx:hr>176</gpxtpx:hr>
          </gpxtpx:TrackPointExtension>
        </extensions>
      </trkpt>
      <trkpt lat="39.99163379287434" lon="116.4842937485057">
        <ele>34.36581246461719</ele>
        <time>2026-08-24T22:33:52.800000Z</time>
        <extensions>
          <gpxtpx:TrackPointExtension>
            <gpxtpx:hr>176</gpxtpx:hr>
          </gpxtpx:TrackPointExtension>
        </extensions>
      </trkpt>
      <trkpt lat="39.99165639344983" lon="116.48431627482343">
        <ele>34.341081582941115</ele>
        <time>2026-08-24T22:33:53.800000Z</time>
        <extensions>
          <gpxtpx:TrackPointExtension>
            <gpxtpx:hr>179</gpxtpx:hr>
          </gpxtpx:TrackPointExtension>
        </extensions>
      </trkpt>
      <trkpt lat="39.99167867533235" lon="116.48433857020582">
        <ele>34.321030986495316</ele>
        <time>2026-08-24T22:33:54.800000Z</time>
        <extensions>
          <gpxtpx:TrackPointExtension>
            <gpxtpx:hr>179</gpxtpx:hr>
          </gpxtpx:TrackPointExtension>
        </extensions>
      </trkpt>
      <trkpt lat="39.991700688860185" lon="116.48436052105656">
        <ele>34.30656778346747</ele>
        <time>2026-08-24T22:33:55.800000Z</time>
        <extensions>
          <gpxtpx:TrackPointExtension>
            <gpxtpx:hr>179</gpxtpx:hr>
          </gpxtpx:TrackPointExtension>
        </extensions>
      </trkpt>
      <trkpt lat="39.99172260367412" lon="116.48438209503045">
        <ele>34.298048549331725</ele>
        <time>2026-08-24T22:33:56.800000Z</time>
        <extensions>
          <gpxtpx:TrackPointExtension>
            <gpxtpx:hr>179</gpxtpx:hr>
          </gpxtpx:TrackPointExtension>
        </extensions>
      </trkpt>
      <trkpt lat="39.99174478815498" lon="116.48440357749854">
        <ele>34.29495675675571</ele>
        <time>2026-08-24T22:33:57.800000Z</time>
        <extensions>
          <gpxtpx:TrackPointExtension>
            <gpxtpx:hr>179</gpxtpx:hr>
          </gpxtpx:TrackPointExtension>
        </extensions>
      </trkpt>
      <trkpt lat="39.99176708523686" lon="116.48442514609106">
        <ele>34.29687598813325</ele>
        <time>2026-08-24T22:33:58.800000Z</time>
        <extensions>
          <gpxtpx:TrackPointExtension>
            <gpxtpx:hr>179</gpxtpx:hr>
          </gpxtpx:TrackPointExtension>
        </extensions>
      </trkpt>
      <trkpt lat="39.99178945081345" lon="116.48444678400973">
        <ele>34.30448961444199</ele>
        <time>2026-08-24T22:33:59.800000Z</time>
        <extensions>
          <gpxtpx:TrackPointExtension>
            <gpxtpx:hr>179</gpxtpx:hr>
          </gpxtpx:TrackPointExtension>
        </extensions>
      </trkpt>
      <trkpt lat="39.99181190240375" lon="116.48446830184005">
        <ele>34.319894049316645</ele>
        <time>2026-08-24T22:34:00.800000Z</time>
        <extensions>
          <gpxtpx:TrackPointExtension>
            <gpxtpx:hr>179</gpxtpx:hr>
          </gpxtpx:TrackPointExtension>
        </extensions>
      </trkpt>
      <trkpt lat="39.99183444910879" lon="116.48448961133313">
        <ele>34.34573643002659</ele>
        <time>2026-08-24T22:34:01.800000Z</time>
        <extensions>
          <gpxtpx:TrackPointExtension>
            <gpxtpx:hr>179</gpxtpx:hr>
          </gpxtpx:TrackPointExtension>
        </extensions>
      </trkpt>
      <trkpt lat="39.99185709267233" lon="116.48451046752415">
        <ele>34.38441939279437</ele>
        <time>2026-08-24T22:34:02.800000Z</time>
        <extensions>
          <gpxtpx:TrackPointExtension>
            <gpxtpx:hr>179</gpxtpx:hr>
          </gpxtpx:TrackPointExtension>
        </extensions>
      </trkpt>
      <trkpt lat="39.99187989914081" lon="116.48453018058171">
        <ele>34.4376868288964</ele>
        <time>2026-08-24T22:34:03.800000Z</time>
        <extensions>
          <gpxtpx:TrackPointExtension>
            <gpxtpx:hr>179</gpxtpx:hr>
          </gpxtpx:TrackPointExtension>
        </extensions>
      </trkpt>
      <trkpt lat="39.99190272580691" lon="116.48454829088428">
        <ele>34.506080098450184</ele>
        <time>2026-08-24T22:34:04.800000Z</time>
        <extensions>
          <gpxtpx:TrackPointExtension>
            <gpxtpx:hr>179</gpxtpx:hr>
          </gpxtpx:TrackPointExtension>
        </extensions>
      </trkpt>
      <trkpt lat="39.99192533936008" lon="116.484564446288">
        <ele>34.58914358261973</ele>
        <time>2026-08-24T22:34:05.800000Z</time>
        <extensions>
          <gpxtpx:TrackPointExtension>
            <gpxtpx:hr>179</gpxtpx:hr>
          </gpxtpx:TrackPointExtension>
        </extensions>
      </trkpt>
      <trkpt lat="39.991947716272996" lon="116.48457788914864">
        <ele>34.68529747519642</ele>
        <time>2026-08-24T22:34:06.800000Z</time>
        <extensions>
          <gpxtpx:TrackPointExtension>
            <gpxtpx:hr>179</gpxtpx:hr>
          </gpxtpx:TrackPointExtension>
        </extensions>
      </trkpt>
      <trkpt lat="39.99196964362416" lon="116.48458720067465">
        <ele>34.792031978257</ele>
        <time>2026-08-24T22:34:07.800000Z</time>
        <extensions>
          <gpxtpx:TrackPointExtension>
            <gpxtpx:hr>179</gpxtpx:hr>
          </gpxtpx:TrackPointExtension>
        </extensions>
      </trkpt>
      <trkpt lat="39.991990435386676" lon="116.48459026890954">
        <ele>34.907546744681895</ele>
        <time>2026-08-24T22:34:08.700000Z</time>
        <extensions>
          <gpxtpx:TrackPointExtension>
            <gpxtpx:hr>179</gpxtpx:hr>
          </gpxtpx:TrackPointExtension>
        </extensions>
      </trkpt>
      <trkpt lat="39.992008763167256" lon="116.48458621402484">
        <ele>35.03059811145067</ele>
        <time>2026-08-24T22:34:09.700000Z</time>
        <extensions>
          <gpxtpx:TrackPointExtension>
            <gpxtpx:hr>179</gpxtpx:hr>
          </gpxtpx:TrackPointExtension>
        </extensions>
      </trkpt>
      <trkpt lat="39.99202364956376" lon="116.48457710702324">
        <ele>35.158834321424365</ele>
        <time>2026-08-24T22:34:10.700000Z</time>
        <extensions>
          <gpxtpx:TrackPointExtension>
            <gpxtpx:hr>179</gpxtpx:hr>
          </gpxtpx:TrackPointExtension>
        </extensions>
      </trkpt>
      <trkpt lat="39.992036158081376" lon="116.48456504298423">
        <ele>35.288791205734015</ele>
        <time>2026-08-24T22:34:11.700000Z</time>
        <extensions>
          <gpxtpx:TrackPointExtension>
            <gpxtpx:hr>179</gpxtpx:hr>
          </gpxtpx:TrackPointExtension>
        </extensions>
      </trkpt>
      <trkpt lat="39.99204831199058" lon="116.48455220823492">
        <ele>35.41688606608659</ele>
        <time>2026-08-24T22:34:12.700000Z</time>
        <extensions>
          <gpxtpx:TrackPointExtension>
            <gpxtpx:hr>179</gpxtpx:hr>
          </gpxtpx:TrackPointExtension>
        </extensions>
      </trkpt>
      <trkpt lat="39.992060871594006" lon="116.4845413839662">
        <ele>35.540188357234</ele>
        <time>2026-08-24T22:34:13.700000Z</time>
        <extensions>
          <gpxtpx:TrackPointExtension>
            <gpxtpx:hr>179</gpxtpx:hr>
          </gpxtpx:TrackPointExtension>
        </extensions>
      </trkpt>
      <trkpt lat="39.992073090097016" lon="116.48453422682128">
        <ele>35.656465001404285</ele>
        <time>2026-08-24T22:34:14.700000Z</time>
        <extensions>
          <gpxtpx:TrackPointExtension>
            <gpxtpx:hr>179</gpxtpx:hr>
          </gpxtpx:TrackPointExtension>
        </extensions>
      </trkpt>
      <trkpt lat="39.99208388796717" lon="116.48453129348815">
        <ele>35.76422771811485</ele>
        <time>2026-08-24T22:34:15.700000Z</time>
        <extensions>
          <gpxtpx:TrackPointExtension>
            <gpxtpx:hr>180</gpxtpx:hr>
          </gpxtpx:TrackPointExtension>
        </extensions>
      </trkpt>
      <trkpt lat="39.99209281514696" lon="116.48453197532316">
        <ele>35.86289859935641</ele>
        <time>2026-08-24T22:34:16.700000Z</time>
        <extensions>
          <gpxtpx:TrackPointExtension>
            <gpxtpx:hr>180</gpxtpx:hr>
          </gpxtpx:TrackPointExtension>
        </extensions>
      </trkpt>
      <trkpt lat="39.99209977776787" lon="116.48453537300703">
        <ele>35.95256563462317</ele>
        <time>2026-08-24T22:34:17.700000Z</time>
        <extensions>
          <gpxtpx:TrackPointExtension>
            <gpxtpx:hr>180</gpxtpx:hr>
          </gpxtpx:TrackPointExtension>
        </extensions>
      </trkpt>
      <trkpt lat="39.99210558683771" lon="116.48454121902738">
        <ele>36.03379792626947</ele>
        <time>2026-08-24T22:34:18.700000Z</time>
        <extensions>
          <gpxtpx:TrackPointExtension>
            <gpxtpx:hr>180</gpxtpx:hr>
          </gpxtpx:TrackPointExtension>
        </extensions>
      </trkpt>
      <trkpt lat="39.99211147586843" lon="116.48454929369763">
        <ele>36.10763606801629</ele>
        <time>2026-08-24T22:34:19.700000Z</time>
        <extensions>
          <gpxtpx:TrackPointExtension>
            <gpxtpx:hr>180</gpxtpx:hr>
          </gpxtpx:TrackPointExtension>
        </extensions>
      </trkpt>
      <trkpt lat="39.992118079507634" lon="116.48455904120276">
        <ele>36.175449065864086</ele>
        <time>2026-08-24T22:34:20.700000Z</time>
        <extensions>
          <gpxtpx:TrackPointExtension>
            <gpxtpx:hr>180</gpxtpx:hr>
          </gpxtpx:TrackPointExtension>
        </extensions>
      </trkpt>
      <trkpt lat="39.99212548508436" lon="116.4845703822142">
        <ele>36.238507059402764</ele>
        <time>2026-08-24T22:34:21.700000Z</time>
        <extensions>
          <gpxtpx:TrackPointExtension>
            <gpxtpx:hr>180</gpxtpx:hr>
          </gpxtpx:TrackPointExtension>
        </extensions>
      </trkpt>
      <trkpt lat="39.99213357878811" lon="116.48458336920189">
        <ele>36.29756937175989</ele>
        <time>2026-08-24T22:34:22.700000Z</time>
        <extensions>
          <gpxtpx:TrackPointExtension>
            <gpxtpx:hr>179</gpxtpx:hr>
          </gpxtpx:TrackPointExtension>
        </extensions>
      </trkpt>
      <trkpt lat="39.9921427445653" lon="116.48459754487914">
        <ele>36.35280827898532</ele>
        <time>2026-08-24T22:34:23.700000Z</time>
        <extensions>
          <gpxtpx:TrackPointExtension>
            <gpxtpx:hr>179</gpxtpx:hr>
          </gpxtpx:TrackPointExtension>
        </extensions>
      </trkpt>
      <trkpt lat="39.99215331084484" lon="116.4846121300074">
        <ele>36.4040711550042</ele>
        <time>2026-08-24T22:34:24.700000Z</time>
        <extensions>
          <gpxtpx:TrackPointExtension>
            <gpxtpx:hr>179</gpxtpx:hr>
          </gpxtpx:TrackPointExtension>
        </extensions>
      </trkpt>
      <trkpt lat="39.99216540965081" lon="116.48462596287531">
        <ele>36.451113800518215</ele>
        <time>2026-08-24T22:34:25.700000Z</time>
        <extensions>
          <gpxtpx:TrackPointExtension>
            <gpxtpx:hr>179</gpxtpx:hr>
          </gpxtpx:TrackPointExtension>
        </extensions>
      </trkpt>
      <trkpt lat="39.992178999110706" lon="116.48463815124592">
        <ele>36.49374266527593</ele>
        <time>2026-08-24T22:34:26.700000Z</time>
        <extensions>
          <gpxtpx:TrackPointExtension>
            <gpxtpx:hr>179</gpxtpx:hr>
          </gpxtpx:TrackPointExtension>
        </extensions>
      </trkpt>
      <trkpt lat="39.992193328506815" lon="116.48464856777382">
        <ele>36.5319486008957</ele>
        <time>2026-08-24T22:34:27.700000Z</time>
        <extensions>
          <gpxtpx:TrackPointExtension>
            <gpxtpx:hr>179</gpxtpx:hr>
          </gpxtpx:TrackPointExtension>
        </extensions>
      </trkpt>
      <trkpt lat="39.99220716562823" lon="116.48465808955717">
        <ele>36.565894537605345</ele>
        <time>2026-08-24T22:34:28.700000Z</time>
        <extensions>
          <gpxtpx:TrackPointExtension>
            <gpxtpx:hr>176</gpxtpx:hr>
          </gpxtpx:TrackPointExtension>
        </extensions>
      </trkpt>
      <trkpt lat="39.9922192485658" lon="116.48466829248603">
        <ele>36.59565392322838</ele>
        <time>2026-08-24T22:34:29.700000Z</time>
        <extensions>
          <gpxtpx:TrackPointExtension>
            <gpxtpx:hr>176</gpxtpx:hr>
          </gpxtpx:TrackPointExtension>
        </extensions>
      </trkpt>
      <trkpt lat="39.99222786014546" lon="116.48468081651608">
        <ele>36.62121670600027</ele>
        <time>2026-08-24T22:34:30.700000Z</time>
        <extensions>
          <gpxtpx:TrackPointExtension>
            <gpxtpx:hr>176</gpxtpx:hr>
          </gpxtpx:TrackPointExtension>
        </extensions>
      </trkpt>
      <trkpt lat="39.992234130455344" lon="116.48469526243393">
        <ele>36.642726141028106</ele>
        <time>2026-08-24T22:34:31.700000Z</time>
        <extensions>
          <gpxtpx:TrackPointExtension>
            <gpxtpx:hr>176</gpxtpx:hr>
          </gpxtpx:TrackPointExtension>
        </extensions>
      </trkpt>
      <trkpt lat="39.99224028794552" lon="116.48471008485815">
        <ele>36.66028255596757</ele>
        <time>2026-08-24T22:34:32.700000Z</time>
        <extensions>
          <gpxtpx:TrackPointExtension>
            <gpxtpx:hr>176</gpxtpx:hr>
          </gpxtpx:TrackPointExtension>
        </extensions>
      </trkpt>
      <trkpt lat="39.99224604293905" lon="116.48472497354477">
        <ele>36.673597385175526</ele>
        <time>2026-08-24T22:34:33.700000Z</time>
        <extensions>
          <gpxtpx:TrackPointExtension>
            <gpxtpx:hr>176</gpxtpx:hr>
          </gpxtpx:TrackPointExtension>
        </extensions>
      </trkpt>
      <trkpt lat="39.992250905199604" lon="116.48474001892637">
        <ele>36.68238456454128</ele>
        <time>2026-08-24T22:34:34.700000Z</time>
        <extensions>
          <gpxtpx:TrackPointExtension>
            <gpxtpx:hr>173</gpxtpx:hr>
          </gpxtpx:TrackPointExtension>
        </extensions>
      </trkpt>
      <trkpt lat="39.992255854034" lon="116.48475505536305">
        <ele>36.68691939488053</ele>
        <time>2026-08-24T22:34:35.700000Z</time>
        <extensions>
          <gpxtpx:TrackPointExtension>
            <gpxtpx:hr>173</gpxtpx:hr>
          </gpxtpx:TrackPointExtension>
        </extensions>
      </trkpt>
      <trkpt lat="39.99226206990502" lon="116.48476967104195">
        <ele>36.687838145531714</ele>
        <time>2026-08-24T22:34:36.700000Z</time>
        <extensions>
          <gpxtpx:TrackPointExtension>
            <gpxtpx:hr>173</gpxtpx:hr>
          </gpxtpx:TrackPointExtension>
        </extensions>
      </trkpt>
      <trkpt lat="39.99226893222319" lon="116.48478407550525">
        <ele>36.685631070286036</ele>
        <time>2026-08-24T22:34:37.700000Z</time>
        <extensions>
          <gpxtpx:TrackPointExtension>
            <gpxtpx:hr>173</gpxtpx:hr>
          </gpxtpx:TrackPointExtension>
        </extensions>
      </trkpt>
      <trkpt lat="39.99227573989291" lon="116.48479847770024">
        <ele>36.68067656084895</ele>
        <time>2026-08-24T22:34:38.700000Z</time>
        <extensions>
          <gpxtpx:TrackPointExtension>
            <gpxtpx:hr>173</gpxtpx:hr>
          </gpxtpx:TrackPointExtension>
        </extensions>
      </trkpt>
      <trkpt lat="39.99228251298868" lon="116.48481286430234">
        <ele>36.67334473505616</ele>
        <time>2026-08-24T22:34:39.700000Z</time>
        <extensions>
          <gpxtpx:TrackPointExtension>
            <gpxtpx:hr>170</gpxtpx:hr>
          </gpxtpx:TrackPointExtension>
        </extensions>
      </trkpt>
      <trkpt lat="39.99228928988589" lon="116.4848275949893">
        <ele>36.66382763534784</ele>
        <time>2026-08-24T22:34:40.700000Z</time>
        <extensions>
          <gpxtpx:TrackPointExtension>
            <gpxtpx:hr>170</gpxtpx:hr>
          </gpxtpx:TrackPointExtension>
        </extensions>
      </trkpt>
      <trkpt lat="39.99229610097564" lon="116.48484269423508">
        <ele>36.65213214419782</ele>
        <time>2026-08-24T22:34:41.700000Z</time>
        <extensions>
          <gpxtpx:TrackPointExtension>
            <gpxtpx:hr>170</gpxtpx:hr>
          </gpxtpx:TrackPointExtension>
        </extensions>
      </trkpt>
      <trkpt lat="39.9923030211356" lon="116.48485772930017">
        <ele>36.63824780937284</ele>
        <time>2026-08-24T22:34:42.700000Z</time>
        <extensions>
          <gpxtpx:TrackPointExtension>
            <gpxtpx:hr>170</gpxtpx:hr>
          </gpxtpx:TrackPointExtension>
        </extensions>
      </trkpt>
      <trkpt lat="39.99231003611872" lon="116.48487228278961">
        <ele>36.62227776367217</ele>
        <time>2026-08-24T22:34:43.700000Z</time>
        <extensions>
          <gpxtpx:TrackPointExtension>
            <gpxtpx:hr>168</gpxtpx:hr>
          </gpxtpx:TrackPointExtension>
        </extensions>
      </trkpt>
      <trkpt lat="39.99231727910568" lon="116.48488560395091">
        <ele>36.60441967938095</ele>
        <time>2026-08-24T22:34:44.700000Z</time>
        <extensions>
          <gpxtpx:TrackPointExtension>
            <gpxtpx:hr>168</gpxtpx:hr>
          </gpxtpx:TrackPointExtension>
        </extensions>
      </trkpt>
      <trkpt lat="39.99232503998308" lon="116.4848962280353">
        <ele>36.58510182145983</ele>
        <time>2026-08-24T22:34:45.700000Z</time>
        <extensions>
          <gpxtpx:TrackPointExtension>
            <gpxtpx:hr>168</gpxtpx:hr>
          </gpxtpx:TrackPointExtension>
        </extensions>
      </trkpt>
      <trkpt lat="39.992333514886006" lon="116.48490169214188">
        <ele>36.56528673507273</ele>
        <time>2026-08-24T22:34:46.700000Z</time>
        <extensions>
          <gpxtpx:TrackPointExtension>
            <gpxtpx:hr>168</gpxtpx:hr>
          </gpxtpx:TrackPointExtension>
        </extensions>
      </trkpt>
      <trkpt lat="39.992341662549244" lon="116.48490213872101">
        <ele>36.546426424756646</ele>
        <time>2026-08-24T22:34:47.700000Z</time>
        <extensions>
          <gpxtpx:TrackPointExtension>
            <gpxtpx:hr>168</gpxtpx:hr>
          </gpxtpx:TrackPointExtension>
        </extensions>
      </trkpt>
      <trkpt lat="39.99234891841353" lon="116.48490156093261">
        <ele>36.5299290381372</ele>
        <time>2026-08-24T22:34:48.700000Z</time>
        <extensions>
          <gpxtpx:TrackPointExtension>
            <gpxtpx:hr>159</gpxtpx:hr>
          </gpxtpx:TrackPointExtension>
        </extensions>
      </trkpt>
      <trkpt lat="39.99235587381368" lon="116.48490225323539">
        <ele>36.51661634258926</ele>
        <time>2026-08-24T22:34:49.700000Z</time>
        <extensions>
          <gpxtpx:TrackPointExtension>
            <gpxtpx:hr>159</gpxtpx:hr>
          </gpxtpx:TrackPointExtension>
        </extensions>
      </trkpt>
      <trkpt lat="39.99236273801637" lon="116.4849037120534">
        <ele>36.50671415962279</ele>
        <time>2026-08-24T22:34:50.700000Z</time>
        <extensions>
          <gpxtpx:TrackPointExtension>
            <gpxtpx:hr>159</gpxtpx:hr>
          </gpxtpx:TrackPointExtension>
        </extensions>
      </trkpt>
      <trkpt lat="39.9923696870909" lon="116.48490494776148">
        <ele>36.50016258191317</ele>
        <time>2026-08-24T22:34:51.700000Z</time>
        <extensions>
          <gpxtpx:TrackPointExtension>
            <gpxtpx:hr>159</gpxtpx:hr>
          </gpxtpx:TrackPointExtension>
        </extensions>
      </trkpt>
      <trkpt lat="39.99237678607835" lon="116.48490496513304">
        <ele>36.49683536309749</ele>
        <time>2026-08-24T22:34:52.700000Z</time>
        <extensions>
          <gpxtpx:TrackPointExtension>
            <gpxtpx:hr>159</gpxtpx:hr>
          </gpxtpx:TrackPointExtension>
        </extensions>
      </trkpt>
      <trkpt lat="39.992384071430145" lon="116.48490305589704">
        <ele>36.496625863946974</ele>
        <time>2026-08-24T22:34:53.700000Z</time>
        <extensions>
          <gpxtpx:TrackPointExtension>
            <gpxtpx:hr>159</gpxtpx:hr>
          </gpxtpx:TrackPointExtension>
        </extensions>
      </trkpt>
      <trkpt lat="39.992391659629405" lon="116.48489924724035">
        <ele>36.49941863492131</ele>
        <time>2026-08-24T22:34:54.700000Z</time>
        <extensions>
          <gpxtpx:TrackPointExtension>
            <gpxtpx:hr>156</gpxtpx:hr>
          </gpxtpx:TrackPointExtension>
        </extensions>
      </trkpt>
      <trkpt lat="39.99239969892497" lon="116.4848942668483">
        <ele>36.50499371718615</ele>
        <time>2026-08-24T22:34:55.700000Z</time>
        <extensions>
          <gpxtpx:TrackPointExtension>
            <gpxtpx:hr>156</gpxtpx:hr>
          </gpxtpx:TrackPointExtension>
        </extensions>
      </trkpt>
      <trkpt lat="39.9924081855633" lon="116.48488901098328">
        <ele>36.51285660173744</ele>
        <time>2026-08-24T22:34:56.700000Z</time>
        <extensions>
          <gpxtpx:TrackPointExtension>
            <gpxtpx:hr>156</gpxtpx:hr>
          </gpxtpx:TrackPointExtension>
        </extensions>
      </trkpt>
      <trkpt lat="39.992417054190206" lon="116.48488436015029">
        <ele>36.522184173576534</ele>
        <time>2026-08-24T22:34:57.700000Z</time>
        <extensions>
          <gpxtpx:TrackPointExtension>
            <gpxtpx:hr>156</gpxtpx:hr>
          </gpxtpx:TrackPointExtension>
        </extensions>
      </trkpt>
      <trkpt lat="39.99242607924209" lon="116.48488213959551">
        <ele>36.53216954506934</ele>
        <time>2026-08-24T22:34:58.700000Z</time>
        <extensions>
          <gpxtpx:TrackPointExtension>
            <gpxtpx:hr>156</gpxtpx:hr>
          </gpxtpx:TrackPointExtension>
        </extensions>
      </trkpt>
      <trkpt lat="39.99243459219556" lon="116.48488568472744">
        <ele>36.5423401305452</ele>
        <time>2026-08-24T22:34:59.700000Z</time>
        <extensions>
          <gpxtpx:TrackPointExtension>
            <gpxtpx:hr>156</gpxtpx:hr>
          </gpxtpx:TrackPointExtension>
        </extensions>
      </trkpt>
      <trkpt lat="39.99244279767946" lon="116.4848947599757">
        <ele>36.55222162883729</ele>
        <time>2026-08-24T22:35:00.700000Z</time>
        <extensions>
          <gpxtpx:TrackPointExtension>
            <gpxtpx:hr>157</gpxtpx:hr>
          </gpxtpx:TrackPointExtension>
        </extensions>
      </trkpt>
      <trkpt lat="39.99245195917992" lon="116.48490561983691">
        <ele>36.561040084809065</ele>
        <time>2026-08-24T22:35:01.600000Z</time>
        <extensions>
          <gpxtpx:TrackPointExtension>
            <gpxtpx:hr>157</gpxtpx:hr>
          </gpxtpx:TrackPointExtension>
        </extensions>
      </trkpt>
      <trkpt lat="39.992462146666846" lon="116.48491682179522">
        <ele>36.56789562199265</ele>
        <time>2026-08-24T22:35:02.600000Z</time>
        <extensions>
          <gpxtpx:TrackPointExtension>
            <gpxtpx:hr>157</gpxtpx:hr>
          </gpxtpx:TrackPointExtension>
        </extensions>
      </trkpt>
      <trkpt lat="39.99247252559837" lon="116.48492854283853">
        <ele>36.57198718748987</ele>
        <time>2026-08-24T22:35:03.600000Z</time>
        <extensions>
          <gpxtpx:TrackPointExtension>
            <gpxtpx:hr>156</gpxtpx:hr>
          </gpxtpx:TrackPointExtension>
        </extensions>
      </trkpt>
      <trkpt lat="39.992482794625076" lon="116.48494079633171">
        <ele>36.57268222048879</ele>
        <time>2026-08-24T22:35:04.600000Z</time>
        <extensions>
          <gpxtpx:TrackPointExtension>
            <gpxtpx:hr>156</gpxtpx:hr>
          </gpxtpx:TrackPointExtension>
        </extensions>
      </trkpt>
      <trkpt lat="39.9924928964685" lon="116.48495342416666">
        <ele>36.569596599787474</ele>
        <time>2026-08-24T22:35:05.600000Z</time>
        <extensions>
          <gpxtpx:TrackPointExtension>
            <gpxtpx:hr>156</gpxtpx:hr>
          </gpxtpx:TrackPointExtension>
        </extensions>
      </trkpt>
      <trkpt lat="39.99250260899727" lon="116.48496631853689">
        <ele>36.56276172492653</ele>
        <time>2026-08-24T22:35:06.600000Z</time>
        <extensions>
          <gpxtpx:TrackPointExtension>
            <gpxtpx:hr>155</gpxtpx:hr>
          </gpxtpx:TrackPointExtension>
        </extensions>
      </trkpt>
      <trkpt lat="39.992511702772525" lon="116.48497955268307">
        <ele>36.552713269367814</ele>
        <time>2026-08-24T22:35:07.600000Z</time>
        <extensions>
          <gpxtpx:TrackPointExtension>
            <gpxtpx:hr>155</gpxtpx:hr>
          </gpxtpx:TrackPointExtension>
        </extensions>
      </trkpt>
      <trkpt lat="39.99252029283982" lon="116.48499312341255">
        <ele>36.54045812506229</ele>
        <time>2026-08-24T22:35:08.600000Z</time>
        <extensions>
          <gpxtpx:TrackPointExtension>
            <gpxtpx:hr>155</gpxtpx:hr>
          </gpxtpx:TrackPointExtension>
        </extensions>
      </trkpt>
      <trkpt lat="39.99252865882635" lon="116.48500679504176">
        <ele>36.52738073468208</ele>
        <time>2026-08-24T22:35:09.600000Z</time>
        <extensions>
          <gpxtpx:TrackPointExtension>
            <gpxtpx:hr>155</gpxtpx:hr>
          </gpxtpx:TrackPointExtension>
        </extensions>
      </trkpt>
      <trkpt lat="39.99253693399001" lon="116.48502040804394">
        <ele>36.514945389702916</ele>
        <time>2026-08-24T22:35:10.600000Z</time>
        <extensions>
          <gpxtpx:TrackPointExtension>
            <gpxtpx:hr>155</gpxtpx:hr>
          </gpxtpx:TrackPointExtension>
        </extensions>
      </trkpt>
      <trkpt lat="39.99254515728533" lon="116.48503392646384">
        <ele>36.504414815455675</ele>
        <time>2026-08-24T22:35:11.600000Z</time>
        <extensions>
          <gpxtpx:TrackPointExtension>
            <gpxtpx:hr>155</gpxtpx:hr>
          </gpxtpx:TrackPointExtension>
        </extensions>
      </trkpt>
      <trkpt lat="39.99255317125184" lon="116.48504749980279">
        <ele>36.49672706797719</ele>
        <time>2026-08-24T22:35:12.600000Z</time>
        <extensions>
          <gpxtpx:TrackPointExtension>
            <gpxtpx:hr>155</gpxtpx:hr>
          </gpxtpx:TrackPointExtension>
        </extensions>
      </trkpt>
      <trkpt lat="39.992560870769545" lon="116.48506119499892">
        <ele>36.49246401898563</ele>
        <time>2026-08-24T22:35:13.600000Z</time>
        <extensions>
          <gpxtpx:TrackPointExtension>
            <gpxtpx:hr>153</gpxtpx:hr>
          </gpxtpx:TrackPointExtension>
        </extensions>
      </trkpt>
      <trkpt lat="39.99256843805254" lon="116.48507471099204">
        <ele>36.49194680992514</ele>
        <time>2026-08-24T22:35:14.600000Z</time>
        <extensions>
          <gpxtpx:TrackPointExtension>
            <gpxtpx:hr>153</gpxtpx:hr>
          </gpxtpx:TrackPointExtension>
        </extensions>
      </trkpt>
      <trkpt lat="39.9925760487895" lon="116.48508776294837">
        <ele>36.4953798558563</ele>
        <time>2026-08-24T22:35:15.600000Z</time>
        <extensions>
          <gpxtpx:TrackPointExtension>
            <gpxtpx:hr>153</gpxtpx:hr>
          </gpxtpx:TrackPointExtension>
        </extensions>
      </trkpt>
      <trkpt lat="39.992583673623535" lon="116.4851004221649">
        <ele>36.50292513240129</ele>
        <time>2026-08-24T22:35:16.600000Z</time>
        <extensions>
          <gpxtpx:TrackPointExtension>
            <gpxtpx:hr>153</gpxtpx:hr>
          </gpxtpx:TrackPointExtension>
        </extensions>
      </trkpt>
      <trkpt lat="39.99259120633243" lon="116.4851126236957">
        <ele>36.514714704826474</ele>
        <time>2026-08-24T22:35:17.600000Z</time>
        <extensions>
          <gpxtpx:TrackPointExtension>
            <gpxtpx:hr>153</gpxtpx:hr>
          </gpxtpx:TrackPointExtension>
        </extensions>
      </trkpt>
      <trkpt lat="39.99259862347112" lon="116.48512371961965">
        <ele>36.53078489843756</ele>
        <time>2026-08-24T22:35:18.600000Z</time>
        <extensions>
          <gpxtpx:TrackPointExtension>
            <gpxtpx:hr>152</gpxtpx:hr>
          </gpxtpx:TrackPointExtension>
        </extensions>
      </trkpt>
      <trkpt lat="39.99260594502811" lon="116.48513235176374">
        <ele>36.550975823774934</ele>
        <time>2026-08-24T22:35:19.600000Z</time>
        <extensions>
          <gpxtpx:TrackPointExtension>
            <gpxtpx:hr>152</gpxtpx:hr>
          </gpxtpx:TrackPointExtension>
        </extensions>
      </trkpt>
      <trkpt lat="39.99261305359495" lon="116.48513611814973">
        <ele>36.574993228539824</ele>
        <time>2026-08-24T22:35:20.600000Z</time>
        <extensions>
          <gpxtpx:TrackPointExtension>
            <gpxtpx:hr>152</gpxtpx:hr>
          </gpxtpx:TrackPointExtension>
        </extensions>
      </trkpt>
      <trkpt lat="39.992620465356794" lon="116.48513779793855">
        <ele>36.602424771524966</ele>
        <time>2026-08-24T22:35:21.600000Z</time>
        <extensions>
          <gpxtpx:TrackPointExtension>
            <gpxtpx:hr>152</gpxtpx:hr>
          </gpxtpx:TrackPointExtension>
        </extensions>
      </trkpt>
      <trkpt lat="39.99262776385298" lon="116.4851425306152">
        <ele>36.63265765924007</ele>
        <time>2026-08-24T22:35:22.600000Z</time>
        <extensions>
          <gpxtpx:TrackPointExtension>
            <gpxtpx:hr>150</gpxtpx:hr>
          </gpxtpx:TrackPointExtension>
        </extensions>
      </trkpt>
      <trkpt lat="39.99263416269543" lon="116.48515027465069">
        <ele>36.66497825551778</ele>
        <time>2026-08-24T22:35:23.600000Z</time>
        <extensions>
          <gpxtpx:TrackPointExtension>
            <gpxtpx:hr>150</gpxtpx:hr>
          </gpxtpx:TrackPointExtension>
        </extensions>
      </trkpt>
      <trkpt lat="39.992640136041295" lon="116.48516019219757">
        <ele>36.69866549316794</ele>
        <time>2026-08-24T22:35:24.600000Z</time>
        <extensions>
          <gpxtpx:TrackPointExtension>
            <gpxtpx:hr>150</gpxtpx:hr>
          </gpxtpx:TrackPointExtension>
        </extensions>
      </trkpt>
      <trkpt lat="39.99264589228003" lon="116.4851720571152">
        <ele>36.733028154820204</ele>
        <time>2026-08-24T22:35:25.600000Z</time>
        <extensions>
          <gpxtpx:TrackPointExtension>
            <gpxtpx:hr>150</gpxtpx:hr>
          </gpxtpx:TrackPointExtension>
        </extensions>
      </trkpt>
      <trkpt lat="39.99265138724831" lon="116.48518536033193">
        <ele>36.76747927162796</ele>
        <time>2026-08-24T22:35:26.600000Z</time>
        <extensions>
          <gpxtpx:TrackPointExtension>
            <gpxtpx:hr>150</gpxtpx:hr>
          </gpxtpx:TrackPointExtension>
        </extensions>
      </trkpt>
      <trkpt lat="39.99265658666143" lon="116.48519936940612">
        <ele>36.80158825777471</ele>
        <time>2026-08-24T22:35:27.600000Z</time>
        <extensions>
          <gpxtpx:TrackPointExtension>
            <gpxtpx:hr>150</gpxtpx:hr>
          </gpxtpx:TrackPointExtension>
        </extensions>
      </trkpt>
      <trkpt lat="39.992661788674745" lon="116.48521357549689">
        <ele>36.8351081116125</ele>
        <time>2026-08-24T22:35:28.600000Z</time>
        <extensions>
          <gpxtpx:TrackPointExtension>
            <gpxtpx:hr>150</gpxtpx:hr>
          </gpxtpx:TrackPointExtension>
        </extensions>
      </trkpt>
      <trkpt lat="39.99266719175858" lon="116.48522766361026">
        <ele>36.867994187399745</ele>
        <time>2026-08-24T22:35:29.600000Z</time>
        <extensions>
          <gpxtpx:TrackPointExtension>
            <gpxtpx:hr>150</gpxtpx:hr>
          </gpxtpx:TrackPointExtension>
        </extensions>
      </trkpt>
      <trkpt lat="39.9926728548695" lon="116.48524139255869">
        <ele>36.90047967620194</ele>
        <time>2026-08-24T22:35:30.600000Z</time>
        <extensions>
          <gpxtpx:TrackPointExtension>
            <gpxtpx:hr>150</gpxtpx:hr>
          </gpxtpx:TrackPointExtension>
        </extensions>
      </trkpt>
      <trkpt lat="39.99267873280247" lon="116.4852545561757">
        <ele>36.93309509381652</ele>
        <time>2026-08-24T22:35:31.600000Z</time>
        <extensions>
          <gpxtpx:TrackPointExtension>
            <gpxtpx:hr>150</gpxtpx:hr>
          </gpxtpx:TrackPointExtension>
        </extensions>
      </trkpt>
      <trkpt lat="39.992684760590016" lon="116.485267443718">
        <ele>36.966365908272564</ele>
        <time>2026-08-24T22:35:32.600000Z</time>
        <extensions>
          <gpxtpx:TrackPointExtension>
            <gpxtpx:hr>146</gpxtpx:hr>
          </gpxtpx:TrackPointExtension>
        </extensions>
      </trkpt>
      <trkpt lat="39.992690796928876" lon="116.48528071930045">
        <ele>37.00058212317526</ele>
        <time>2026-08-24T22:35:33.600000Z</time>
        <extensions>
          <gpxtpx:TrackPointExtension>
            <gpxtpx:hr>146</gpxtpx:hr>
          </gpxtpx:TrackPointExtension>
        </extensions>
      </trkpt>
      <trkpt lat="39.99269654106602" lon="116.48529476360218">
        <ele>37.035776727832854</ele>
        <time>2026-08-24T22:35:34.600000Z</time>
        <extensions>
          <gpxtpx:TrackPointExtension>
            <gpxtpx:hr>146</gpxtpx:hr>
          </gpxtpx:TrackPointExtension>
        </extensions>
      </trkpt>
      <trkpt lat="39.9927018205026" lon="116.48530951432923">
        <ele>37.07196153420955</ele>
        <time>2026-08-24T22:35:35.600000Z</time>
        <extensions>
          <gpxtpx:TrackPointExtension>
            <gpxtpx:hr>146</gpxtpx:hr>
          </gpxtpx:TrackPointExtension>
        </extensions>
      </trkpt>
      <trkpt lat="39.99270678322532" lon="116.4853246573876">
        <ele>37.10916878003627</ele>
        <time>2026-08-24T22:35:36.600000Z</time>
        <extensions>
          <gpxtpx:TrackPointExtension>
            <gpxtpx:hr>146</gpxtpx:hr>
          </gpxtpx:TrackPointExtension>
        </extensions>
      </trkpt>
      <trkpt lat="39.992711821783615" lon="116.48533977353011">
        <ele>37.14734298642725</ele>
        <time>2026-08-24T22:35:37.600000Z</time>
        <extensions>
          <gpxtpx:TrackPointExtension>
            <gpxtpx:hr>146</gpxtpx:hr>
          </gpxtpx:TrackPointExtension>
        </extensions>
      </trkpt>
      <trkpt lat="39.99271715555028" lon="116.485354614215">
        <ele>37.185994466766715</ele>
        <time>2026-08-24T22:35:38.600000Z</time>
        <extensions>
          <gpxtpx:TrackPointExtension>
            <gpxtpx:hr>144</gpxtpx:hr>
          </gpxtpx:TrackPointExtension>
        </extensions>
      </trkpt>
      <trkpt lat="39.99272275464162" lon="116.48536915510701">
        <ele>37.22406935412437</ele>
        <time>2026-08-24T22:35:39.600000Z</time>
        <extensions>
          <gpxtpx:TrackPointExtension>
            <gpxtpx:hr>144</gpxtpx:hr>
          </gpxtpx:TrackPointExtension>
        </extensions>
      </trkpt>
      <trkpt lat="39.99272858739194" lon="116.48538348990566">
        <ele>37.26019572466612</ele>
        <time>2026-08-24T22:35:40.600000Z</time>
        <extensions>
          <gpxtpx:TrackPointExtension>
            <gpxtpx:hr>144</gpxtpx:hr>
          </gpxtpx:TrackPointExtension>
        </extensions>
      </trkpt>
      <trkpt lat="39.992734534187036" lon="116.48539780374588">
        <ele>37.293082827702165</ele>
        <time>2026-08-24T22:35:41.600000Z</time>
        <extensions>
          <gpxtpx:TrackPointExtension>
            <gpxtpx:hr>144</gpxtpx:hr>
          </gpxtpx:TrackPointExtension>
        </extensions>
      </trkpt>
      <trkpt lat="39.992740703938146" lon="116.48541183449598">
        <ele>37.32169675640762</ele>
        <time>2026-08-24T22:35:42.600000Z</time>
        <extensions>
          <gpxtpx:TrackPointExtension>
            <gpxtpx:hr>144</gpxtpx:hr>
          </gpxtpx:TrackPointExtension>
        </extensions>
      </trkpt>
      <trkpt lat="39.99274701578558" lon="116.48542574567759">
        <ele>37.34532108344138</ele>
        <time>2026-08-24T22:35:43.600000Z</time>
        <extensions>
          <gpxtpx:TrackPointExtension>
            <gpxtpx:hr>144</gpxtpx:hr>
          </gpxtpx:TrackPointExtension>
        </extensions>
      </trkpt>
      <trkpt lat="39.99275340442559" lon="116.4854396488614">
        <ele>37.36366521753371</ele>
        <time>2026-08-24T22:35:44.600000Z</time>
        <extensions>
          <gpxtpx:TrackPointExtension>
            <gpxtpx:hr>143</gpxtpx:hr>
          </gpxtpx:TrackPointExtension>
        </extensions>
      </trkpt>
      <trkpt lat="39.992759818900225" lon="116.48545351172457">
        <ele>37.3767454251647</ele>
        <time>2026-08-24T22:35:45.600000Z</time>
        <extensions>
          <gpxtpx:TrackPointExtension>
            <gpxtpx:hr>143</gpxtpx:hr>
          </gpxtpx:TrackPointExtension>
        </extensions>
      </trkpt>
      <trkpt lat="39.99276617406185" lon="116.48546722979383">
        <ele>37.38461156561971</ele>
        <time>2026-08-24T22:35:46.600000Z</time>
        <extensions>
          <gpxtpx:TrackPointExtension>
            <gpxtpx:hr>143</gpxtpx:hr>
          </gpxtpx:TrackPointExtension>
        </extensions>
      </trkpt>
      <trkpt lat="39.99277236992072" lon="116.48548059259977">
        <ele>37.387242237105966</ele>
        <time>2026-08-24T22:35:47.600000Z</time>
        <extensions>
          <gpxtpx:TrackPointExtension>
            <gpxtpx:hr>143</gpxtpx:hr>
          </gpxtpx:TrackPointExtension>
        </extensions>
      </trkpt>
      <trkpt lat="39.99277841422658" lon="116.48549305560847">
        <ele>37.38487761840224</ele>
        <time>2026-08-24T22:35:48.600000Z</time>
        <extensions>
          <gpxtpx:TrackPointExtension>
            <gpxtpx:hr>142</gpxtpx:hr>
          </gpxtpx:TrackPointExtension>
        </extensions>
      </trkpt>
      <trkpt lat="39.99278450931731" lon="116.48550353729448">
        <ele>37.37818292155862</ele>
        <time>2026-08-24T22:35:49.600000Z</time>
        <extensions>
          <gpxtpx:TrackPointExtension>
            <gpxtpx:hr>142</gpxtpx:hr>
          </gpxtpx:TrackPointExtension>
        </extensions>
      </trkpt>
      <trkpt lat="39.992790893815084" lon="116.48550991166826">
        <ele>37.368248008191586</ele>
        <time>2026-08-24T22:35:50.600000Z</time>
        <extensions>
          <gpxtpx:TrackPointExtension>
            <gpxtpx:hr>142</gpxtpx:hr>
          </gpxtpx:TrackPointExtension>
        </extensions>
      </trkpt>
      <trkpt lat="39.992798113298825" lon="116.48551418457336">
        <ele>37.35636645369232</ele>
        <time>2026-08-24T22:35:51.600000Z</time>
        <extensions>
          <gpxtpx:TrackPointExtension>
            <gpxtpx:hr>142</gpxtpx:hr>
          </gpxtpx:TrackPointExtension>
        </extensions>
      </trkpt>
      <trkpt lat="39.992805150063056" lon="116.4855207259374">
        <ele>37.34363490063697</ele>
        <time>2026-08-24T22:35:52.600000Z</time>
        <extensions>
          <gpxtpx:TrackPointExtension>
            <gpxtpx:hr>140</gpxtpx:hr>
          </gpxtpx:TrackPointExtension>
        </extensions>
      </trkpt>
      <trkpt lat="39.9928118669957" lon="116.48552878880041">
        <ele>37.33042864128947</ele>
        <time>2026-08-24T22:35:53.600000Z</time>
        <extensions>
          <gpxtpx:TrackPointExtension>
            <gpxtpx:hr>140</gpxtpx:hr>
          </gpxtpx:TrackPointExtension>
        </extensions>
      </trkpt>
      <trkpt lat="39.99282002168498" lon="116.48553555735664">
        <ele>37.316351619549096</ele>
        <time>2026-08-24T22:35:54.500000Z</time>
        <extensions>
          <gpxtpx:TrackPointExtension>
            <gpxtpx:hr>140</gpxtpx:hr>
          </gpxtpx:TrackPointExtension>
        </extensions>
      </trkpt>
      <trkpt lat="39.992829585674336" lon="116.4855395273425">
        <ele>37.3008882580325</ele>
        <time>2026-08-24T22:35:55.500000Z</time>
        <extensions>
          <gpxtpx:TrackPointExtension>
            <gpxtpx:hr>140</gpxtpx:hr>
          </gpxtpx:TrackPointExtension>
        </extensions>
      </trkpt>
      <trkpt lat="39.99283913226297" lon="116.48554242536395">
        <ele>37.283745653927326</ele>
        <time>2026-08-24T22:35:56.500000Z</time>
        <extensions>
          <gpxtpx:TrackPointExtension>
            <gpxtpx:hr>140</gpxtpx:hr>
          </gpxtpx:TrackPointExtension>
        </extensions>
      </trkpt>
      <trkpt lat="39.9928476522356" lon="116.4855474692533">
        <ele>37.264787109568715</ele>
        <time>2026-08-24T22:35:57.500000Z</time>
        <extensions>
          <gpxtpx:TrackPointExtension>
            <gpxtpx:hr>140</gpxtpx:hr>
          </gpxtpx:TrackPointExtension>
        </extensions>
      </trkpt>
      <trkpt lat="39.99285521067265" lon="116.48555537425712">
        <ele>37.243967964313924</ele>
        <time>2026-08-24T22:35:58.500000Z</time>
        <extensions>
          <gpxtpx:TrackPointExtension>
            <gpxtpx:hr>140</gpxtpx:hr>
          </gpxtpx:TrackPointExtension>
        </extensions>
      </trkpt>
      <trkpt lat="39.992862317773714" lon="116.48556570909162">
        <ele>37.22143619507551</ele>
        <time>2026-08-24T22:35:59.500000Z</time>
        <extensions>
          <gpxtpx:TrackPointExtension>
            <gpxtpx:hr>139</gpxtpx:hr>
          </gpxtpx:TrackPointExtension>
        </extensions>
      </trkpt>
      <trkpt lat="39.99286952801763" lon="116.48557776632353">
        <ele>37.197361576370895</ele>
        <time>2026-08-24T22:36:00.500000Z</time>
        <extensions>
          <gpxtpx:TrackPointExtension>
            <gpxtpx:hr>139</gpxtpx:hr>
          </gpxtpx:TrackPointExtension>
        </extensions>
      </trkpt>
      <trkpt lat="39.992877245003676" lon="116.4855904097103">
        <ele>37.17200055811554</ele>
        <time>2026-08-24T22:36:01.500000Z</time>
        <extensions>
          <gpxtpx:TrackPointExtension>
            <gpxtpx:hr>139</gpxtpx:hr>
          </gpxtpx:TrackPointExtension>
        </extensions>
      </trkpt>
      <trkpt lat="39.99288557196035" lon="116.48560253945682">
        <ele>37.14580143149942</ele>
        <time>2026-08-24T22:36:02.500000Z</time>
        <extensions>
          <gpxtpx:TrackPointExtension>
            <gpxtpx:hr>139</gpxtpx:hr>
          </gpxtpx:TrackPointExtension>
        </extensions>
      </trkpt>
      <trkpt lat="39.992894331650355" lon="116.48561334371011">
        <ele>37.11909639555961</ele>
        <time>2026-08-24T22:36:03.500000Z</time>
        <extensions>
          <gpxtpx:TrackPointExtension>
            <gpxtpx:hr>139</gpxtpx:hr>
          </gpxtpx:TrackPointExtension>
        </extensions>
      </trkpt>
      <trkpt lat="39.99290321764308" lon="116.4856229341077">
        <ele>37.09199142642319</ele>
        <time>2026-08-24T22:36:04.500000Z</time>
        <extensions>
          <gpxtpx:TrackPointExtension>
            <gpxtpx:hr>139</gpxtpx:hr>
          </gpxtpx:TrackPointExtension>
        </extensions>
      </trkpt>
      <trkpt lat="39.99291206644531" lon="116.48563209689954">
        <ele>37.06432765442878</ele>
        <time>2026-08-24T22:36:05.500000Z</time>
        <extensions>
          <gpxtpx:TrackPointExtension>
            <gpxtpx:hr>139</gpxtpx:hr>
          </gpxtpx:TrackPointExtension>
        </extensions>
      </trkpt>
      <trkpt lat="39.992920708745736" lon="116.48564147261077">
        <ele>37.035532522946596</ele>
        <time>2026-08-24T22:36:06.500000Z</time>
        <extensions>
          <gpxtpx:TrackPointExtension>
            <gpxtpx:hr>139</gpxtpx:hr>
          </gpxtpx:TrackPointExtension>
        </extensions>
      </trkpt>
      <trkpt lat="39.99292949243135" lon="116.4856511300714">
        <ele>37.00470257457346</ele>
        <time>2026-08-24T22:36:07.500000Z</time>
        <extensions>
          <gpxtpx:TrackPointExtension>
            <gpxtpx:hr>139</gpxtpx:hr>
          </gpxtpx:TrackPointExtension>
        </extensions>
      </trkpt>
      <trkpt lat="39.99293913371798" lon="116.48565972989451">
        <ele>36.971038048155606</ele>
        <time>2026-08-24T22:36:08.500000Z</time>
        <extensions>
          <gpxtpx:TrackPointExtension>
            <gpxtpx:hr>139</gpxtpx:hr>
          </gpxtpx:TrackPointExtension>
        </extensions>
      </trkpt>
      <trkpt lat="39.9929499764781" lon="116.48566531229912">
        <ele>36.934302331879735</ele>
        <time>2026-08-24T22:36:09.500000Z</time>
        <extensions>
          <gpxtpx:TrackPointExtension>
            <gpxtpx:hr>139</gpxtpx:hr>
          </gpxtpx:TrackPointExtension>
        </extensions>
      </trkpt>
      <trkpt lat="39.99296048926417" lon="116.48566653630493">
        <ele>36.895028409548104</ele>
        <time>2026-08-24T22:36:10.500000Z</time>
        <extensions>
          <gpxtpx:TrackPointExtension>
            <gpxtpx:hr>138</gpxtpx:hr>
          </gpxtpx:TrackPointExtension>
        </extensions>
      </trkpt>
      <trkpt lat="39.992970981416136" lon="116.48566503660308">
        <ele>36.85434553120285</ele>
        <time>2026-08-24T22:36:11.500000Z</time>
        <extensions>
          <gpxtpx:TrackPointExtension>
            <gpxtpx:hr>138</gpxtpx:hr>
          </gpxtpx:TrackPointExtension>
        </extensions>
      </trkpt>
      <trkpt lat="39.9929824981003" lon="116.4856632764034">
        <ele>36.81354783475399</ele>
        <time>2026-08-24T22:36:12.500000Z</time>
        <extensions>
          <gpxtpx:TrackPointExtension>
            <gpxtpx:hr>138</gpxtpx:hr>
          </gpxtpx:TrackPointExtension>
        </extensions>
      </trkpt>
      <trkpt lat="39.99299489454121" lon="116.48566142252106">
        <ele>36.77361397445202</ele>
        <time>2026-08-24T22:36:13.500000Z</time>
        <extensions>
          <gpxtpx:TrackPointExtension>
            <gpxtpx:hr>138</gpxtpx:hr>
          </gpxtpx:TrackPointExtension>
        </extensions>
      </trkpt>
      <trkpt lat="39.99300821007678" lon="116.4856596071615">
        <ele>36.73493459727615</ele>
        <time>2026-08-24T22:36:14.500000Z</time>
        <extensions>
          <gpxtpx:TrackPointExtension>
            <gpxtpx:hr>138</gpxtpx:hr>
          </gpxtpx:TrackPointExtension>
        </extensions>
      </trkpt>
      <trkpt lat="39.99302215194849" lon="116.48565807588298">
        <ele>36.697280848398805</ele>
        <time>2026-08-24T22:36:15.500000Z</time>
        <extensions>
          <gpxtpx:TrackPointExtension>
            <gpxtpx:hr>138</gpxtpx:hr>
          </gpxtpx:TrackPointExtension>
        </extensions>
      </trkpt>
      <trkpt lat="39.993036475350074" lon="116.48565709348983">
        <ele>36.65987593587488</ele>
        <time>2026-08-24T22:36:16.500000Z</time>
        <extensions>
          <gpxtpx:TrackPointExtension>
            <gpxtpx:hr>138</gpxtpx:hr>
          </gpxtpx:TrackPointExtension>
        </extensions>
      </trkpt>
      <trkpt lat="39.993051030712195" lon="116.48565712488438">
        <ele>36.62130527384579</ele>
        <time>2026-08-24T22:36:17.500000Z</time>
        <extensions>
          <gpxtpx:TrackPointExtension>
            <gpxtpx:hr>138</gpxtpx:hr>
          </gpxtpx:TrackPointExtension>
        </extensions>
      </trkpt>
      <trkpt lat="39.99306565001034" lon="116.48565895917277">
        <ele>36.57990384940058</ele>
        <time>2026-08-24T22:36:18.500000Z</time>
        <extensions>
          <gpxtpx:TrackPointExtension>
            <gpxtpx:hr>138</gpxtpx:hr>
          </gpxtpx:TrackPointExtension>
        </extensions>
      </trkpt>
      <trkpt lat="39.99308066915536" lon="116.48566263625766">
        <ele>36.534905017353594</ele>
        <time>2026-08-24T22:36:19.500000Z</time>
        <extensions>
          <gpxtpx:TrackPointExtension>
            <gpxtpx:hr>138</gpxtpx:hr>
          </gpxtpx:TrackPointExtension>
        </extensions>
      </trkpt>
      <trkpt lat="39.99309628794819" lon="116.48566728450741">
        <ele>36.486998833715916</ele>
        <time>2026-08-24T22:36:20.500000Z</time>
        <extensions>
          <gpxtpx:TrackPointExtension>
            <gpxtpx:hr>138</gpxtpx:hr>
          </gpxtpx:TrackPointExtension>
        </extensions>
      </trkpt>
      <trkpt lat="39.99311223379033" lon="116.48567207945909">
        <ele>36.43786906078458</ele>
        <time>2026-08-24T22:36:21.500000Z</time>
        <extensions>
          <gpxtpx:TrackPointExtension>
            <gpxtpx:hr>138</gpxtpx:hr>
          </gpxtpx:TrackPointExtension>
        </extensions>
      </trkpt>
      <trkpt lat="39.99312802468636" lon="116.48567644283602">
        <ele>36.38947492931038</ele>
        <time>2026-08-24T22:36:22.500000Z</time>
        <extensions>
          <gpxtpx:TrackPointExtension>
            <gpxtpx:hr>138</gpxtpx:hr>
          </gpxtpx:TrackPointExtension>
        </extensions>
      </trkpt>
      <trkpt lat="39.99314401981958" lon="116.48567923050592">
        <ele>36.34425830189139</ele>
        <time>2026-08-24T22:36:23.500000Z</time>
        <extensions>
          <gpxtpx:TrackPointExtension>
            <gpxtpx:hr>138</gpxtpx:hr>
          </gpxtpx:TrackPointExtension>
        </extensions>
      </trkpt>
      <trkpt lat="39.993160287169175" lon="116.48567900333511">
        <ele>36.304992702789605</ele>
        <time>2026-08-24T22:36:24.500000Z</time>
        <extensions>
          <gpxtpx:TrackPointExtension>
            <gpxtpx:hr>138</gpxtpx:hr>
          </gpxtpx:TrackPointExtension>
        </extensions>
      </trkpt>
      <trkpt lat="39.99317622272518" lon="116.48567480304065">
        <ele>36.27384122554213</ele>
        <time>2026-08-24T22:36:25.500000Z</time>
        <extensions>
          <gpxtpx:TrackPointExtension>
            <gpxtpx:hr>139</gpxtpx:hr>
          </gpxtpx:TrackPointExtension>
        </extensions>
      </trkpt>
      <trkpt lat="39.99319164724262" lon="116.4856668844951">
        <ele>36.25225514359772</ele>
        <time>2026-08-24T22:36:26.500000Z</time>
        <extensions>
          <gpxtpx:TrackPointExtension>
            <gpxtpx:hr>139</gpxtpx:hr>
          </gpxtpx:TrackPointExtension>
        </extensions>
      </trkpt>
      <trkpt lat="39.993207002177925" lon="116.48565686739117">
        <ele>36.241138603538275</ele>
        <time>2026-08-24T22:36:27.500000Z</time>
        <extensions>
          <gpxtpx:TrackPointExtension>
            <gpxtpx:hr>139</gpxtpx:hr>
          </gpxtpx:TrackPointExtension>
        </extensions>
      </trkpt>
      <trkpt lat="39.99322291612913" lon="116.48564555636636">
        <ele>36.24086859822273</ele>
        <time>2026-08-24T22:36:28.500000Z</time>
        <extensions>
          <gpxtpx:TrackPointExtension>
            <gpxtpx:hr>139</gpxtpx:hr>
          </gpxtpx:TrackPointExtension>
        </extensions>
      </trkpt>
      <trkpt lat="39.993239552839555" lon="116.48563280105341">
        <ele>36.251537824980915</ele>
        <time>2026-08-24T22:36:29.500000Z</time>
        <extensions>
          <gpxtpx:TrackPointExtension>
            <gpxtpx:hr>140</gpxtpx:hr>
          </gpxtpx:TrackPointExtension>
        </extensions>
      </trkpt>
      <trkpt lat="39.993256678700185" lon="116.48561867015465">
        <ele>36.27305572852492</ele>
        <time>2026-08-24T22:36:30.500000Z</time>
        <extensions>
          <gpxtpx:TrackPointExtension>
            <gpxtpx:hr>140</gpxtpx:hr>
          </gpxtpx:TrackPointExtension>
        </extensions>
      </trkpt>
      <trkpt lat="39.99327451613166" lon="116.485602796529">
        <ele>36.30483898241073</ele>
        <time>2026-08-24T22:36:31.500000Z</time>
        <extensions>
          <gpxtpx:TrackPointExtension>
            <gpxtpx:hr>140</gpxtpx:hr>
          </gpxtpx:TrackPointExtension>
        </extensions>
      </trkpt>
      <trkpt lat="39.993292140838115" lon="116.48558651584884">
        <ele>36.34595722518861</ele>
        <time>2026-08-24T22:36:32.500000Z</time>
        <extensions>
          <gpxtpx:TrackPointExtension>
            <gpxtpx:hr>140</gpxtpx:hr>
          </gpxtpx:TrackPointExtension>
        </extensions>
      </trkpt>
      <trkpt lat="39.993308827695714" lon="116.48557093629202">
        <ele>36.395499899983406</ele>
        <time>2026-08-24T22:36:33.500000Z</time>
        <extensions>
          <gpxtpx:TrackPointExtension>
            <gpxtpx:hr>143</gpxtpx:hr>
          </gpxtpx:TrackPointExtension>
        </extensions>
      </trkpt>
      <trkpt lat="39.99332555724508" lon="116.48555500523018">
        <ele>36.45231833215803</ele>
        <time>2026-08-24T22:36:34.500000Z</time>
        <extensions>
          <gpxtpx:TrackPointExtension>
            <gpxtpx:hr>143</gpxtpx:hr>
          </gpxtpx:TrackPointExtension>
        </extensions>
      </trkpt>
      <trkpt lat="39.993343081684685" lon="116.4855379468518">
        <ele>36.5149940084666</ele>
        <time>2026-08-24T22:36:35.500000Z</time>
        <extensions>
          <gpxtpx:TrackPointExtension>
            <gpxtpx:hr>143</gpxtpx:hr>
          </gpxtpx:TrackPointExtension>
        </extensions>
      </trkpt>
      <trkpt lat="39.99336293922032" lon="116.48551860059241">
        <ele>36.58193409256637</ele>
        <time>2026-08-24T22:36:36.500000Z</time>
        <extensions>
          <gpxtpx:TrackPointExtension>
            <gpxtpx:hr>143</gpxtpx:hr>
          </gpxtpx:TrackPointExtension>
        </extensions>
      </trkpt>
      <trkpt lat="39.993386303571825" lon="116.48549591200768">
        <ele>36.651411943137646</ele>
        <time>2026-08-24T22:36:37.500000Z</time>
        <extensions>
          <gpxtpx:TrackPointExtension>
            <gpxtpx:hr>143</gpxtpx:hr>
          </gpxtpx:TrackPointExtension>
        </extensions>
      </trkpt>
      <trkpt lat="39.99341244132625" lon="116.48547080057577">
        <ele>36.72230473719537</ele>
        <time>2026-08-24T22:36:38.500000Z</time>
        <extensions>
          <gpxtpx:TrackPointExtension>
            <gpxtpx:hr>150</gpxtpx:hr>
          </gpxtpx:TrackPointExtension>
        </extensions>
      </trkpt>
      <trkpt lat="39.993439929044115" lon="116.48544505055176">
        <ele>36.79427699558437</ele>
        <time>2026-08-24T22:36:39.500000Z</time>
        <extensions>
          <gpxtpx:TrackPointExtension>
            <gpxtpx:hr>150</gpxtpx:hr>
          </gpxtpx:TrackPointExtension>
        </extensions>
      </trkpt>
      <trkpt lat="39.99346774049184" lon="116.48541990096274">
        <ele>36.86733967065811</ele>
        <time>2026-08-24T22:36:40.500000Z</time>
        <extensions>
          <gpxtpx:TrackPointExtension>
            <gpxtpx:hr>150</gpxtpx:hr>
          </gpxtpx:TrackPointExtension>
        </extensions>
      </trkpt>
      <trkpt lat="39.99349538007829" lon="116.48539574615556">
        <ele>36.94196348078549</ele>
        <time>2026-08-24T22:36:41.500000Z</time>
        <extensions>
          <gpxtpx:TrackPointExtension>
            <gpxtpx:hr>150</gpxtpx:hr>
          </gpxtpx:TrackPointExtension>
        </extensions>
      </trkpt>
      <trkpt lat="39.993522755385456" lon="116.48537229019298">
        <ele>37.018657587468624</ele>
        <time>2026-08-24T22:36:42.500000Z</time>
        <extensions>
          <gpxtpx:TrackPointExtension>
            <gpxtpx:hr>150</gpxtpx:hr>
          </gpxtpx:TrackPointExtension>
        </extensions>
      </trkpt>
      <trkpt lat="39.993549874722895" lon="116.48534913008949">
        <ele>37.09753840044141</ele>
        <time>2026-08-24T22:36:43.500000Z</time>
        <extensions>
          <gpxtpx:TrackPointExtension>
            <gpxtpx:hr>150</gpxtpx:hr>
          </gpxtpx:TrackPointExtension>
        </extensions>
      </trkpt>
      <trkpt lat="39.99357661102114" lon="116.48532602302566">
        <ele>37.17838156875223</ele>
        <time>2026-08-24T22:36:44.500000Z</time>
        <extensions>
          <gpxtpx:TrackPointExtension>
            <gpxtpx:hr>153</gpxtpx:hr>
          </gpxtpx:TrackPointExtension>
        </extensions>
      </trkpt>
      <trkpt lat="39.99360263376967" lon="116.4853023627436">
        <ele>37.26061944384128</ele>
        <time>2026-08-24T22:36:45.500000Z</time>
        <extensions>
          <gpxtpx:TrackPointExtension>
            <gpxtpx:hr>153</gpxtpx:hr>
          </gpxtpx:TrackPointExtension>
        </extensions>
      </trkpt>
      <trkpt lat="39.99362756405875" lon="116.48527700481532">
        <ele>37.343293346464634</ele>
        <time>2026-08-24T22:36:46.500000Z</time>
        <extensions>
          <gpxtpx:TrackPointExtension>
            <gpxtpx:hr>153</gpxtpx:hr>
          </gpxtpx:TrackPointExtension>
        </extensions>
      </trkpt>
      <trkpt lat="39.99365131571821" lon="116.4852496381378">
        <ele>37.42498696129769</ele>
        <time>2026-08-24T22:36:47.400000Z</time>
        <extensions>
          <gpxtpx:TrackPointExtension>
            <gpxtpx:hr>153</gpxtpx:hr>
          </gpxtpx:TrackPointExtension>
        </extensions>
      </trkpt>
      <trkpt lat="39.99367425573778" lon="116.48522147946386">
        <ele>37.50437143724412</ele>
        <time>2026-08-24T22:36:48.400000Z</time>
        <extensions>
          <gpxtpx:TrackPointExtension>
            <gpxtpx:hr>153</gpxtpx:hr>
          </gpxtpx:TrackPointExtension>
        </extensions>
      </trkpt>
      <trkpt lat="39.99369690912792" lon="116.485194177907">
        <ele>37.58095678500831</ele>
        <time>2026-08-24T22:36:49.400000Z</time>
        <extensions>
          <gpxtpx:TrackPointExtension>
            <gpxtpx:hr>153</gpxtpx:hr>
          </gpxtpx:TrackPointExtension>
        </extensions>
      </trkpt>
      <trkpt lat="39.993719253335776" lon="116.48516836459176">
        <ele>37.65516420919448</ele>
        <time>2026-08-24T22:36:50.400000Z</time>
        <extensions>
          <gpxtpx:TrackPointExtension>
            <gpxtpx:hr>157</gpxtpx:hr>
          </gpxtpx:TrackPointExtension>
        </extensions>
      </trkpt>
      <trkpt lat="39.99374091435347" lon="116.48514396087664">
        <ele>37.72750894352794</ele>
        <time>2026-08-24T22:36:51.400000Z</time>
        <extensions>
          <gpxtpx:TrackPointExtension>
            <gpxtpx:hr>157</gpxtpx:hr>
          </gpxtpx:TrackPointExtension>
        </extensions>
      </trkpt>
      <trkpt lat="39.99376191802876" lon="116.48512042024663">
        <ele>37.798184036277235</ele>
        <time>2026-08-24T22:36:52.400000Z</time>
        <extensions>
          <gpxtpx:TrackPointExtension>
            <gpxtpx:hr>157</gpxtpx:hr>
          </gpxtpx:TrackPointExtension>
        </extensions>
      </trkpt>
      <trkpt lat="39.993782489986124" lon="116.48509702582355">
        <ele>37.86714730318636</ele>
        <time>2026-08-24T22:36:53.400000Z</time>
        <extensions>
          <gpxtpx:TrackPointExtension>
            <gpxtpx:hr>157</gpxtpx:hr>
          </gpxtpx:TrackPointExtension>
        </extensions>
      </trkpt>
      <trkpt lat="39.99380267653985" lon="116.48507343773434">
        <ele>37.93366234190762</ele>
        <time>2026-08-24T22:36:54.400000Z</time>
        <extensions>
          <gpxtpx:TrackPointExtension>
            <gpxtpx:hr>157</gpxtpx:hr>
          </gpxtpx:TrackPointExtension>
        </extensions>
      </trkpt>
      <trkpt lat="39.993822355797185" lon="116.48504945337423">
        <ele>37.996356149204075</ele>
        <time>2026-08-24T22:36:55.400000Z</time>
        <extensions>
          <gpxtpx:TrackPointExtension>
            <gpxtpx:hr>157</gpxtpx:hr>
          </gpxtpx:TrackPointExtension>
        </extensions>
      </trkpt>
      <trkpt lat="39.99384091539167" lon="116.48502516943819">
        <ele>38.05364474374801</ele>
        <time>2026-08-24T22:36:56.400000Z</time>
        <extensions>
          <gpxtpx:TrackPointExtension>
            <gpxtpx:hr>157</gpxtpx:hr>
          </gpxtpx:TrackPointExtension>
        </extensions>
      </trkpt>
      <trkpt lat="39.99385700814487" lon="116.48500087079537">
        <ele>38.10338903963566</ele>
        <time>2026-08-24T22:36:57.400000Z</time>
        <extensions>
          <gpxtpx:TrackPointExtension>
            <gpxtpx:hr>157</gpxtpx:hr>
          </gpxtpx:TrackPointExtension>
        </extensions>
      </trkpt>
      <trkpt lat="39.9938690198704" lon="116.48497729762998">
        <ele>38.14265745785087</ele>
        <time>2026-08-24T22:36:58.400000Z</time>
        <extensions>
          <gpxtpx:TrackPointExtension>
            <gpxtpx:hr>157</gpxtpx:hr>
          </gpxtpx:TrackPointExtension>
        </extensions>
      </trkpt>
      <trkpt lat="39.993875177683755" lon="116.48495617467296">
        <ele>38.16813959553838</ele>
        <time>2026-08-24T22:36:59.400000Z</time>
        <extensions>
          <gpxtpx:TrackPointExtension>
            <gpxtpx:hr>160</gpxtpx:hr>
          </gpxtpx:TrackPointExtension>
        </extensions>
      </trkpt>
      <trkpt lat="39.993877756051404" lon="116.48493660048153">
        <ele>38.17659598402679</ele>
        <time>2026-08-24T22:37:00.400000Z</time>
        <extensions>
          <gpxtpx:TrackPointExtension>
            <gpxtpx:hr>160</gpxtpx:hr>
          </gpxtpx:TrackPointExtension>
        </extensions>
      </trkpt>
      <trkpt lat="39.99388223473399" lon="116.4849168545781">
        <ele>38.16580019239336</ele>
        <time>2026-08-24T22:37:01.400000Z</time>
        <extensions>
          <gpxtpx:TrackPointExtension>
            <gpxtpx:hr>160</gpxtpx:hr>
          </gpxtpx:TrackPointExtension>
        </extensions>
      </trkpt>
      <trkpt lat="39.99389019812413" lon="116.48489780421828">
        <ele>38.1355942459777</ele>
        <time>2026-08-24T22:37:02.400000Z</time>
        <extensions>
          <gpxtpx:TrackPointExtension>
            <gpxtpx:hr>160</gpxtpx:hr>
          </gpxtpx:TrackPointExtension>
        </extensions>
      </trkpt>
      <trkpt lat="39.99390121713949" lon="116.48488063407794">
        <ele>38.08757231850177</ele>
        <time>2026-08-24T22:37:03.400000Z</time>
        <extensions>
          <gpxtpx:TrackPointExtension>
            <gpxtpx:hr>160</gpxtpx:hr>
          </gpxtpx:TrackPointExtension>
        </extensions>
      </trkpt>
      <trkpt lat="39.99391502739464" lon="116.48486577453151">
        <ele>38.02405543252826</ele>
        <time>2026-08-24T22:37:04.400000Z</time>
        <extensions>
          <gpxtpx:TrackPointExtension>
            <gpxtpx:hr>160</gpxtpx:hr>
          </gpxtpx:TrackPointExtension>
        </extensions>
      </trkpt>
      <trkpt lat="39.99393066636787" lon="116.48485251104297">
        <ele>37.94795608241111</ele>
        <time>2026-08-24T22:37:05.400000Z</time>
        <extensions>
          <gpxtpx:TrackPointExtension>
            <gpxtpx:hr>160</gpxtpx:hr>
          </gpxtpx:TrackPointExtension>
        </extensions>
      </trkpt>
      <trkpt lat="39.99394720536191" lon="116.48484003266722">
        <ele>37.86321775987744</ele>
        <time>2026-08-24T22:37:06.400000Z</time>
        <extensions>
          <gpxtpx:TrackPointExtension>
            <gpxtpx:hr>160</gpxtpx:hr>
          </gpxtpx:TrackPointExtension>
        </extensions>
      </trkpt>
      <trkpt lat="39.99396393107633" lon="116.4848276814733">
        <ele>37.77504745963961</ele>
        <time>2026-08-24T22:37:07.400000Z</time>
        <extensions>
          <gpxtpx:TrackPointExtension>
            <gpxtpx:hr>161</gpxtpx:hr>
          </gpxtpx:TrackPointExtension>
        </extensions>
      </trkpt>
      <trkpt lat="39.99398015919874" lon="116.48481490321305">
        <ele>37.689804759807885</ele>
        <time>2026-08-24T22:37:08.400000Z</time>
        <extensions>
          <gpxtpx:TrackPointExtension>
            <gpxtpx:hr>161</gpxtpx:hr>
          </gpxtpx:TrackPointExtension>
        </extensions>
      </trkpt>
      <trkpt lat="39.99399401234276" lon="116.48480255501357">
        <ele>37.62045606505126</ele>
        <time>2026-08-24T22:37:09.300000Z</time>
        <extensions>
          <gpxtpx:TrackPointExtension>
            <gpxtpx:hr>161</gpxtpx:hr>
          </gpxtpx:TrackPointExtension>
        </extensions>
      </trkpt>
      <trkpt lat="39.99400749315643" lon="116.48478710444381">
        <ele>37.5594883216545</ele>
        <time>2026-08-24T22:37:10.300000Z</time>
        <extensions>
          <gpxtpx:TrackPointExtension>
            <gpxtpx:hr>161</gpxtpx:hr>
          </gpxtpx:TrackPointExtension>
        </extensions>
      </trkpt>
      <trkpt lat="39.99401831212341" lon="116.48476911665541">
        <ele>37.518188524991274</ele>
        <time>2026-08-24T22:37:11.300000Z</time>
        <extensions>
          <gpxtpx:TrackPointExtension>
            <gpxtpx:hr>161</gpxtpx:hr>
          </gpxtpx:TrackPointExtension>
        </extensions>
      </trkpt>
      <trkpt lat="39.99402735951889" lon="116.48474928595704">
        <ele>37.4955461807549</ele>
        <time>2026-08-24T22:37:12.300000Z</time>
        <extensions>
          <gpxtpx:TrackPointExtension>
            <gpxtpx:hr>161</gpxtpx:hr>
          </gpxtpx:TrackPointExtension>
        </extensions>
      </trkpt>
      <trkpt lat="39.99403600619092" lon="116.48472881029143">
        <ele>37.48788733780384</ele>
        <time>2026-08-24T22:37:13.300000Z</time>
        <extensions>
          <gpxtpx:TrackPointExtension>
            <gpxtpx:hr>161</gpxtpx:hr>
          </gpxtpx:TrackPointExtension>
        </extensions>
      </trkpt>
      <trkpt lat="39.99404542897652" lon="116.48470680487755">
        <ele>37.49051051773131</ele>
        <time>2026-08-24T22:37:14.400000Z</time>
        <extensions>
          <gpxtpx:TrackPointExtension>
            <gpxtpx:hr>159</gpxtpx:hr>
          </gpxtpx:TrackPointExtension>
        </extensions>
      </trkpt>
      <trkpt lat="39.99405462876238" lon="116.48468694907992">
        <ele>37.49739727191627</ele>
        <time>2026-08-24T22:37:15.400000Z</time>
        <extensions>
          <gpxtpx:TrackPointExtension>
            <gpxtpx:hr>159</gpxtpx:hr>
          </gpxtpx:TrackPointExtension>
        </extensions>
      </trkpt>
      <trkpt lat="39.99406422133972" lon="116.48466790465879">
        <ele>37.50510505121201</ele>
        <time>2026-08-24T22:37:16.400000Z</time>
        <extensions>
          <gpxtpx:TrackPointExtension>
            <gpxtpx:hr>159</gpxtpx:hr>
          </gpxtpx:TrackPointExtension>
        </extensions>
      </trkpt>
      <trkpt lat="39.9940726350203" lon="116.4846511582137">
        <ele>37.51315943244845</ele>
        <time>2026-08-24T22:37:17.300000Z</time>
        <extensions>
          <gpxtpx:TrackPointExtension>
            <gpxtpx:hr>159</gpxtpx:hr>
          </gpxtpx:TrackPointExtension>
        </extensions>
      </trkpt>
      <trkpt lat="39.99408062288572" lon="116.48463431433974">
        <ele>37.52524563577026</ele>
        <time>2026-08-24T22:37:18.300000Z</time>
        <extensions>
          <gpxtpx:TrackPointExtension>
            <gpxtpx:hr>159</gpxtpx:hr>
          </gpxtpx:TrackPointExtension>
        </extensions>
      </trkpt>
      <trkpt lat="39.994087127016826" lon="116.48461923061114">
        <ele>37.543126069009304</ele>
        <time>2026-08-24T22:37:19.300000Z</time>
        <extensions>
          <gpxtpx:TrackPointExtension>
            <gpxtpx:hr>159</gpxtpx:hr>
          </gpxtpx:TrackPointExtension>
        </extensions>
      </trkpt>
      <trkpt lat="39.99409157344492" lon="116.48460592760092">
        <ele>37.568277158774436</ele>
        <time>2026-08-24T22:37:20.300000Z</time>
        <extensions>
          <gpxtpx:TrackPointExtension>
            <gpxtpx:hr>155</gpxtpx:hr>
          </gpxtpx:TrackPointExtension>
        </extensions>
      </trkpt>
      <trkpt lat="39.99409442421017" lon="116.48459449052105">
        <ele>37.601742850616574</ele>
        <time>2026-08-24T22:37:21.300000Z</time>
        <extensions>
          <gpxtpx:TrackPointExtension>
            <gpxtpx:hr>155</gpxtpx:hr>
          </gpxtpx:TrackPointExtension>
        </extensions>
      </trkpt>
      <trkpt lat="39.99409682568083" lon="116.48458470872183">
        <ele>37.644441021606326</ele>
        <time>2026-08-24T22:37:22.300000Z</time>
        <extensions>
          <gpxtpx:TrackPointExtension>
            <gpxtpx:hr>155</gpxtpx:hr>
          </gpxtpx:TrackPointExtension>
        </extensions>
      </trkpt>
      <trkpt lat="39.99409945728471" lon="116.48457563538956">
        <ele>37.69725912157446</ele>
        <time>2026-08-24T22:37:23.300000Z</time>
        <extensions>
          <gpxtpx:TrackPointExtension>
            <gpxtpx:hr>155</gpxtpx:hr>
          </gpxtpx:TrackPointExtension>
        </extensions>
      </trkpt>
      <trkpt lat="39.994102816797145" lon="116.48456626741907">
        <ele>37.76083553675562</ele>
        <time>2026-08-24T22:37:24.300000Z</time>
        <extensions>
          <gpxtpx:TrackPointExtension>
            <gpxtpx:hr>155</gpxtpx:hr>
          </gpxtpx:TrackPointExtension>
        </extensions>
      </trkpt>
      <trkpt lat="39.99410706116862" lon="116.48455619689638">
        <ele>37.834761433303356</ele>
        <time>2026-08-24T22:37:25.300000Z</time>
        <extensions>
          <gpxtpx:TrackPointExtension>
            <gpxtpx:hr>152</gpxtpx:hr>
          </gpxtpx:TrackPointExtension>
        </extensions>
      </trkpt>
      <trkpt lat="39.9941123735409" lon="116.48454446592677">
        <ele>37.92113100737333</ele>
        <time>2026-08-24T22:37:26.400000Z</time>
        <extensions>
          <gpxtpx:TrackPointExtension>
            <gpxtpx:hr>152</gpxtpx:hr>
          </gpxtpx:TrackPointExtension>
        </extensions>
      </trkpt>
      <trkpt lat="39.99411880138981" lon="116.4845332719934">
        <ele>38.00476468913257</ele>
        <time>2026-08-24T22:37:27.400000Z</time>
        <extensions>
          <gpxtpx:TrackPointExtension>
            <gpxtpx:hr>152</gpxtpx:hr>
          </gpxtpx:TrackPointExtension>
        </extensions>
      </trkpt>
      <trkpt lat="39.99412679868112" lon="116.48452294704136">
        <ele>38.08520804345608</ele>
        <time>2026-08-24T22:37:28.400000Z</time>
        <extensions>
          <gpxtpx:TrackPointExtension>
            <gpxtpx:hr>152</gpxtpx:hr>
          </gpxtpx:TrackPointExtension>
        </extensions>
      </trkpt>
      <trkpt lat="39.9941353849697" lon="116.48451314805894">
        <ele>38.15876076091081</ele>
        <time>2026-08-24T22:37:29.400000Z</time>
        <extensions>
          <gpxtpx:TrackPointExtension>
            <gpxtpx:hr>152</gpxtpx:hr>
          </gpxtpx:TrackPointExtension>
        </extensions>
      </trkpt>
      <trkpt lat="39.99414425278755" lon="116.48450316533619">
        <ele>38.22269470244646</ele>
        <time>2026-08-24T22:37:30.400000Z</time>
        <extensions>
          <gpxtpx:TrackPointExtension>
            <gpxtpx:hr>150</gpxtpx:hr>
          </gpxtpx:TrackPointExtension>
        </extensions>
      </trkpt>
      <trkpt lat="39.994153454204636" lon="116.48449273743316">
        <ele>38.27543600741774</ele>
        <time>2026-08-24T22:37:31.400000Z</time>
        <extensions>
          <gpxtpx:TrackPointExtension>
            <gpxtpx:hr>150</gpxtpx:hr>
          </gpxtpx:TrackPointExtension>
        </extensions>
      </trkpt>
      <trkpt lat="39.9941629038708" lon="116.48448221858514">
        <ele>38.316496135666966</ele>
        <time>2026-08-24T22:37:32.400000Z</time>
        <extensions>
          <gpxtpx:TrackPointExtension>
            <gpxtpx:hr>150</gpxtpx:hr>
          </gpxtpx:TrackPointExtension>
        </extensions>
      </trkpt>
      <trkpt lat="39.994172391749416" lon="116.4844716765369">
        <ele>38.34619041066617</ele>
        <time>2026-08-24T22:37:33.400000Z</time>
        <extensions>
          <gpxtpx:TrackPointExtension>
            <gpxtpx:hr>150</gpxtpx:hr>
          </gpxtpx:TrackPointExtension>
        </extensions>
      </trkpt>
      <trkpt lat="39.994181627497234" lon="116.48446110926187">
        <ele>38.36534733697772</ele>
        <time>2026-08-24T22:37:34.400000Z</time>
        <extensions>
          <gpxtpx:TrackPointExtension>
            <gpxtpx:hr>149</gpxtpx:hr>
          </gpxtpx:TrackPointExtension>
        </extensions>
      </trkpt>
      <trkpt lat="39.99419017946477" lon="116.48445077989248">
        <ele>38.374937006272376</ele>
        <time>2026-08-24T22:37:35.400000Z</time>
        <extensions>
          <gpxtpx:TrackPointExtension>
            <gpxtpx:hr>149</gpxtpx:hr>
          </gpxtpx:TrackPointExtension>
        </extensions>
      </trkpt>
      <trkpt lat="39.99419764684058" lon="116.48444052447358">
        <ele>38.37599228043109</ele>
        <time>2026-08-24T22:37:36.400000Z</time>
        <extensions>
          <gpxtpx:TrackPointExtension>
            <gpxtpx:hr>149</gpxtpx:hr>
          </gpxtpx:TrackPointExtension>
        </extensions>
      </trkpt>
      <trkpt lat="39.99420374836676" lon="116.4844295090161">
        <ele>38.36969774682075</ele>
        <time>2026-08-24T22:37:37.400000Z</time>
        <extensions>
          <gpxtpx:TrackPointExtension>
            <gpxtpx:hr>149</gpxtpx:hr>
          </gpxtpx:TrackPointExtension>
        </extensions>
      </trkpt>
      <trkpt lat="39.9942094040999" lon="116.48441740366579">
        <ele>38.35735851153731</ele>
        <time>2026-08-24T22:37:38.400000Z</time>
        <extensions>
          <gpxtpx:TrackPointExtension>
            <gpxtpx:hr>149</gpxtpx:hr>
          </gpxtpx:TrackPointExtension>
        </extensions>
      </trkpt>
      <trkpt lat="39.99421638504314" lon="116.48440529452955">
        <ele>38.34042622242123</ele>
        <time>2026-08-24T22:37:39.400000Z</time>
        <extensions>
          <gpxtpx:TrackPointExtension>
            <gpxtpx:hr>149</gpxtpx:hr>
          </gpxtpx:TrackPointExtension>
        </extensions>
      </trkpt>
      <trkpt lat="39.99422505825542" lon="116.48439413861215">
        <ele>38.32046182453632</ele>
        <time>2026-08-24T22:37:40.400000Z</time>
        <extensions>
          <gpxtpx:TrackPointExtension>
            <gpxtpx:hr>148</gpxtpx:hr>
          </gpxtpx:TrackPointExtension>
        </extensions>
      </trkpt>
      <trkpt lat="39.99423481165837" lon="116.48438360024392">
        <ele>38.298937460407615</ele>
        <time>2026-08-24T22:37:41.300000Z</time>
        <extensions>
          <gpxtpx:TrackPointExtension>
            <gpxtpx:hr>148</gpxtpx:hr>
          </gpxtpx:TrackPointExtension>
        </extensions>
      </trkpt>
      <trkpt lat="39.9942451893355" lon="116.48437322538882">
        <ele>38.27685847505927</ele>
        <time>2026-08-24T22:37:42.300000Z</time>
        <extensions>
          <gpxtpx:TrackPointExtension>
            <gpxtpx:hr>148</gpxtpx:hr>
          </gpxtpx:TrackPointExtension>
        </extensions>
      </trkpt>
      <trkpt lat="39.99425571897672" lon="116.48436256468057">
        <ele>38.25456860754639</ele>
        <time>2026-08-24T22:37:43.300000Z</time>
        <extensions>
          <gpxtpx:TrackPointExtension>
            <gpxtpx:hr>148</gpxtpx:hr>
          </gpxtpx:TrackPointExtension>
        </extensions>
      </trkpt>
      <trkpt lat="39.994265998083364" lon="116.48435113527097">
        <ele>38.231941202655435</ele>
        <time>2026-08-24T22:37:44.300000Z</time>
        <extensions>
          <gpxtpx:TrackPointExtension>
            <gpxtpx:hr>148</gpxtpx:hr>
          </gpxtpx:TrackPointExtension>
        </extensions>
      </trkpt>
      <trkpt lat="39.994276034057805" lon="116.48433903464375">
        <ele>38.208621269091964</ele>
        <time>2026-08-24T22:37:45.300000Z</time>
        <extensions>
          <gpxtpx:TrackPointExtension>
            <gpxtpx:hr>148</gpxtpx:hr>
          </gpxtpx:TrackPointExtension>
        </extensions>
      </trkpt>
      <trkpt lat="39.99428591795991" lon="116.48432655498404">
        <ele>38.18416116386652</ele>
        <time>2026-08-24T22:37:46.300000Z</time>
        <extensions>
          <gpxtpx:TrackPointExtension>
            <gpxtpx:hr>148</gpxtpx:hr>
          </gpxtpx:TrackPointExtension>
        </extensions>
      </trkpt>
      <trkpt lat="39.99429563534101" lon="116.48431374996599">
        <ele>38.15813276544213</ele>
        <time>2026-08-24T22:37:47.300000Z</time>
        <extensions>
          <gpxtpx:TrackPointExtension>
            <gpxtpx:hr>148</gpxtpx:hr>
          </gpxtpx:TrackPointExtension>
        </extensions>
      </trkpt>
      <trkpt lat="39.99430515385393" lon="116.48430051653727">
        <ele>38.1301347296685</ele>
        <time>2026-08-24T22:37:48.300000Z</time>
        <extensions>
          <gpxtpx:TrackPointExtension>
            <gpxtpx:hr>148</gpxtpx:hr>
          </gpxtpx:TrackPointExtension>
        </extensions>
      </trkpt>
      <trkpt lat="39.99431435598507" lon="116.4842868152826">
        <ele>38.09981798008084</ele>
        <time>2026-08-24T22:37:49.300000Z</time>
        <extensions>
          <gpxtpx:TrackPointExtension>
            <gpxtpx:hr>148</gpxtpx:hr>
          </gpxtpx:TrackPointExtension>
        </extensions>
      </trkpt>
      <trkpt lat="39.994322310377555" lon="116.48427182293503">
        <ele>38.06712771207094</ele>
        <time>2026-08-24T22:37:50.300000Z</time>
        <extensions>
          <gpxtpx:TrackPointExtension>
            <gpxtpx:hr>148</gpxtpx:hr>
          </gpxtpx:TrackPointExtension>
        </extensions>
      </trkpt>
      <trkpt lat="39.99432870191741" lon="116.48425518693676">
        <ele>38.03247389290482</ele>
        <time>2026-08-24T22:37:51.300000Z</time>
        <extensions>
          <gpxtpx:TrackPointExtension>
            <gpxtpx:hr>148</gpxtpx:hr>
          </gpxtpx:TrackPointExtension>
        </extensions>
      </trkpt>
      <trkpt lat="39.994334807941435" lon="116.48423791152045">
        <ele>37.99656393285841</ele>
        <time>2026-08-24T22:37:52.300000Z</time>
        <extensions>
          <gpxtpx:TrackPointExtension>
            <gpxtpx:hr>148</gpxtpx:hr>
          </gpxtpx:TrackPointExtension>
        </extensions>
      </trkpt>
      <trkpt lat="39.994341858301745" lon="116.48422103278514">
        <ele>37.96000667568296</ele>
        <time>2026-08-24T22:37:53.300000Z</time>
        <extensions>
          <gpxtpx:TrackPointExtension>
            <gpxtpx:hr>147</gpxtpx:hr>
          </gpxtpx:TrackPointExtension>
        </extensions>
      </trkpt>
      <trkpt lat="39.99435010608796" lon="116.48420519301686">
        <ele>37.92309475224465</ele>
        <time>2026-08-24T22:37:54.300000Z</time>
        <extensions>
          <gpxtpx:TrackPointExtension>
            <gpxtpx:hr>147</gpxtpx:hr>
          </gpxtpx:TrackPointExtension>
        </extensions>
      </trkpt>
      <trkpt lat="39.99435940382959" lon="116.48419010051956">
        <ele>37.88598566688597</ele>
        <time>2026-08-24T22:37:55.300000Z</time>
        <extensions>
          <gpxtpx:TrackPointExtension>
            <gpxtpx:hr>147</gpxtpx:hr>
          </gpxtpx:TrackPointExtension>
        </extensions>
      </trkpt>
      <trkpt lat="39.99436995600099" lon="116.48417512303378">
        <ele>37.849083504639566</ele>
        <time>2026-08-24T22:37:56.300000Z</time>
        <extensions>
          <gpxtpx:TrackPointExtension>
            <gpxtpx:hr>147</gpxtpx:hr>
          </gpxtpx:TrackPointExtension>
        </extensions>
      </trkpt>
      <trkpt lat="39.994382042487885" lon="116.4841598544739">
        <ele>37.81358615588397</ele>
        <time>2026-08-24T22:37:57.300000Z</time>
        <extensions>
          <gpxtpx:TrackPointExtension>
            <gpxtpx:hr>147</gpxtpx:hr>
          </gpxtpx:TrackPointExtension>
        </extensions>
      </trkpt>
      <trkpt lat="39.99439571021716" lon="116.48414430255346">
        <ele>37.780847762711346</ele>
        <time>2026-08-24T22:37:58.300000Z</time>
        <extensions>
          <gpxtpx:TrackPointExtension>
            <gpxtpx:hr>143</gpxtpx:hr>
          </gpxtpx:TrackPointExtension>
        </extensions>
      </trkpt>
      <trkpt lat="39.99441059396299" lon="116.4841284529322">
        <ele>37.74991458840668</ele>
        <time>2026-08-24T22:37:59.300000Z</time>
        <extensions>
          <gpxtpx:TrackPointExtension>
            <gpxtpx:hr>143</gpxtpx:hr>
          </gpxtpx:TrackPointExtension>
        </extensions>
      </trkpt>
      <trkpt lat="39.99442534689561" lon="116.48411161620042">
        <ele>37.717364648357034</ele>
        <time>2026-08-24T22:38:00.300000Z</time>
        <extensions>
          <gpxtpx:TrackPointExtension>
            <gpxtpx:hr>143</gpxtpx:hr>
          </gpxtpx:TrackPointExtension>
        </extensions>
      </trkpt>
      <trkpt lat="39.99443866254824" lon="116.48409294889896">
        <ele>37.679892742075026</ele>
        <time>2026-08-24T22:38:01.300000Z</time>
        <extensions>
          <gpxtpx:TrackPointExtension>
            <gpxtpx:hr>143</gpxtpx:hr>
          </gpxtpx:TrackPointExtension>
        </extensions>
      </trkpt>
      <trkpt lat="39.99445006519566" lon="116.48407224222557">
        <ele>37.63532348908484</ele>
        <time>2026-08-24T22:38:02.300000Z</time>
        <extensions>
          <gpxtpx:TrackPointExtension>
            <gpxtpx:hr>143</gpxtpx:hr>
          </gpxtpx:TrackPointExtension>
        </extensions>
      </trkpt>
      <trkpt lat="39.994459202999" lon="116.48404962150076">
        <ele>37.5823019631207</ele>
        <time>2026-08-24T22:38:03.300000Z</time>
        <extensions>
          <gpxtpx:TrackPointExtension>
            <gpxtpx:hr>143</gpxtpx:hr>
          </gpxtpx:TrackPointExtension>
        </extensions>
      </trkpt>
      <trkpt lat="39.994465897500206" lon="116.4840251098741">
        <ele>37.520337553694844</ele>
        <time>2026-08-24T22:38:04.300000Z</time>
        <extensions>
          <gpxtpx:TrackPointExtension>
            <gpxtpx:hr>143</gpxtpx:hr>
          </gpxtpx:TrackPointExtension>
        </extensions>
      </trkpt>
      <trkpt lat="39.994471082196874" lon="116.48399915339824">
        <ele>37.45002220291644</ele>
        <time>2026-08-24T22:38:05.300000Z</time>
        <extensions>
          <gpxtpx:TrackPointExtension>
            <gpxtpx:hr>147</gpxtpx:hr>
          </gpxtpx:TrackPointExtension>
        </extensions>
      </trkpt>
      <trkpt lat="39.994475789749785" lon="116.48397230537948">
        <ele>37.373232771642506</ele>
        <time>2026-08-24T22:38:06.300000Z</time>
        <extensions>
          <gpxtpx:TrackPointExtension>
            <gpxtpx:hr>147</gpxtpx:hr>
          </gpxtpx:TrackPointExtension>
        </extensions>
      </trkpt>
      <trkpt lat="39.994480073069276" lon="116.48394441687172">
        <ele>37.292519682087004</ele>
        <time>2026-08-24T22:38:07.300000Z</time>
        <extensions>
          <gpxtpx:TrackPointExtension>
            <gpxtpx:hr>147</gpxtpx:hr>
          </gpxtpx:TrackPointExtension>
        </extensions>
      </trkpt>
      <trkpt lat="39.99448407048311" lon="116.48391477428942">
        <ele>37.21033668983728</ele>
        <time>2026-08-24T22:38:08.300000Z</time>
        <extensions>
          <gpxtpx:TrackPointExtension>
            <gpxtpx:hr>147</gpxtpx:hr>
          </gpxtpx:TrackPointExtension>
        </extensions>
      </trkpt>
      <trkpt lat="39.99448803335287" lon="116.48388313397076">
        <ele>37.12921095825732</ele>
        <time>2026-08-24T22:38:09.300000Z</time>
        <extensions>
          <gpxtpx:TrackPointExtension>
            <gpxtpx:hr>147</gpxtpx:hr>
          </gpxtpx:TrackPointExtension>
        </extensions>
      </trkpt>
      <trkpt lat="39.994491828703005" lon="116.48385139211916">
        <ele>37.051890338771045</ele>
        <time>2026-08-24T22:38:10.300000Z</time>
        <extensions>
          <gpxtpx:TrackPointExtension>
            <gpxtpx:hr>148</gpxtpx:hr>
          </gpxtpx:TrackPointExtension>
        </extensions>
      </trkpt>
      <trkpt lat="39.99449518890898" lon="116.48382027232012">
        <ele>36.981295024976134</ele>
        <time>2026-08-24T22:38:11.300000Z</time>
        <extensions>
          <gpxtpx:TrackPointExtension>
            <gpxtpx:hr>148</gpxtpx:hr>
          </gpxtpx:TrackPointExtension>
        </extensions>
      </trkpt>
      <trkpt lat="39.994498249858374" lon="116.48378865601207">
        <ele>36.92025086656213</ele>
        <time>2026-08-24T22:38:12.300000Z</time>
        <extensions>
          <gpxtpx:TrackPointExtension>
            <gpxtpx:hr>148</gpxtpx:hr>
          </gpxtpx:TrackPointExtension>
        </extensions>
      </trkpt>
      <trkpt lat="39.99450101610388" lon="116.48375576879383">
        <ele>36.87049071583897</ele>
        <time>2026-08-24T22:38:13.300000Z</time>
        <extensions>
          <gpxtpx:TrackPointExtension>
            <gpxtpx:hr>148</gpxtpx:hr>
          </gpxtpx:TrackPointExtension>
        </extensions>
      </trkpt>
      <trkpt lat="39.994503392052756" lon="116.48372004588283">
        <ele>36.832160574384034</ele>
        <time>2026-08-24T22:38:14.300000Z</time>
        <extensions>
          <gpxtpx:TrackPointExtension>
            <gpxtpx:hr>152</gpxtpx:hr>
          </gpxtpx:TrackPointExtension>
        </extensions>
      </trkpt>
      <trkpt lat="39.99450523939793" lon="116.4836805120084">
        <ele>36.80381645727903</ele>
        <time>2026-08-24T22:38:15.300000Z</time>
        <extensions>
          <gpxtpx:TrackPointExtension>
            <gpxtpx:hr>152</gpxtpx:hr>
          </gpxtpx:TrackPointExtension>
        </extensions>
      </trkpt>
      <trkpt lat="39.994506485642695" lon="116.48363789158125">
        <ele>36.78250955976546</ele>
        <time>2026-08-24T22:38:16.300000Z</time>
        <extensions>
          <gpxtpx:TrackPointExtension>
            <gpxtpx:hr>152</gpxtpx:hr>
          </gpxtpx:TrackPointExtension>
        </extensions>
      </trkpt>
      <trkpt lat="39.99450721363166" lon="116.48359342949112">
        <ele>36.764669159427285</ele>
        <time>2026-08-24T22:38:17.300000Z</time>
        <extensions>
          <gpxtpx:TrackPointExtension>
            <gpxtpx:hr>152</gpxtpx:hr>
          </gpxtpx:TrackPointExtension>
        </extensions>
      </trkpt>
      <trkpt lat="39.99450731304204" lon="116.48354857884885">
        <ele>36.74708229023963</ele>
        <time>2026-08-24T22:38:18.300000Z</time>
        <extensions>
          <gpxtpx:TrackPointExtension>
            <gpxtpx:hr>152</gpxtpx:hr>
          </gpxtpx:TrackPointExtension>
        </extensions>
      </trkpt>
      <trkpt lat="39.99450651219413" lon="116.48350446585523">
        <ele>36.728026940487325</ele>
        <time>2026-08-24T22:38:19.300000Z</time>
        <extensions>
          <gpxtpx:TrackPointExtension>
            <gpxtpx:hr>153</gpxtpx:hr>
          </gpxtpx:TrackPointExtension>
        </extensions>
      </trkpt>
      <trkpt lat="39.994504503018476" lon="116.48346133123601">
        <ele>36.7082614377141</ele>
        <time>2026-08-24T22:38:20.300000Z</time>
        <extensions>
          <gpxtpx:TrackPointExtension>
            <gpxtpx:hr>153</gpxtpx:hr>
          </gpxtpx:TrackPointExtension>
        </extensions>
      </trkpt>
      <trkpt lat="39.99450288495477" lon="116.48341873306391">
        <ele>36.69028866477311</ele>
        <time>2026-08-24T22:38:21.300000Z</time>
        <extensions>
          <gpxtpx:TrackPointExtension>
            <gpxtpx:hr>153</gpxtpx:hr>
          </gpxtpx:TrackPointExtension>
        </extensions>
      </trkpt>
      <trkpt lat="39.99450289458023" lon="116.48337620707007">
        <ele>36.677124263718724</ele>
        <time>2026-08-24T22:38:22.300000Z</time>
        <extensions>
          <gpxtpx:TrackPointExtension>
            <gpxtpx:hr>155</gpxtpx:hr>
          </gpxtpx:TrackPointExtension>
        </extensions>
      </trkpt>
      <trkpt lat="39.99450405737439" lon="116.48333400050828">
        <ele>36.67143347952515</ele>
        <time>2026-08-24T22:38:23.300000Z</time>
        <extensions>
          <gpxtpx:TrackPointExtension>
            <gpxtpx:hr>155</gpxtpx:hr>
          </gpxtpx:TrackPointExtension>
        </extensions>
      </trkpt>
      <trkpt lat="39.994506379344124" lon="116.48329230386615">
        <ele>36.67492715921253</ele>
        <time>2026-08-24T22:38:24.300000Z</time>
        <extensions>
          <gpxtpx:TrackPointExtension>
            <gpxtpx:hr>155</gpxtpx:hr>
          </gpxtpx:TrackPointExtension>
        </extensions>
      </trkpt>
      <trkpt lat="39.99450990996127" lon="116.483251071932">
        <ele>36.68868031259626</ele>
        <time>2026-08-24T22:38:25.300000Z</time>
        <extensions>
          <gpxtpx:TrackPointExtension>
            <gpxtpx:hr>155</gpxtpx:hr>
          </gpxtpx:TrackPointExtension>
        </extensions>
      </trkpt>
      <trkpt lat="39.99451485519267" lon="116.48321006830876">
        <ele>36.71337501145899</ele>
        <time>2026-08-24T22:38:26.300000Z</time>
        <extensions>
          <gpxtpx:TrackPointExtension>
            <gpxtpx:hr>155</gpxtpx:hr>
          </gpxtpx:TrackPointExtension>
        </extensions>
      </trkpt>
      <trkpt lat="39.99452137823452" lon="116.48316930521396">
        <ele>36.74869583547115</ele>
        <time>2026-08-24T22:38:27.300000Z</time>
        <extensions>
          <gpxtpx:TrackPointExtension>
            <gpxtpx:hr>160</gpxtpx:hr>
          </gpxtpx:TrackPointExtension>
        </extensions>
      </trkpt>
      <trkpt lat="39.994529968888656" lon="116.48312962761614">
        <ele>36.79299600236118</ele>
        <time>2026-08-24T22:38:28.300000Z</time>
        <extensions>
          <gpxtpx:TrackPointExtension>
            <gpxtpx:hr>160</gpxtpx:hr>
          </gpxtpx:TrackPointExtension>
        </extensions>
      </trkpt>
      <trkpt lat="39.99454146524888" lon="116.48309199225119">
        <ele>36.84353474248201</ele>
        <time>2026-08-24T22:38:29.300000Z</time>
        <extensions>
          <gpxtpx:TrackPointExtension>
            <gpxtpx:hr>160</gpxtpx:hr>
          </gpxtpx:TrackPointExtension>
        </extensions>
      </trkpt>
      <trkpt lat="39.994556714239366" lon="116.48305756673604">
        <ele>36.89708530623466</ele>
        <time>2026-08-24T22:38:30.300000Z</time>
        <extensions>
          <gpxtpx:TrackPointExtension>
            <gpxtpx:hr>160</gpxtpx:hr>
          </gpxtpx:TrackPointExtension>
        </extensions>
      </trkpt>
      <trkpt lat="39.994576203406986" lon="116.4830273685426">
        <ele>36.9509452637285</ele>
        <time>2026-08-24T22:38:31.300000Z</time>
        <extensions>
          <gpxtpx:TrackPointExtension>
            <gpxtpx:hr>160</gpxtpx:hr>
          </gpxtpx:TrackPointExtension>
        </extensions>
      </trkpt>
      <trkpt lat="39.99459954983185" lon="116.48300202146368">
        <ele>37.00337998010218</ele>
        <time>2026-08-24T22:38:32.300000Z</time>
        <extensions>
          <gpxtpx:TrackPointExtension>
            <gpxtpx:hr>160</gpxtpx:hr>
          </gpxtpx:TrackPointExtension>
        </extensions>
      </trkpt>
      <trkpt lat="39.99462584466733" lon="116.48298128899732">
        <ele>37.05343396216631</ele>
        <time>2026-08-24T22:38:33.300000Z</time>
        <extensions>
          <gpxtpx:TrackPointExtension>
            <gpxtpx:hr>160</gpxtpx:hr>
          </gpxtpx:TrackPointExtension>
        </extensions>
      </trkpt>
      <trkpt lat="39.994654039492694" lon="116.48296420778824">
        <ele>37.10043796803802</ele>
        <time>2026-08-24T22:38:34.200000Z</time>
        <extensions>
          <gpxtpx:TrackPointExtension>
            <gpxtpx:hr>164</gpxtpx:hr>
          </gpxtpx:TrackPointExtension>
        </extensions>
      </trkpt>
      <trkpt lat="39.99468296938279" lon="116.48294960158283">
        <ele>37.14402266219258</ele>
        <time>2026-08-24T22:38:35.200000Z</time>
        <extensions>
          <gpxtpx:TrackPointExtension>
            <gpxtpx:hr>164</gpxtpx:hr>
          </gpxtpx:TrackPointExtension>
        </extensions>
      </trkpt>
      <trkpt lat="39.994711655297756" lon="116.48293636667297">
        <ele>37.18431236408651</ele>
        <time>2026-08-24T22:38:36.200000Z</time>
        <extensions>
          <gpxtpx:TrackPointExtension>
            <gpxtpx:hr>164</gpxtpx:hr>
          </gpxtpx:TrackPointExtension>
        </extensions>
      </trkpt>
      <trkpt lat="39.99473977469755" lon="116.4829239680261">
        <ele>37.22175469156355</ele>
        <time>2026-08-24T22:38:37.200000Z</time>
        <extensions>
          <gpxtpx:TrackPointExtension>
            <gpxtpx:hr>164</gpxtpx:hr>
          </gpxtpx:TrackPointExtension>
        </extensions>
      </trkpt>
      <trkpt lat="39.99476728399204" lon="116.48291220112948">
        <ele>37.2569736847654</ele>
        <time>2026-08-24T22:38:38.200000Z</time>
        <extensions>
          <gpxtpx:TrackPointExtension>
            <gpxtpx:hr>164</gpxtpx:hr>
          </gpxtpx:TrackPointExtension>
        </extensions>
      </trkpt>
      <trkpt lat="39.99479449848206" lon="116.48290085630227">
        <ele>37.29061727412045</ele>
        <time>2026-08-24T22:38:39.200000Z</time>
        <extensions>
          <gpxtpx:TrackPointExtension>
            <gpxtpx:hr>164</gpxtpx:hr>
          </gpxtpx:TrackPointExtension>
        </extensions>
      </trkpt>
      <trkpt lat="39.99482202166816" lon="116.48288949923949">
        <ele>37.32300291303545</ele>
        <time>2026-08-24T22:38:40.200000Z</time>
        <extensions>
          <gpxtpx:TrackPointExtension>
            <gpxtpx:hr>164</gpxtpx:hr>
          </gpxtpx:TrackPointExtension>
        </extensions>
      </trkpt>
      <trkpt lat="39.994850046654456" lon="116.48287803269898">
        <ele>37.353908725082874</ele>
        <time>2026-08-24T22:38:41.200000Z</time>
        <extensions>
          <gpxtpx:TrackPointExtension>
            <gpxtpx:hr>166</gpxtpx:hr>
          </gpxtpx:TrackPointExtension>
        </extensions>
      </trkpt>
      <trkpt lat="39.99487829626934" lon="116.48286677265857">
        <ele>37.38335968460888</ele>
        <time>2026-08-24T22:38:42.200000Z</time>
        <extensions>
          <gpxtpx:TrackPointExtension>
            <gpxtpx:hr>166</gpxtpx:hr>
          </gpxtpx:TrackPointExtension>
        </extensions>
      </trkpt>
      <trkpt lat="39.99490640209814" lon="116.48285603948656">
        <ele>37.41238586418331</ele>
        <time>2026-08-24T22:38:43.200000Z</time>
        <extensions>
          <gpxtpx:TrackPointExtension>
            <gpxtpx:hr>166</gpxtpx:hr>
          </gpxtpx:TrackPointExtension>
        </extensions>
      </trkpt>
      <trkpt lat="39.99493439486302" lon="116.48284596078756">
        <ele>37.44216169882566</ele>
        <time>2026-08-24T22:38:44.200000Z</time>
        <extensions>
          <gpxtpx:TrackPointExtension>
            <gpxtpx:hr>166</gpxtpx:hr>
          </gpxtpx:TrackPointExtension>
        </extensions>
      </trkpt>
      <trkpt lat="39.99496256642959" lon="116.48283634056408">
        <ele>37.472684467211366</ele>
        <time>2026-08-24T22:38:45.200000Z</time>
        <extensions>
          <gpxtpx:TrackPointExtension>
            <gpxtpx:hr>167</gpxtpx:hr>
          </gpxtpx:TrackPointExtension>
        </extensions>
      </trkpt>
      <trkpt lat="39.99499101756688" lon="116.48282686587619">
        <ele>37.50298395100981</ele>
        <time>2026-08-24T22:38:46.200000Z</time>
        <extensions>
          <gpxtpx:TrackPointExtension>
            <gpxtpx:hr>167</gpxtpx:hr>
          </gpxtpx:TrackPointExtension>
        </extensions>
      </trkpt>
      <trkpt lat="39.995019672437316" lon="116.48281716626188">
        <ele>37.5316601973027</ele>
        <time>2026-08-24T22:38:47.200000Z</time>
        <extensions>
          <gpxtpx:TrackPointExtension>
            <gpxtpx:hr>167</gpxtpx:hr>
          </gpxtpx:TrackPointExtension>
        </extensions>
      </trkpt>
      <trkpt lat="39.995048239866705" lon="116.48280702235687">
        <ele>37.5566682619974</ele>
        <time>2026-08-24T22:38:48.200000Z</time>
        <extensions>
          <gpxtpx:TrackPointExtension>
            <gpxtpx:hr>167</gpxtpx:hr>
          </gpxtpx:TrackPointExtension>
        </extensions>
      </trkpt>
      <trkpt lat="39.99507647848958" lon="116.48279636125335">
        <ele>37.575245171785355</ele>
        <time>2026-08-24T22:38:49.200000Z</time>
        <extensions>
          <gpxtpx:TrackPointExtension>
            <gpxtpx:hr>169</gpxtpx:hr>
          </gpxtpx:TrackPointExtension>
        </extensions>
      </trkpt>
      <trkpt lat="39.99510438121315" lon="116.48278451966986">
        <ele>37.584453077055514</ele>
        <time>2026-08-24T22:38:50.200000Z</time>
        <extensions>
          <gpxtpx:TrackPointExtension>
            <gpxtpx:hr>169</gpxtpx:hr>
          </gpxtpx:TrackPointExtension>
        </extensions>
      </trkpt>
      <trkpt lat="39.99513213860882" lon="116.48277132646965">
        <ele>37.58145822864026</ele>
        <time>2026-08-24T22:38:51.200000Z</time>
        <extensions>
          <gpxtpx:TrackPointExtension>
            <gpxtpx:hr>169</gpxtpx:hr>
          </gpxtpx:TrackPointExtension>
        </extensions>
      </trkpt>
      <trkpt lat="39.99516025772138" lon="116.48275745765302">
        <ele>37.56459645554423</ele>
        <time>2026-08-24T22:38:52.200000Z</time>
        <extensions>
          <gpxtpx:TrackPointExtension>
            <gpxtpx:hr>169</gpxtpx:hr>
          </gpxtpx:TrackPointExtension>
        </extensions>
      </trkpt>
      <trkpt lat="39.99518894605393" lon="116.48274381836198">
        <ele>37.53491108492017</ele>
        <time>2026-08-24T22:38:53.200000Z</time>
        <extensions>
          <gpxtpx:TrackPointExtension>
            <gpxtpx:hr>171</gpxtpx:hr>
          </gpxtpx:TrackPointExtension>
        </extensions>
      </trkpt>
      <trkpt lat="39.99521792727496" lon="116.48273087290781">
        <ele>37.495083465240896</ele>
        <time>2026-08-24T22:38:54.200000Z</time>
        <extensions>
          <gpxtpx:TrackPointExtension>
            <gpxtpx:hr>171</gpxtpx:hr>
          </gpxtpx:TrackPointExtension>
        </extensions>
      </trkpt>
      <trkpt lat="39.99524715793383" lon="116.48271860712762">
        <ele>37.44752606097609</ele>
        <time>2026-08-24T22:38:55.200000Z</time>
        <extensions>
          <gpxtpx:TrackPointExtension>
            <gpxtpx:hr>171</gpxtpx:hr>
          </gpxtpx:TrackPointExtension>
        </extensions>
      </trkpt>
      <trkpt lat="39.99527673162831" lon="116.48270700919495">
        <ele>37.39472534134984</ele>
        <time>2026-08-24T22:38:56.200000Z</time>
        <extensions>
          <gpxtpx:TrackPointExtension>
            <gpxtpx:hr>171</gpxtpx:hr>
          </gpxtpx:TrackPointExtension>
        </extensions>
      </trkpt>
      <trkpt lat="39.99530656381031" lon="116.48269594865266">
        <ele>37.34036267269403</ele>
        <time>2026-08-24T22:38:57.200000Z</time>
        <extensions>
          <gpxtpx:TrackPointExtension>
            <gpxtpx:hr>171</gpxtpx:hr>
          </gpxtpx:TrackPointExtension>
        </extensions>
      </trkpt>
      <trkpt lat="39.99533650496765" lon="116.48268553620072">
        <ele>37.28851306159049</ele>
        <time>2026-08-24T22:38:58.200000Z</time>
        <extensions>
          <gpxtpx:TrackPointExtension>
            <gpxtpx:hr>172</gpxtpx:hr>
          </gpxtpx:TrackPointExtension>
        </extensions>
      </trkpt>
      <trkpt lat="39.99536632036549" lon="116.48267575817509">
        <ele>37.242194298654795</ele>
        <time>2026-08-24T22:38:59.200000Z</time>
        <extensions>
          <gpxtpx:TrackPointExtension>
            <gpxtpx:hr>172</gpxtpx:hr>
          </gpxtpx:TrackPointExtension>
        </extensions>
      </trkpt>
      <trkpt lat="39.99539580189062" lon="116.48266623747632">
        <ele>37.20315277110785</ele>
        <time>2026-08-24T22:39:00.200000Z</time>
        <extensions>
          <gpxtpx:TrackPointExtension>
            <gpxtpx:hr>172</gpxtpx:hr>
          </gpxtpx:TrackPointExtension>
        </extensions>
      </trkpt>
      <trkpt lat="39.99542502644652" lon="116.4826569408543">
        <ele>37.17208465281874</ele>
        <time>2026-08-24T22:39:01.200000Z</time>
        <extensions>
          <gpxtpx:TrackPointExtension>
            <gpxtpx:hr>172</gpxtpx:hr>
          </gpxtpx:TrackPointExtension>
        </extensions>
      </trkpt>
      <trkpt lat="39.99545426422645" lon="116.48264794474169">
        <ele>37.14907529670745</ele>
        <time>2026-08-24T22:39:02.200000Z</time>
        <extensions>
          <gpxtpx:TrackPointExtension>
            <gpxtpx:hr>172</gpxtpx:hr>
          </gpxtpx:TrackPointExtension>
        </extensions>
      </trkpt>
      <trkpt lat="39.99548368411091" lon="116.48263910747949">
        <ele>37.13408244494349</ele>
        <time>2026-08-24T22:39:03.200000Z</time>
        <extensions>
          <gpxtpx:TrackPointExtension>
            <gpxtpx:hr>172</gpxtpx:hr>
          </gpxtpx:TrackPointExtension>
        </extensions>
      </trkpt>
      <trkpt lat="39.995513401659515" lon="116.48263030793119">
        <ele>37.12688740901649</ele>
        <time>2026-08-24T22:39:04.200000Z</time>
        <extensions>
          <gpxtpx:TrackPointExtension>
            <gpxtpx:hr>172</gpxtpx:hr>
          </gpxtpx:TrackPointExtension>
        </extensions>
      </trkpt>
      <trkpt lat="39.99554345848935" lon="116.482621415483">
        <ele>37.12688020430505</ele>
        <time>2026-08-24T22:39:05.200000Z</time>
        <extensions>
          <gpxtpx:TrackPointExtension>
            <gpxtpx:hr>172</gpxtpx:hr>
          </gpxtpx:TrackPointExtension>
        </extensions>
      </trkpt>
      <trkpt lat="39.995573768992514" lon="116.48261249932159">
        <ele>37.1329400325194</ele>
        <time>2026-08-24T22:39:06.200000Z</time>
        <extensions>
          <gpxtpx:TrackPointExtension>
            <gpxtpx:hr>172</gpxtpx:hr>
          </gpxtpx:TrackPointExtension>
        </extensions>
      </trkpt>
      <trkpt lat="39.99560388994104" lon="116.48260375372982">
        <ele>37.14423060975969</ele>
        <time>2026-08-24T22:39:07.200000Z</time>
        <extensions>
          <gpxtpx:TrackPointExtension>
            <gpxtpx:hr>172</gpxtpx:hr>
          </gpxtpx:TrackPointExtension>
        </extensions>
      </trkpt>
      <trkpt lat="39.995633383192015" lon="116.48259511227135">
        <ele>37.16091479547322</ele>
        <time>2026-08-24T22:39:08.200000Z</time>
        <extensions>
          <gpxtpx:TrackPointExtension>
            <gpxtpx:hr>172</gpxtpx:hr>
          </gpxtpx:TrackPointExtension>
        </extensions>
      </trkpt>
      <trkpt lat="39.99566208487239" lon="116.48258653475067">
        <ele>37.18329483270645</ele>
        <time>2026-08-24T22:39:09.200000Z</time>
        <extensions>
          <gpxtpx:TrackPointExtension>
            <gpxtpx:hr>174</gpxtpx:hr>
          </gpxtpx:TrackPointExtension>
        </extensions>
      </trkpt>
      <trkpt lat="39.99568998208521" lon="116.48257788888155">
        <ele>37.21077728550881</ele>
        <time>2026-08-24T22:39:10.200000Z</time>
        <extensions>
          <gpxtpx:TrackPointExtension>
            <gpxtpx:hr>174</gpxtpx:hr>
          </gpxtpx:TrackPointExtension>
        </extensions>
      </trkpt>
      <trkpt lat="39.99571723422546" lon="116.48256873000638">
        <ele>37.24217661097646</ele>
        <time>2026-08-24T22:39:11.200000Z</time>
        <extensions>
          <gpxtpx:TrackPointExtension>
            <gpxtpx:hr>174</gpxtpx:hr>
          </gpxtpx:TrackPointExtension>
        </extensions>
      </trkpt>
      <trkpt lat="39.99574404713514" lon="116.4825583238254">
        <ele>37.27618414815515</ele>
        <time>2026-08-24T22:39:12.200000Z</time>
        <extensions>
          <gpxtpx:TrackPointExtension>
            <gpxtpx:hr>174</gpxtpx:hr>
          </gpxtpx:TrackPointExtension>
        </extensions>
      </trkpt>
      <trkpt lat="39.995770417233345" lon="116.48254635629452">
        <ele>37.3114962419495</ele>
        <time>2026-08-24T22:39:13.200000Z</time>
        <extensions>
          <gpxtpx:TrackPointExtension>
            <gpxtpx:hr>174</gpxtpx:hr>
          </gpxtpx:TrackPointExtension>
        </extensions>
      </trkpt>
      <trkpt lat="39.99579624367731" lon="116.48253339444844">
        <ele>37.34671284724027</ele>
        <time>2026-08-24T22:39:14.200000Z</time>
        <extensions>
          <gpxtpx:TrackPointExtension>
            <gpxtpx:hr>174</gpxtpx:hr>
          </gpxtpx:TrackPointExtension>
        </extensions>
      </trkpt>
      <trkpt lat="39.99582163818537" lon="116.48252036019072">
        <ele>37.38055783137679</ele>
        <time>2026-08-24T22:39:15.200000Z</time>
        <extensions>
          <gpxtpx:TrackPointExtension>
            <gpxtpx:hr>174</gpxtpx:hr>
          </gpxtpx:TrackPointExtension>
        </extensions>
      </trkpt>
      <trkpt lat="39.99584687706269" lon="116.48250776075523">
        <ele>37.41218622028828</ele>
        <time>2026-08-24T22:39:16.200000Z</time>
        <extensions>
          <gpxtpx:TrackPointExtension>
            <gpxtpx:hr>174</gpxtpx:hr>
          </gpxtpx:TrackPointExtension>
        </extensions>
      </trkpt>
      <trkpt lat="39.995872173739016" lon="116.48249575788344">
        <ele>37.44094339758158</ele>
        <time>2026-08-24T22:39:17.200000Z</time>
        <extensions>
          <gpxtpx:TrackPointExtension>
            <gpxtpx:hr>174</gpxtpx:hr>
          </gpxtpx:TrackPointExtension>
        </extensions>
      </trkpt>
      <trkpt lat="39.99589762544213" lon="116.4824842832617">
        <ele>37.46624779328704</ele>
        <time>2026-08-24T22:39:18.200000Z</time>
        <extensions>
          <gpxtpx:TrackPointExtension>
            <gpxtpx:hr>174</gpxtpx:hr>
          </gpxtpx:TrackPointExtension>
        </extensions>
      </trkpt>
      <trkpt lat="39.99592307452919" lon="116.48247296238098">
        <ele>37.48749615531415</ele>
        <time>2026-08-24T22:39:19.200000Z</time>
        <extensions>
          <gpxtpx:TrackPointExtension>
            <gpxtpx:hr>174</gpxtpx:hr>
          </gpxtpx:TrackPointExtension>
        </extensions>
      </trkpt>
      <trkpt lat="39.99594817735058" lon="116.48246120202509">
        <ele>37.50398847647011</ele>
        <time>2026-08-24T22:39:20.200000Z</time>
        <extensions>
          <gpxtpx:TrackPointExtension>
            <gpxtpx:hr>174</gpxtpx:hr>
          </gpxtpx:TrackPointExtension>
        </extensions>
      </trkpt>
      <trkpt lat="39.99597290195264" lon="116.48244864837025">
        <ele>37.514933734200895</ele>
        <time>2026-08-24T22:39:21.200000Z</time>
        <extensions>
          <gpxtpx:TrackPointExtension>
            <gpxtpx:hr>174</gpxtpx:hr>
          </gpxtpx:TrackPointExtension>
        </extensions>
      </trkpt>
      <trkpt lat="39.995997591472666" lon="116.48243557351816">
        <ele>37.519583377055824</ele>
        <time>2026-08-24T22:39:22.200000Z</time>
        <extensions>
          <gpxtpx:TrackPointExtension>
            <gpxtpx:hr>174</gpxtpx:hr>
          </gpxtpx:TrackPointExtension>
        </extensions>
      </trkpt>
      <trkpt lat="39.99602245542186" lon="116.48242218027859">
        <ele>37.51737330388278</ele>
        <time>2026-08-24T22:39:23.200000Z</time>
        <extensions>
          <gpxtpx:TrackPointExtension>
            <gpxtpx:hr>174</gpxtpx:hr>
          </gpxtpx:TrackPointExtension>
        </extensions>
      </trkpt>
      <trkpt lat="39.99604729141532" lon="116.48240838027125">
        <ele>37.508241043426096</ele>
        <time>2026-08-24T22:39:24.200000Z</time>
        <extensions>
          <gpxtpx:TrackPointExtension>
            <gpxtpx:hr>174</gpxtpx:hr>
          </gpxtpx:TrackPointExtension>
        </extensions>
      </trkpt>
      <trkpt lat="39.99607174824329" lon="116.48239382588625">
        <ele>37.4925837488845</ele>
        <time>2026-08-24T22:39:25.200000Z</time>
        <extensions>
          <gpxtpx:TrackPointExtension>
            <gpxtpx:hr>174</gpxtpx:hr>
          </gpxtpx:TrackPointExtension>
        </extensions>
      </trkpt>
      <trkpt lat="39.99609585398418" lon="116.4823786096952">
        <ele>37.47101211640984</ele>
        <time>2026-08-24T22:39:26.200000Z</time>
        <extensions>
          <gpxtpx:TrackPointExtension>
            <gpxtpx:hr>174</gpxtpx:hr>
          </gpxtpx:TrackPointExtension>
        </extensions>
      </trkpt>
      <trkpt lat="39.996119960876094" lon="116.48236330413837">
        <ele>37.444480375386775</ele>
        <time>2026-08-24T22:39:27.200000Z</time>
        <extensions>
          <gpxtpx:TrackPointExtension>
            <gpxtpx:hr>174</gpxtpx:hr>
          </gpxtpx:TrackPointExtension>
        </extensions>
      </trkpt>
      <trkpt lat="39.99614437015261" lon="116.48234796207055">
        <ele>37.41412369534373</ele>
        <time>2026-08-24T22:39:28.100000Z</time>
        <extensions>
          <gpxtpx:TrackPointExtension>
            <gpxtpx:hr>174</gpxtpx:hr>
          </gpxtpx:TrackPointExtension>
        </extensions>
      </trkpt>
      <trkpt lat="39.99616921811803" lon="116.48233245385332">
        <ele>37.381074184551835</ele>
        <time>2026-08-24T22:39:29.100000Z</time>
        <extensions>
          <gpxtpx:TrackPointExtension>
            <gpxtpx:hr>174</gpxtpx:hr>
          </gpxtpx:TrackPointExtension>
        </extensions>
      </trkpt>
      <trkpt lat="39.99619429163668" lon="116.48231694347625">
        <ele>37.3467271970585</ele>
        <time>2026-08-24T22:39:30.100000Z</time>
        <extensions>
          <gpxtpx:TrackPointExtension>
            <gpxtpx:hr>176</gpxtpx:hr>
          </gpxtpx:TrackPointExtension>
        </extensions>
      </trkpt>
      <trkpt lat="39.99621920728672" lon="116.48230184302567">
        <ele>37.312882450409234</ele>
        <time>2026-08-24T22:39:31.100000Z</time>
        <extensions>
          <gpxtpx:TrackPointExtension>
            <gpxtpx:hr>176</gpxtpx:hr>
          </gpxtpx:TrackPointExtension>
        </extensions>
      </trkpt>
      <trkpt lat="39.99624384766851" lon="116.4822873153183">
        <ele>37.281075979582965</ele>
        <time>2026-08-24T22:39:32.100000Z</time>
        <extensions>
          <gpxtpx:TrackPointExtension>
            <gpxtpx:hr>176</gpxtpx:hr>
          </gpxtpx:TrackPointExtension>
        </extensions>
      </trkpt>
      <trkpt lat="39.99626845993132" lon="116.48227343973876">
        <ele>37.25194761250168</ele>
        <time>2026-08-24T22:39:33.100000Z</time>
        <extensions>
          <gpxtpx:TrackPointExtension>
            <gpxtpx:hr>176</gpxtpx:hr>
          </gpxtpx:TrackPointExtension>
        </extensions>
      </trkpt>
      <trkpt lat="39.996292997948984" lon="116.48226042670288">
        <ele>37.225884886458516</ele>
        <time>2026-08-24T22:39:34.100000Z</time>
        <extensions>
          <gpxtpx:TrackPointExtension>
            <gpxtpx:hr>176</gpxtpx:hr>
          </gpxtpx:TrackPointExtension>
        </extensions>
      </trkpt>
      <trkpt lat="39.9963171369051" lon="116.48224812279334">
        <ele>37.203481192700565</ele>
        <time>2026-08-24T22:39:35.100000Z</time>
        <extensions>
          <gpxtpx:TrackPointExtension>
            <gpxtpx:hr>176</gpxtpx:hr>
          </gpxtpx:TrackPointExtension>
        </extensions>
      </trkpt>
      <trkpt lat="39.99634090377348" lon="116.48223617847192">
        <ele>37.184953411109746</ele>
        <time>2026-08-24T22:39:36.100000Z</time>
        <extensions>
          <gpxtpx:TrackPointExtension>
            <gpxtpx:hr>176</gpxtpx:hr>
          </gpxtpx:TrackPointExtension>
        </extensions>
      </trkpt>
      <trkpt lat="39.99636448084179" lon="116.48222406767216">
        <ele>37.17019846942276</ele>
        <time>2026-08-24T22:39:37.100000Z</time>
        <extensions>
          <gpxtpx:TrackPointExtension>
            <gpxtpx:hr>176</gpxtpx:hr>
          </gpxtpx:TrackPointExtension>
        </extensions>
      </trkpt>
      <trkpt lat="39.996387991969925" lon="116.48221151712696">
        <ele>37.1594448890537</ele>
        <time>2026-08-24T22:39:38.100000Z</time>
        <extensions>
          <gpxtpx:TrackPointExtension>
            <gpxtpx:hr>176</gpxtpx:hr>
          </gpxtpx:TrackPointExtension>
        </extensions>
      </trkpt>
      <trkpt lat="39.996411306149284" lon="116.48219851194845">
        <ele>37.1535709053278</ele>
        <time>2026-08-24T22:39:39.100000Z</time>
        <extensions>
          <gpxtpx:TrackPointExtension>
            <gpxtpx:hr>176</gpxtpx:hr>
          </gpxtpx:TrackPointExtension>
        </extensions>
      </trkpt>
      <trkpt lat="39.996434382099636" lon="116.48218477450172">
        <ele>37.153438546694815</ele>
        <time>2026-08-24T22:39:40.100000Z</time>
        <extensions>
          <gpxtpx:TrackPointExtension>
            <gpxtpx:hr>176</gpxtpx:hr>
          </gpxtpx:TrackPointExtension>
        </extensions>
      </trkpt>
      <trkpt lat="39.996457539569974" lon="116.48217074042266">
        <ele>37.15930672548711</ele>
        <time>2026-08-24T22:39:41.100000Z</time>
        <extensions>
          <gpxtpx:TrackPointExtension>
            <gpxtpx:hr>176</gpxtpx:hr>
          </gpxtpx:TrackPointExtension>
        </extensions>
      </trkpt>
      <trkpt lat="39.99648106559997" lon="116.48215699334307">
        <ele>37.17103455401957</ele>
        <time>2026-08-24T22:39:42.100000Z</time>
        <extensions>
          <gpxtpx:TrackPointExtension>
            <gpxtpx:hr>176</gpxtpx:hr>
          </gpxtpx:TrackPointExtension>
        </extensions>
      </trkpt>
      <trkpt lat="39.9965050889201" lon="116.48214311173652">
        <ele>37.18786848988384</ele>
        <time>2026-08-24T22:39:43.100000Z</time>
        <extensions>
          <gpxtpx:TrackPointExtension>
            <gpxtpx:hr>178</gpxtpx:hr>
          </gpxtpx:TrackPointExtension>
        </extensions>
      </trkpt>
      <trkpt lat="39.996529560858164" lon="116.4821285322433">
        <ele>37.20835945568979</ele>
        <time>2026-08-24T22:39:44.100000Z</time>
        <extensions>
          <gpxtpx:TrackPointExtension>
            <gpxtpx:hr>178</gpxtpx:hr>
          </gpxtpx:TrackPointExtension>
        </extensions>
      </trkpt>
      <trkpt lat="39.99655427023095" lon="116.48211302065512">
        <ele>37.23078778851777</ele>
        <time>2026-08-24T22:39:45.100000Z</time>
        <extensions>
          <gpxtpx:TrackPointExtension>
            <gpxtpx:hr>178</gpxtpx:hr>
          </gpxtpx:TrackPointExtension>
        </extensions>
      </trkpt>
      <trkpt lat="39.99657894086873" lon="116.48209662302466">
        <ele>37.253551865927875</ele>
        <time>2026-08-24T22:39:46.100000Z</time>
        <extensions>
          <gpxtpx:TrackPointExtension>
            <gpxtpx:hr>178</gpxtpx:hr>
          </gpxtpx:TrackPointExtension>
        </extensions>
      </trkpt>
      <trkpt lat="39.996603208876095" lon="116.48207965464127">
        <ele>37.275290133431554</ele>
        <time>2026-08-24T22:39:47.100000Z</time>
        <extensions>
          <gpxtpx:TrackPointExtension>
            <gpxtpx:hr>178</gpxtpx:hr>
          </gpxtpx:TrackPointExtension>
        </extensions>
      </trkpt>
      <trkpt lat="39.99662657238714" lon="116.48206254106991">
        <ele>37.29470463655889</ele>
        <time>2026-08-24T22:39:48.100000Z</time>
        <extensions>
          <gpxtpx:TrackPointExtension>
            <gpxtpx:hr>178</gpxtpx:hr>
          </gpxtpx:TrackPointExtension>
        </extensions>
      </trkpt>
      <trkpt lat="39.99664907266196" lon="116.48204580362805">
        <ele>37.31039674021304</ele>
        <time>2026-08-24T22:39:49.100000Z</time>
        <extensions>
          <gpxtpx:TrackPointExtension>
            <gpxtpx:hr>178</gpxtpx:hr>
          </gpxtpx:TrackPointExtension>
        </extensions>
      </trkpt>
      <trkpt lat="39.99667140541376" lon="116.48202948925723">
        <ele>37.32114405091852</ele>
        <time>2026-08-24T22:39:50.100000Z</time>
        <extensions>
          <gpxtpx:TrackPointExtension>
            <gpxtpx:hr>178</gpxtpx:hr>
          </gpxtpx:TrackPointExtension>
        </extensions>
      </trkpt>
      <trkpt lat="39.996693992507716" lon="116.48201292360906">
        <ele>37.32621556054801</ele>
        <time>2026-08-24T22:39:51.100000Z</time>
        <extensions>
          <gpxtpx:TrackPointExtension>
            <gpxtpx:hr>178</gpxtpx:hr>
          </gpxtpx:TrackPointExtension>
        </extensions>
      </trkpt>
      <trkpt lat="39.996716997892996" lon="116.48199540092472">
        <ele>37.32527308817953</ele>
        <time>2026-08-24T22:39:52.100000Z</time>
        <extensions>
          <gpxtpx:TrackPointExtension>
            <gpxtpx:hr>178</gpxtpx:hr>
          </gpxtpx:TrackPointExtension>
        </extensions>
      </trkpt>
      <trkpt lat="39.99674045458943" lon="116.48197651802752">
        <ele>37.31823946721852</ele>
        <time>2026-08-24T22:39:53.100000Z</time>
        <extensions>
          <gpxtpx:TrackPointExtension>
            <gpxtpx:hr>178</gpxtpx:hr>
          </gpxtpx:TrackPointExtension>
        </extensions>
      </trkpt>
      <trkpt lat="39.99676395542558" lon="116.48195624722405">
        <ele>37.30547566059977</ele>
        <time>2026-08-24T22:39:54.100000Z</time>
        <extensions>
          <gpxtpx:TrackPointExtension>
            <gpxtpx:hr>178</gpxtpx:hr>
          </gpxtpx:TrackPointExtension>
        </extensions>
      </trkpt>
      <trkpt lat="39.996787331375785" lon="116.48193479377984">
        <ele>37.287866577506065</ele>
        <time>2026-08-24T22:39:55.100000Z</time>
        <extensions>
          <gpxtpx:TrackPointExtension>
            <gpxtpx:hr>178</gpxtpx:hr>
          </gpxtpx:TrackPointExtension>
        </extensions>
      </trkpt>
      <trkpt lat="39.99681068245337" lon="116.48191296554329">
        <ele>37.26684963237494</ele>
        <time>2026-08-24T22:39:56.100000Z</time>
        <extensions>
          <gpxtpx:TrackPointExtension>
            <gpxtpx:hr>178</gpxtpx:hr>
          </gpxtpx:TrackPointExtension>
        </extensions>
      </trkpt>
      <trkpt lat="39.996834135970985" lon="116.48189161868164">
        <ele>37.244233168661594</ele>
        <time>2026-08-24T22:39:57.100000Z</time>
        <extensions>
          <gpxtpx:TrackPointExtension>
            <gpxtpx:hr>178</gpxtpx:hr>
          </gpxtpx:TrackPointExtension>
        </extensions>
      </trkpt>
      <trkpt lat="39.99685771175714" lon="116.48187112836075">
        <ele>37.22149974666536</ele>
        <time>2026-08-24T22:39:58.100000Z</time>
        <extensions>
          <gpxtpx:TrackPointExtension>
            <gpxtpx:hr>178</gpxtpx:hr>
          </gpxtpx:TrackPointExtension>
        </extensions>
      </trkpt>
      <trkpt lat="39.99688123116911" lon="116.48185114263842">
        <ele>37.199450702406466</ele>
        <time>2026-08-24T22:39:59.100000Z</time>
        <extensions>
          <gpxtpx:TrackPointExtension>
            <gpxtpx:hr>178</gpxtpx:hr>
          </gpxtpx:TrackPointExtension>
        </extensions>
      </trkpt>
      <trkpt lat="39.996904643040075" lon="116.48183145308899">
        <ele>37.17837224341929</ele>
        <time>2026-08-24T22:40:00.100000Z</time>
        <extensions>
          <gpxtpx:TrackPointExtension>
            <gpxtpx:hr>178</gpxtpx:hr>
          </gpxtpx:TrackPointExtension>
        </extensions>
      </trkpt>
      <trkpt lat="39.996927998844164" lon="116.48181218412097">
        <ele>37.15817694924772</ele>
        <time>2026-08-24T22:40:01.100000Z</time>
        <extensions>
          <gpxtpx:TrackPointExtension>
            <gpxtpx:hr>178</gpxtpx:hr>
          </gpxtpx:TrackPointExtension>
        </extensions>
      </trkpt>
      <trkpt lat="39.99695120373954" lon="116.48179315493064">
        <ele>37.138598119840026</ele>
        <time>2026-08-24T22:40:02.100000Z</time>
        <extensions>
          <gpxtpx:TrackPointExtension>
            <gpxtpx:hr>178</gpxtpx:hr>
          </gpxtpx:TrackPointExtension>
        </extensions>
      </trkpt>
      <trkpt lat="39.99697425991876" lon="116.48177426152974">
        <ele>37.11929468717426</ele>
        <time>2026-08-24T22:40:03.100000Z</time>
        <extensions>
          <gpxtpx:TrackPointExtension>
            <gpxtpx:hr>178</gpxtpx:hr>
          </gpxtpx:TrackPointExtension>
        </extensions>
      </trkpt>
      <trkpt lat="39.99699747832126" lon="116.48175578896134">
        <ele>37.09993879403919</ele>
        <time>2026-08-24T22:40:04.100000Z</time>
        <extensions>
          <gpxtpx:TrackPointExtension>
            <gpxtpx:hr>178</gpxtpx:hr>
          </gpxtpx:TrackPointExtension>
        </extensions>
      </trkpt>
      <trkpt lat="39.99702114299384" lon="116.48173816758062">
        <ele>37.0801657428965</ele>
        <time>2026-08-24T22:40:05.100000Z</time>
        <extensions>
          <gpxtpx:TrackPointExtension>
            <gpxtpx:hr>178</gpxtpx:hr>
          </gpxtpx:TrackPointExtension>
        </extensions>
      </trkpt>
      <trkpt lat="39.99704509917007" lon="116.48172137967605">
        <ele>37.059585713781416</ele>
        <time>2026-08-24T22:40:06.100000Z</time>
        <extensions>
          <gpxtpx:TrackPointExtension>
            <gpxtpx:hr>178</gpxtpx:hr>
          </gpxtpx:TrackPointExtension>
        </extensions>
      </trkpt>
      <trkpt lat="39.99706918972298" lon="116.48170520777784">
        <ele>37.03793705254793</ele>
        <time>2026-08-24T22:40:07.100000Z</time>
        <extensions>
          <gpxtpx:TrackPointExtension>
            <gpxtpx:hr>178</gpxtpx:hr>
          </gpxtpx:TrackPointExtension>
        </extensions>
      </trkpt>
      <trkpt lat="39.99709341657819" lon="116.48168934998083">
        <ele>37.01502342056483</ele>
        <time>2026-08-24T22:40:08.100000Z</time>
        <extensions>
          <gpxtpx:TrackPointExtension>
            <gpxtpx:hr>178</gpxtpx:hr>
          </gpxtpx:TrackPointExtension>
        </extensions>
      </trkpt>
      <trkpt lat="39.99711767347365" lon="116.48167332721755">
        <ele>36.990794802084565</ele>
        <time>2026-08-24T22:40:09.100000Z</time>
        <extensions>
          <gpxtpx:TrackPointExtension>
            <gpxtpx:hr>179</gpxtpx:hr>
          </gpxtpx:TrackPointExtension>
        </extensions>
      </trkpt>
      <trkpt lat="39.99714203512378" lon="116.4816569116667">
        <ele>36.96524621639401</ele>
        <time>2026-08-24T22:40:10.100000Z</time>
        <extensions>
          <gpxtpx:TrackPointExtension>
            <gpxtpx:hr>179</gpxtpx:hr>
          </gpxtpx:TrackPointExtension>
        </extensions>
      </trkpt>
      <trkpt lat="39.997166450054955" lon="116.48164029177542">
        <ele>36.938484787009656</ele>
        <time>2026-08-24T22:40:11.100000Z</time>
        <extensions>
          <gpxtpx:TrackPointExtension>
            <gpxtpx:hr>179</gpxtpx:hr>
          </gpxtpx:TrackPointExtension>
        </extensions>
      </trkpt>
      <trkpt lat="39.99719082899549" lon="116.48162375805546">
        <ele>36.91120181418955</ele>
        <time>2026-08-24T22:40:12.100000Z</time>
        <extensions>
          <gpxtpx:TrackPointExtension>
            <gpxtpx:hr>179</gpxtpx:hr>
          </gpxtpx:TrackPointExtension>
        </extensions>
      </trkpt>
      <trkpt lat="39.99721499637894" lon="116.4816075592434">
        <ele>36.88467431906611</ele>
        <time>2026-08-24T22:40:13.100000Z</time>
        <extensions>
          <gpxtpx:TrackPointExtension>
            <gpxtpx:hr>179</gpxtpx:hr>
          </gpxtpx:TrackPointExtension>
        </extensions>
      </trkpt>
      <trkpt lat="39.99723885045264" lon="116.48159181573094">
        <ele>36.86049056425691</ele>
        <time>2026-08-24T22:40:14.100000Z</time>
        <extensions>
          <gpxtpx:TrackPointExtension>
            <gpxtpx:hr>178</gpxtpx:hr>
          </gpxtpx:TrackPointExtension>
        </extensions>
      </trkpt>
      <trkpt lat="39.9972624924979" lon="116.48157622293935">
        <ele>36.840050174854696</ele>
        <time>2026-08-24T22:40:15.100000Z</time>
        <extensions>
          <gpxtpx:TrackPointExtension>
            <gpxtpx:hr>178</gpxtpx:hr>
          </gpxtpx:TrackPointExtension>
        </extensions>
      </trkpt>
      <trkpt lat="39.99728598045961" lon="116.48156015523897">
        <ele>36.82398893870413</ele>
        <time>2026-08-24T22:40:16.100000Z</time>
        <extensions>
          <gpxtpx:TrackPointExtension>
            <gpxtpx:hr>178</gpxtpx:hr>
          </gpxtpx:TrackPointExtension>
        </extensions>
      </trkpt>
      <trkpt lat="39.99730929024371" lon="116.48154333700852">
        <ele>36.812315120361745</ele>
        <time>2026-08-24T22:40:17.100000Z</time>
        <extensions>
          <gpxtpx:TrackPointExtension>
            <gpxtpx:hr>178</gpxtpx:hr>
          </gpxtpx:TrackPointExtension>
        </extensions>
      </trkpt>
      <trkpt lat="39.99733241935928" lon="116.48152579644835">
        <ele>36.80488956626505</ele>
        <time>2026-08-24T22:40:18.100000Z</time>
        <extensions>
          <gpxtpx:TrackPointExtension>
            <gpxtpx:hr>178</gpxtpx:hr>
          </gpxtpx:TrackPointExtension>
        </extensions>
      </trkpt>
      <trkpt lat="39.99735533649755" lon="116.48150750260314">
        <ele>36.80167076084763</ele>
        <time>2026-08-24T22:40:19.100000Z</time>
        <extensions>
          <gpxtpx:TrackPointExtension>
            <gpxtpx:hr>179</gpxtpx:hr>
          </gpxtpx:TrackPointExtension>
        </extensions>
      </trkpt>
      <trkpt lat="39.99737793512385" lon="116.48148823009262">
        <ele>36.80234257504344</ele>
        <time>2026-08-24T22:40:20.100000Z</time>
        <extensions>
          <gpxtpx:TrackPointExtension>
            <gpxtpx:hr>179</gpxtpx:hr>
          </gpxtpx:TrackPointExtension>
        </extensions>
      </trkpt>
      <trkpt lat="39.99740031880664" lon="116.481467921375">
        <ele>36.8060362720862</ele>
        <time>2026-08-24T22:40:21.100000Z</time>
        <extensions>
          <gpxtpx:TrackPointExtension>
            <gpxtpx:hr>179</gpxtpx:hr>
          </gpxtpx:TrackPointExtension>
        </extensions>
      </trkpt>
      <trkpt lat="39.99742257064322" lon="116.48144668141236">
        <ele>36.81180053111166</ele>
        <time>2026-08-24T22:40:22Z</time>
        <extensions>
          <gpxtpx:TrackPointExtension>
            <gpxtpx:hr>179</gpxtpx:hr>
          </gpxtpx:TrackPointExtension>
        </extensions>
      </trkpt>
      <trkpt lat="39.997444765688805" lon="116.48142468744646">
        <ele>36.818579942919314</ele>
        <time>2026-08-24T22:40:23Z</time>
        <extensions>
          <gpxtpx:TrackPointExtension>
            <gpxtpx:hr>179</gpxtpx:hr>
          </gpxtpx:TrackPointExtension>
        </extensions>
      </trkpt>
      <trkpt lat="39.9974670304683" lon="116.48140213220827">
        <ele>36.82504017651081</ele>
        <time>2026-08-24T22:40:24Z</time>
        <extensions>
          <gpxtpx:TrackPointExtension>
            <gpxtpx:hr>179</gpxtpx:hr>
          </gpxtpx:TrackPointExtension>
        </extensions>
      </trkpt>
      <trkpt lat="39.99748958435848" lon="116.4813790856333">
        <ele>36.829981992952526</ele>
        <time>2026-08-24T22:40:25Z</time>
        <extensions>
          <gpxtpx:TrackPointExtension>
            <gpxtpx:hr>180</gpxtpx:hr>
          </gpxtpx:TrackPointExtension>
        </extensions>
      </trkpt>
      <trkpt lat="39.99751235410346" lon="116.48135541094699">
        <ele>36.83248496800661</ele>
        <time>2026-08-24T22:40:26Z</time>
        <extensions>
          <gpxtpx:TrackPointExtension>
            <gpxtpx:hr>180</gpxtpx:hr>
          </gpxtpx:TrackPointExtension>
        </extensions>
      </trkpt>
      <trkpt lat="39.99753509560852" lon="116.4813309198529">
        <ele>36.83186142984778</ele>
        <time>2026-08-24T22:40:27Z</time>
        <extensions>
          <gpxtpx:TrackPointExtension>
            <gpxtpx:hr>180</gpxtpx:hr>
          </gpxtpx:TrackPointExtension>
        </extensions>
      </trkpt>
      <trkpt lat="39.99755766845818" lon="116.48130582334875">
        <ele>36.82769432198256</ele>
        <time>2026-08-24T22:40:28Z</time>
        <extensions>
          <gpxtpx:TrackPointExtension>
            <gpxtpx:hr>180</gpxtpx:hr>
          </gpxtpx:TrackPointExtension>
        </extensions>
      </trkpt>
      <trkpt lat="39.9975799616997" lon="116.48128046267458">
        <ele>36.81943509168923</ele>
        <time>2026-08-24T22:40:29Z</time>
        <extensions>
          <gpxtpx:TrackPointExtension>
            <gpxtpx:hr>180</gpxtpx:hr>
          </gpxtpx:TrackPointExtension>
        </extensions>
      </trkpt>
      <trkpt lat="39.99760179315248" lon="116.48125502317019">
        <ele>36.80644810851663</ele>
        <time>2026-08-24T22:40:30Z</time>
        <extensions>
          <gpxtpx:TrackPointExtension>
            <gpxtpx:hr>179</gpxtpx:hr>
          </gpxtpx:TrackPointExtension>
        </extensions>
      </trkpt>
      <trkpt lat="39.99762316474573" lon="116.48122955197253">
        <ele>36.78856152947992</ele>
        <time>2026-08-24T22:40:31Z</time>
        <extensions>
          <gpxtpx:TrackPointExtension>
            <gpxtpx:hr>179</gpxtpx:hr>
          </gpxtpx:TrackPointExtension>
        </extensions>
      </trkpt>
      <trkpt lat="39.99764418606682" lon="116.48120404971957">
        <ele>36.766270242631435</ele>
        <time>2026-08-24T22:40:32Z</time>
        <extensions>
          <gpxtpx:TrackPointExtension>
            <gpxtpx:hr>179</gpxtpx:hr>
          </gpxtpx:TrackPointExtension>
        </extensions>
      </trkpt>
      <trkpt lat="39.99766452933904" lon="116.48117827043554">
        <ele>36.74062654841691</ele>
        <time>2026-08-24T22:40:33Z</time>
        <extensions>
          <gpxtpx:TrackPointExtension>
            <gpxtpx:hr>179</gpxtpx:hr>
          </gpxtpx:TrackPointExtension>
        </extensions>
      </trkpt>
      <trkpt lat="39.99768403963242" lon="116.48115230943073">
        <ele>36.712883931584656</ele>
        <time>2026-08-24T22:40:34Z</time>
        <extensions>
          <gpxtpx:TrackPointExtension>
            <gpxtpx:hr>180</gpxtpx:hr>
          </gpxtpx:TrackPointExtension>
        </extensions>
      </trkpt>
      <trkpt lat="39.99770313458449" lon="116.48112679190073">
        <ele>36.6846073102206</ele>
        <time>2026-08-24T22:40:35Z</time>
        <extensions>
          <gpxtpx:TrackPointExtension>
            <gpxtpx:hr>180</gpxtpx:hr>
          </gpxtpx:TrackPointExtension>
        </extensions>
      </trkpt>
      <trkpt lat="39.997722478076156" lon="116.48110207219274">
        <ele>36.65766656771302</ele>
        <time>2026-08-24T22:40:36Z</time>
        <extensions>
          <gpxtpx:TrackPointExtension>
            <gpxtpx:hr>180</gpxtpx:hr>
          </gpxtpx:TrackPointExtension>
        </extensions>
      </trkpt>
      <trkpt lat="39.99774247716013" lon="116.48107829610163">
        <ele>36.63361208420247</ele>
        <time>2026-08-24T22:40:37Z</time>
        <extensions>
          <gpxtpx:TrackPointExtension>
            <gpxtpx:hr>180</gpxtpx:hr>
          </gpxtpx:TrackPointExtension>
        </extensions>
      </trkpt>
      <trkpt lat="39.99776339785735" lon="116.4810557170096">
        <ele>36.61337906960398</ele>
        <time>2026-08-24T22:40:38Z</time>
        <extensions>
          <gpxtpx:TrackPointExtension>
            <gpxtpx:hr>180</gpxtpx:hr>
          </gpxtpx:TrackPointExtension>
        </extensions>
      </trkpt>
      <trkpt lat="39.997784856407954" lon="116.4810343507497">
        <ele>36.59743431583047</ele>
        <time>2026-08-24T22:40:39Z</time>
        <extensions>
          <gpxtpx:TrackPointExtension>
            <gpxtpx:hr>180</gpxtpx:hr>
          </gpxtpx:TrackPointExtension>
        </extensions>
      </trkpt>
      <trkpt lat="39.997806069387856" lon="116.4810136252747">
        <ele>36.58594591729343</ele>
        <time>2026-08-24T22:40:40Z</time>
        <extensions>
          <gpxtpx:TrackPointExtension>
            <gpxtpx:hr>180</gpxtpx:hr>
          </gpxtpx:TrackPointExtension>
        </extensions>
      </trkpt>
      <trkpt lat="39.99782684966248" lon="116.48099288192981">
        <ele>36.57877716422081</ele>
        <time>2026-08-24T22:40:41Z</time>
        <extensions>
          <gpxtpx:TrackPointExtension>
            <gpxtpx:hr>180</gpxtpx:hr>
          </gpxtpx:TrackPointExtension>
        </extensions>
      </trkpt>
      <trkpt lat="39.99784745052281" lon="116.4809715656768">
        <ele>36.575548698194325</ele>
        <time>2026-08-24T22:40:42Z</time>
        <extensions>
          <gpxtpx:TrackPointExtension>
            <gpxtpx:hr>180</gpxtpx:hr>
          </gpxtpx:TrackPointExtension>
        </extensions>
      </trkpt>
      <trkpt lat="39.997868188242116" lon="116.48094947102102">
        <ele>36.57597423065454</ele>
        <time>2026-08-24T22:40:43Z</time>
        <extensions>
          <gpxtpx:TrackPointExtension>
            <gpxtpx:hr>180</gpxtpx:hr>
          </gpxtpx:TrackPointExtension>
        </extensions>
      </trkpt>
      <trkpt lat="39.99788916339451" lon="116.48092666444269">
        <ele>36.580027133226395</ele>
        <time>2026-08-24T22:40:44Z</time>
        <extensions>
          <gpxtpx:TrackPointExtension>
            <gpxtpx:hr>180</gpxtpx:hr>
          </gpxtpx:TrackPointExtension>
        </extensions>
      </trkpt>
      <trkpt lat="39.99791034778145" lon="116.48090323091925">
        <ele>36.587830604054034</ele>
        <time>2026-08-24T22:40:45Z</time>
        <extensions>
          <gpxtpx:TrackPointExtension>
            <gpxtpx:hr>180</gpxtpx:hr>
          </gpxtpx:TrackPointExtension>
        </extensions>
      </trkpt>
      <trkpt lat="39.997931694749305" lon="116.48087944467547">
        <ele>36.599209253676236</ele>
        <time>2026-08-24T22:40:46Z</time>
        <extensions>
          <gpxtpx:TrackPointExtension>
            <gpxtpx:hr>180</gpxtpx:hr>
          </gpxtpx:TrackPointExtension>
        </extensions>
      </trkpt>
      <trkpt lat="39.997953099893266" lon="116.48085556069923">
        <ele>36.6133095221594</ele>
        <time>2026-08-24T22:40:47Z</time>
        <extensions>
          <gpxtpx:TrackPointExtension>
            <gpxtpx:hr>180</gpxtpx:hr>
          </gpxtpx:TrackPointExtension>
        </extensions>
      </trkpt>
      <trkpt lat="39.99797434118984" lon="116.48083152528231">
        <ele>36.62921090144664</ele>
        <time>2026-08-24T22:40:48Z</time>
        <extensions>
          <gpxtpx:TrackPointExtension>
            <gpxtpx:hr>180</gpxtpx:hr>
          </gpxtpx:TrackPointExtension>
        </extensions>
      </trkpt>
      <trkpt lat="39.99799540996083" lon="116.48080724103123">
        <ele>36.646559656597674</ele>
        <time>2026-08-24T22:40:49Z</time>
        <extensions>
          <gpxtpx:TrackPointExtension>
            <gpxtpx:hr>182</gpxtpx:hr>
          </gpxtpx:TrackPointExtension>
        </extensions>
      </trkpt>
      <trkpt lat="39.998016421796336" lon="116.48078282351199">
        <ele>36.66539377719164</ele>
        <time>2026-08-24T22:40:50Z</time>
        <extensions>
          <gpxtpx:TrackPointExtension>
            <gpxtpx:hr>182</gpxtpx:hr>
          </gpxtpx:TrackPointExtension>
        </extensions>
      </trkpt>
      <trkpt lat="39.99803760585809" lon="116.48075852534171">
        <ele>36.685781981796026</ele>
        <time>2026-08-24T22:40:51Z</time>
        <extensions>
          <gpxtpx:TrackPointExtension>
            <gpxtpx:hr>182</gpxtpx:hr>
          </gpxtpx:TrackPointExtension>
        </extensions>
      </trkpt>
      <trkpt lat="39.99805894417552" lon="116.48073450661656">
        <ele>36.707397107966244</ele>
        <time>2026-08-24T22:40:52Z</time>
        <extensions>
          <gpxtpx:TrackPointExtension>
            <gpxtpx:hr>182</gpxtpx:hr>
          </gpxtpx:TrackPointExtension>
        </extensions>
      </trkpt>
      <trkpt lat="39.99808024160601" lon="116.48071075050426">
        <ele>36.729226312600076</ele>
        <time>2026-08-24T22:40:53Z</time>
        <extensions>
          <gpxtpx:TrackPointExtension>
            <gpxtpx:hr>182</gpxtpx:hr>
          </gpxtpx:TrackPointExtension>
        </extensions>
      </trkpt>
      <trkpt lat="39.99810131989182" lon="116.48068721963998">
        <ele>36.749859400093555</ele>
        <time>2026-08-24T22:40:54Z</time>
        <extensions>
          <gpxtpx:TrackPointExtension>
            <gpxtpx:hr>182</gpxtpx:hr>
          </gpxtpx:TrackPointExtension>
        </extensions>
      </trkpt>
      <trkpt lat="39.9981218365046" lon="116.48066378754172">
        <ele>36.768248598091304</ele>
        <time>2026-08-24T22:40:55Z</time>
        <extensions>
          <gpxtpx:TrackPointExtension>
            <gpxtpx:hr>182</gpxtpx:hr>
          </gpxtpx:TrackPointExtension>
        </extensions>
      </trkpt>
      <trkpt lat="39.99814161665629" lon="116.48064034774964">
        <ele>36.78435704577714</ele>
        <time>2026-08-24T22:40:56Z</time>
        <extensions>
          <gpxtpx:TrackPointExtension>
            <gpxtpx:hr>182</gpxtpx:hr>
          </gpxtpx:TrackPointExtension>
        </extensions>
      </trkpt>
      <trkpt lat="39.99816089251948" lon="116.48061690786847">
        <ele>36.79864453803748</ele>
        <time>2026-08-24T22:40:57Z</time>
        <extensions>
          <gpxtpx:TrackPointExtension>
            <gpxtpx:hr>182</gpxtpx:hr>
          </gpxtpx:TrackPointExtension>
        </extensions>
      </trkpt>
      <trkpt lat="39.99818017354431" lon="116.48059373102929">
        <ele>36.811204105615616</ele>
        <time>2026-08-24T22:40:58Z</time>
        <extensions>
          <gpxtpx:TrackPointExtension>
            <gpxtpx:hr>182</gpxtpx:hr>
          </gpxtpx:TrackPointExtension>
        </extensions>
      </trkpt>
      <trkpt lat="39.99819993866172" lon="116.48057082961775">
        <ele>36.82208305504173</ele>
        <time>2026-08-24T22:40:59Z</time>
        <extensions>
          <gpxtpx:TrackPointExtension>
            <gpxtpx:hr>181</gpxtpx:hr>
          </gpxtpx:TrackPointExtension>
        </extensions>
      </trkpt>
      <trkpt lat="39.99822012326081" lon="116.48054758483342">
        <ele>36.83207843080163</ele>
        <time>2026-08-24T22:41:00Z</time>
        <extensions>
          <gpxtpx:TrackPointExtension>
            <gpxtpx:hr>181</gpxtpx:hr>
          </gpxtpx:TrackPointExtension>
        </extensions>
      </trkpt>
      <trkpt lat="39.99824019599489" lon="116.48052348663066">
        <ele>36.84249501116574</ele>
        <time>2026-08-24T22:41:01Z</time>
        <extensions>
          <gpxtpx:TrackPointExtension>
            <gpxtpx:hr>181</gpxtpx:hr>
          </gpxtpx:TrackPointExtension>
        </extensions>
      </trkpt>
      <trkpt lat="39.99826004069843" lon="116.48049872359304">
        <ele>36.85384906176478</ele>
        <time>2026-08-24T22:41:02Z</time>
        <extensions>
          <gpxtpx:TrackPointExtension>
            <gpxtpx:hr>181</gpxtpx:hr>
          </gpxtpx:TrackPointExtension>
        </extensions>
      </trkpt>
      <trkpt lat="39.998279913300095" lon="116.48047380482284">
        <ele>36.86553794145584</ele>
        <time>2026-08-24T22:41:03Z</time>
        <extensions>
          <gpxtpx:TrackPointExtension>
            <gpxtpx:hr>181</gpxtpx:hr>
          </gpxtpx:TrackPointExtension>
        </extensions>
      </trkpt>
      <trkpt lat="39.99829987202988" lon="116.48044892937133">
        <ele>36.87666766997427</ele>
        <time>2026-08-24T22:41:04Z</time>
        <extensions>
          <gpxtpx:TrackPointExtension>
            <gpxtpx:hr>180</gpxtpx:hr>
          </gpxtpx:TrackPointExtension>
        </extensions>
      </trkpt>
      <trkpt lat="39.998319787518014" lon="116.48042405994296">
        <ele>36.88643591571599</ele>
        <time>2026-08-24T22:41:05Z</time>
        <extensions>
          <gpxtpx:TrackPointExtension>
            <gpxtpx:hr>180</gpxtpx:hr>
          </gpxtpx:TrackPointExtension>
        </extensions>
      </trkpt>
      <trkpt lat="39.99833968013712" lon="116.48039920492762">
        <ele>36.894156044349074</ele>
        <time>2026-08-24T22:41:06Z</time>
        <extensions>
          <gpxtpx:TrackPointExtension>
            <gpxtpx:hr>180</gpxtpx:hr>
          </gpxtpx:TrackPointExtension>
        </extensions>
      </trkpt>
      <trkpt lat="39.99835958032253" lon="116.48037419906015">
        <ele>36.8995622145012</ele>
        <time>2026-08-24T22:41:07Z</time>
        <extensions>
          <gpxtpx:TrackPointExtension>
            <gpxtpx:hr>180</gpxtpx:hr>
          </gpxtpx:TrackPointExtension>
        </extensions>
      </trkpt>
      <trkpt lat="39.99837948093927" lon="116.48034880942011">
        <ele>36.903144975192845</ele>
        <time>2026-08-24T22:41:08Z</time>
        <extensions>
          <gpxtpx:TrackPointExtension>
            <gpxtpx:hr>180</gpxtpx:hr>
          </gpxtpx:TrackPointExtension>
        </extensions>
      </trkpt>
      <trkpt lat="39.99839904000996" lon="116.48032295586913">
        <ele>36.905775408260524</ele>
        <time>2026-08-24T22:41:09Z</time>
        <extensions>
          <gpxtpx:TrackPointExtension>
            <gpxtpx:hr>180</gpxtpx:hr>
          </gpxtpx:TrackPointExtension>
        </extensions>
      </trkpt>
      <trkpt lat="39.998417777385086" lon="116.4802964709391">
        <ele>36.907999927178025</ele>
        <time>2026-08-24T22:41:10Z</time>
        <extensions>
          <gpxtpx:TrackPointExtension>
            <gpxtpx:hr>180</gpxtpx:hr>
          </gpxtpx:TrackPointExtension>
        </extensions>
      </trkpt>
      <trkpt lat="39.99843552007688" lon="116.48026929849966">
        <ele>36.90971873886883</ele>
        <time>2026-08-24T22:41:11Z</time>
        <extensions>
          <gpxtpx:TrackPointExtension>
            <gpxtpx:hr>180</gpxtpx:hr>
          </gpxtpx:TrackPointExtension>
        </extensions>
      </trkpt>
      <trkpt lat="39.998452324273956" lon="116.48024139288925">
        <ele>36.91020446550101</ele>
        <time>2026-08-24T22:41:12Z</time>
        <extensions>
          <gpxtpx:TrackPointExtension>
            <gpxtpx:hr>180</gpxtpx:hr>
          </gpxtpx:TrackPointExtension>
        </extensions>
      </trkpt>
      <trkpt lat="39.99846845756629" lon="116.48021270111313">
        <ele>36.90862921252847</ele>
        <time>2026-08-24T22:41:13Z</time>
        <extensions>
          <gpxtpx:TrackPointExtension>
            <gpxtpx:hr>182</gpxtpx:hr>
          </gpxtpx:TrackPointExtension>
        </extensions>
      </trkpt>
      <trkpt lat="39.99848423263088" lon="116.48018339367268">
        <ele>36.905045316554606</ele>
        <time>2026-08-24T22:41:14Z</time>
        <extensions>
          <gpxtpx:TrackPointExtension>
            <gpxtpx:hr>182</gpxtpx:hr>
          </gpxtpx:TrackPointExtension>
        </extensions>
      </trkpt>
      <trkpt lat="39.99849951913021" lon="116.48015376735324">
        <ele>36.900627164170146</ele>
        <time>2026-08-24T22:41:14.900000Z</time>
        <extensions>
          <gpxtpx:TrackPointExtension>
            <gpxtpx:hr>182</gpxtpx:hr>
          </gpxtpx:TrackPointExtension>
        </extensions>
      </trkpt>
      <trkpt lat="39.998514312864955" lon="116.4801240712183">
        <ele>36.89692381769419</ele>
        <time>2026-08-24T22:41:15.900000Z</time>
        <extensions>
          <gpxtpx:TrackPointExtension>
            <gpxtpx:hr>182</gpxtpx:hr>
          </gpxtpx:TrackPointExtension>
        </extensions>
      </trkpt>
      <trkpt lat="39.99852882937398" lon="116.48009410868107">
        <ele>36.895307124592364</ele>
        <time>2026-08-24T22:41:16.900000Z</time>
        <extensions>
          <gpxtpx:TrackPointExtension>
            <gpxtpx:hr>182</gpxtpx:hr>
          </gpxtpx:TrackPointExtension>
        </extensions>
      </trkpt>
      <trkpt lat="39.99854309087865" lon="116.48006351975752">
        <ele>36.89659283775836</ele>
        <time>2026-08-24T22:41:17.900000Z</time>
        <extensions>
          <gpxtpx:TrackPointExtension>
            <gpxtpx:hr>182</gpxtpx:hr>
          </gpxtpx:TrackPointExtension>
        </extensions>
      </trkpt>
      <trkpt lat="39.99855701935181" lon="116.48003230351488">
        <ele>36.90076865442097</ele>
        <time>2026-08-24T22:41:18.900000Z</time>
        <extensions>
          <gpxtpx:TrackPointExtension>
            <gpxtpx:hr>182</gpxtpx:hr>
          </gpxtpx:TrackPointExtension>
        </extensions>
      </trkpt>
      <trkpt lat="39.99857071812987" lon="116.48000073693107">
        <ele>36.90669215563685</ele>
        <time>2026-08-24T22:41:19.900000Z</time>
        <extensions>
          <gpxtpx:TrackPointExtension>
            <gpxtpx:hr>182</gpxtpx:hr>
          </gpxtpx:TrackPointExtension>
        </extensions>
      </trkpt>
      <trkpt lat="39.99858422365862" lon="116.47996936239218">
        <ele>36.91248399857432</ele>
        <time>2026-08-24T22:41:20.900000Z</time>
        <extensions>
          <gpxtpx:TrackPointExtension>
            <gpxtpx:hr>182</gpxtpx:hr>
          </gpxtpx:TrackPointExtension>
        </extensions>
      </trkpt>
      <trkpt lat="39.998597699103186" lon="116.47993839059781">
        <ele>36.917197009548545</ele>
        <time>2026-08-24T22:41:21.900000Z</time>
        <extensions>
          <gpxtpx:TrackPointExtension>
            <gpxtpx:hr>182</gpxtpx:hr>
          </gpxtpx:TrackPointExtension>
        </extensions>
      </trkpt>
      <trkpt lat="39.99861133679824" lon="116.47990788050868">
        <ele>36.92121179495007</ele>
        <time>2026-08-24T22:41:22.900000Z</time>
        <extensions>
          <gpxtpx:TrackPointExtension>
            <gpxtpx:hr>183</gpxtpx:hr>
          </gpxtpx:TrackPointExtension>
        </extensions>
      </trkpt>
      <trkpt lat="39.99862522541988" lon="116.47987743717165">
        <ele>36.92529942467809</ele>
        <time>2026-08-24T22:41:23.900000Z</time>
        <extensions>
          <gpxtpx:TrackPointExtension>
            <gpxtpx:hr>183</gpxtpx:hr>
          </gpxtpx:TrackPointExtension>
        </extensions>
      </trkpt>
      <trkpt lat="39.998639225304665" lon="116.47984676250121">
        <ele>36.93005061056465</ele>
        <time>2026-08-24T22:41:24.900000Z</time>
        <extensions>
          <gpxtpx:TrackPointExtension>
            <gpxtpx:hr>183</gpxtpx:hr>
          </gpxtpx:TrackPointExtension>
        </extensions>
      </trkpt>
      <trkpt lat="39.99865293918253" lon="116.47981591306045">
        <ele>36.93550115916878</ele>
        <time>2026-08-24T22:41:25.900000Z</time>
        <extensions>
          <gpxtpx:TrackPointExtension>
            <gpxtpx:hr>183</gpxtpx:hr>
          </gpxtpx:TrackPointExtension>
        </extensions>
      </trkpt>
      <trkpt lat="39.99866604900163" lon="116.47978496575966">
        <ele>36.94090739171952</ele>
        <time>2026-08-24T22:41:26.900000Z</time>
        <extensions>
          <gpxtpx:TrackPointExtension>
            <gpxtpx:hr>183</gpxtpx:hr>
          </gpxtpx:TrackPointExtension>
        </extensions>
      </trkpt>
      <trkpt lat="39.99867849109766" lon="116.47975390369685">
        <ele>36.945217814296484</ele>
        <time>2026-08-24T22:41:27.900000Z</time>
        <extensions>
          <gpxtpx:TrackPointExtension>
            <gpxtpx:hr>182</gpxtpx:hr>
          </gpxtpx:TrackPointExtension>
        </extensions>
      </trkpt>
      <trkpt lat="39.99869051868338" lon="116.4797227116289">
        <ele>36.947780821472406</ele>
        <time>2026-08-24T22:41:28.900000Z</time>
        <extensions>
          <gpxtpx:TrackPointExtension>
            <gpxtpx:hr>182</gpxtpx:hr>
          </gpxtpx:TrackPointExtension>
        </extensions>
      </trkpt>
      <trkpt lat="39.99870240088639" lon="116.4796915726257">
        <ele>36.94801549613476</ele>
        <time>2026-08-24T22:41:29.900000Z</time>
        <extensions>
          <gpxtpx:TrackPointExtension>
            <gpxtpx:hr>182</gpxtpx:hr>
          </gpxtpx:TrackPointExtension>
        </extensions>
      </trkpt>
      <trkpt lat="39.99871430328156" lon="116.47966048900778">
        <ele>36.94528626836836</ele>
        <time>2026-08-24T22:41:30.900000Z</time>
        <extensions>
          <gpxtpx:TrackPointExtension>
            <gpxtpx:hr>182</gpxtpx:hr>
          </gpxtpx:TrackPointExtension>
        </extensions>
      </trkpt>
      <trkpt lat="39.99872620650769" lon="116.4796293081897">
        <ele>36.93962088692933</ele>
        <time>2026-08-24T22:41:31.900000Z</time>
        <extensions>
          <gpxtpx:TrackPointExtension>
            <gpxtpx:hr>182</gpxtpx:hr>
          </gpxtpx:TrackPointExtension>
        </extensions>
      </trkpt>
      <trkpt lat="39.99873826573091" lon="116.47959836776049">
        <ele>36.931744592264295</ele>
        <time>2026-08-24T22:41:32.900000Z</time>
        <extensions>
          <gpxtpx:TrackPointExtension>
            <gpxtpx:hr>182</gpxtpx:hr>
          </gpxtpx:TrackPointExtension>
        </extensions>
      </trkpt>
      <trkpt lat="39.99875048551865" lon="116.47956835954145">
        <ele>36.922414319589734</ele>
        <time>2026-08-24T22:41:33.900000Z</time>
        <extensions>
          <gpxtpx:TrackPointExtension>
            <gpxtpx:hr>183</gpxtpx:hr>
          </gpxtpx:TrackPointExtension>
        </extensions>
      </trkpt>
      <trkpt lat="39.99876263495907" lon="116.47953954227515">
        <ele>36.91202648356557</ele>
        <time>2026-08-24T22:41:34.900000Z</time>
        <extensions>
          <gpxtpx:TrackPointExtension>
            <gpxtpx:hr>183</gpxtpx:hr>
          </gpxtpx:TrackPointExtension>
        </extensions>
      </trkpt>
      <trkpt lat="39.998774902053896" lon="116.47951172174321">
        <ele>36.900554039515555</ele>
        <time>2026-08-24T22:41:35.900000Z</time>
        <extensions>
          <gpxtpx:TrackPointExtension>
            <gpxtpx:hr>183</gpxtpx:hr>
          </gpxtpx:TrackPointExtension>
        </extensions>
      </trkpt>
      <trkpt lat="39.99878772100304" lon="116.47948457761828">
        <ele>36.88767809420824</ele>
        <time>2026-08-24T22:41:36.900000Z</time>
        <extensions>
          <gpxtpx:TrackPointExtension>
            <gpxtpx:hr>183</gpxtpx:hr>
          </gpxtpx:TrackPointExtension>
        </extensions>
      </trkpt>
      <trkpt lat="39.99880106000583" lon="116.47945833665582">
        <ele>36.87364563904703</ele>
        <time>2026-08-24T22:41:37.900000Z</time>
        <extensions>
          <gpxtpx:TrackPointExtension>
            <gpxtpx:hr>183</gpxtpx:hr>
          </gpxtpx:TrackPointExtension>
        </extensions>
      </trkpt>
      <trkpt lat="39.99881496852359" lon="116.47943401360381">
        <ele>36.860293850302696</ele>
        <time>2026-08-24T22:41:38.900000Z</time>
        <extensions>
          <gpxtpx:TrackPointExtension>
            <gpxtpx:hr>183</gpxtpx:hr>
          </gpxtpx:TrackPointExtension>
        </extensions>
      </trkpt>
      <trkpt lat="39.998830300687736" lon="116.47941308459082">
        <ele>36.850486272946</ele>
        <time>2026-08-24T22:41:39.900000Z</time>
        <extensions>
          <gpxtpx:TrackPointExtension>
            <gpxtpx:hr>183</gpxtpx:hr>
          </gpxtpx:TrackPointExtension>
        </extensions>
      </trkpt>
      <trkpt lat="39.99884645780442" lon="116.47939455041174">
        <ele>36.846427391283214</ele>
        <time>2026-08-24T22:41:40.900000Z</time>
        <extensions>
          <gpxtpx:TrackPointExtension>
            <gpxtpx:hr>183</gpxtpx:hr>
          </gpxtpx:TrackPointExtension>
        </extensions>
      </trkpt>
      <trkpt lat="39.99886190921907" lon="116.47937550880997">
        <ele>36.84866798110306</ele>
        <time>2026-08-24T22:41:41.900000Z</time>
        <extensions>
          <gpxtpx:TrackPointExtension>
            <gpxtpx:hr>183</gpxtpx:hr>
          </gpxtpx:TrackPointExtension>
        </extensions>
      </trkpt>
      <trkpt lat="39.99887631686568" lon="116.47935571927968">
        <ele>36.85581841226667</ele>
        <time>2026-08-24T22:41:42.900000Z</time>
        <extensions>
          <gpxtpx:TrackPointExtension>
            <gpxtpx:hr>183</gpxtpx:hr>
          </gpxtpx:TrackPointExtension>
        </extensions>
      </trkpt>
      <trkpt lat="39.998889960116195" lon="116.47933654563641">
        <ele>36.86515331175178</ele>
        <time>2026-08-24T22:41:43.900000Z</time>
        <extensions>
          <gpxtpx:TrackPointExtension>
            <gpxtpx:hr>183</gpxtpx:hr>
          </gpxtpx:TrackPointExtension>
        </extensions>
      </trkpt>
      <trkpt lat="39.99890321983714" lon="116.47931844556861">
        <ele>36.873966071754694</ele>
        <time>2026-08-24T22:41:44.900000Z</time>
        <extensions>
          <gpxtpx:TrackPointExtension>
            <gpxtpx:hr>183</gpxtpx:hr>
          </gpxtpx:TrackPointExtension>
        </extensions>
      </trkpt>
      <trkpt lat="39.99891624145116" lon="116.47930140292712">
        <ele>36.880418011918664</ele>
        <time>2026-08-24T22:41:45.900000Z</time>
        <extensions>
          <gpxtpx:TrackPointExtension>
            <gpxtpx:hr>181</gpxtpx:hr>
          </gpxtpx:TrackPointExtension>
        </extensions>
      </trkpt>
      <trkpt lat="39.99892898164533" lon="116.47928572379206">
        <ele>36.88434111326933</ele>
        <time>2026-08-24T22:41:46.900000Z</time>
        <extensions>
          <gpxtpx:TrackPointExtension>
            <gpxtpx:hr>181</gpxtpx:hr>
          </gpxtpx:TrackPointExtension>
        </extensions>
      </trkpt>
      <trkpt lat="39.99894170124191" lon="116.4792717874802">
        <ele>36.88701325003058</ele>
        <time>2026-08-24T22:41:47.900000Z</time>
        <extensions>
          <gpxtpx:TrackPointExtension>
            <gpxtpx:hr>181</gpxtpx:hr>
          </gpxtpx:TrackPointExtension>
        </extensions>
      </trkpt>
      <trkpt lat="39.99895461123501" lon="116.47925967306561">
        <ele>36.889577651396394</ele>
        <time>2026-08-24T22:41:48.900000Z</time>
        <extensions>
          <gpxtpx:TrackPointExtension>
            <gpxtpx:hr>181</gpxtpx:hr>
          </gpxtpx:TrackPointExtension>
        </extensions>
      </trkpt>
      <trkpt lat="39.998967767916554" lon="116.47924936833854">
        <ele>36.89244286157191</ele>
        <time>2026-08-24T22:41:49.900000Z</time>
        <extensions>
          <gpxtpx:TrackPointExtension>
            <gpxtpx:hr>180</gpxtpx:hr>
          </gpxtpx:TrackPointExtension>
        </extensions>
      </trkpt>
      <trkpt lat="39.99898143768141" lon="116.47924090834711">
        <ele>36.89554698113352</ele>
        <time>2026-08-24T22:41:50.900000Z</time>
        <extensions>
          <gpxtpx:TrackPointExtension>
            <gpxtpx:hr>180</gpxtpx:hr>
          </gpxtpx:TrackPointExtension>
        </extensions>
      </trkpt>
      <trkpt lat="39.99899564571481" lon="116.47923440601093">
        <ele>36.89857051894069</ele>
        <time>2026-08-24T22:41:51.900000Z</time>
        <extensions>
          <gpxtpx:TrackPointExtension>
            <gpxtpx:hr>180</gpxtpx:hr>
          </gpxtpx:TrackPointExtension>
        </extensions>
      </trkpt>
      <trkpt lat="39.999010331405145" lon="116.47923036247171">
        <ele>36.901169578544796</ele>
        <time>2026-08-24T22:41:52.900000Z</time>
        <extensions>
          <gpxtpx:TrackPointExtension>
            <gpxtpx:hr>180</gpxtpx:hr>
          </gpxtpx:TrackPointExtension>
        </extensions>
      </trkpt>
      <trkpt lat="39.999025365185084" lon="116.4792276203569">
        <ele>36.90285053290427</ele>
        <time>2026-08-24T22:41:53.900000Z</time>
        <extensions>
          <gpxtpx:TrackPointExtension>
            <gpxtpx:hr>178</gpxtpx:hr>
          </gpxtpx:TrackPointExtension>
        </extensions>
      </trkpt>
      <trkpt lat="39.99904009927388" lon="116.47922384016357">
        <ele>36.90296269580722</ele>
        <time>2026-08-24T22:41:54.900000Z</time>
        <extensions>
          <gpxtpx:TrackPointExtension>
            <gpxtpx:hr>178</gpxtpx:hr>
          </gpxtpx:TrackPointExtension>
        </extensions>
      </trkpt>
      <trkpt lat="39.99905374847783" lon="116.47921868008982">
        <ele>36.90100623201579</ele>
        <time>2026-08-24T22:41:55.900000Z</time>
        <extensions>
          <gpxtpx:TrackPointExtension>
            <gpxtpx:hr>178</gpxtpx:hr>
          </gpxtpx:TrackPointExtension>
        </extensions>
      </trkpt>
      <trkpt lat="39.99906568000868" lon="116.47921316931426">
        <ele>36.89677998237312</ele>
        <time>2026-08-24T22:41:56.900000Z</time>
        <extensions>
          <gpxtpx:TrackPointExtension>
            <gpxtpx:hr>178</gpxtpx:hr>
          </gpxtpx:TrackPointExtension>
        </extensions>
      </trkpt>
      <trkpt lat="39.99907578594102" lon="116.47920755638125">
        <ele>36.8903120206669</ele>
        <time>2026-08-24T22:41:57.900000Z</time>
        <extensions>
          <gpxtpx:TrackPointExtension>
            <gpxtpx:hr>174</gpxtpx:hr>
          </gpxtpx:TrackPointExtension>
        </extensions>
      </trkpt>
      <trkpt lat="39.99908467218743" lon="116.47920142909285">
        <ele>36.88170228898525</ele>
        <time>2026-08-24T22:41:58.900000Z</time>
        <extensions>
          <gpxtpx:TrackPointExtension>
            <gpxtpx:hr>174</gpxtpx:hr>
          </gpxtpx:TrackPointExtension>
        </extensions>
      </trkpt>
      <trkpt lat="39.999093006490554" lon="116.47919444891434">
        <ele>36.87114119157195</ele>
        <time>2026-08-24T22:41:59.900000Z</time>
        <extensions>
          <gpxtpx:TrackPointExtension>
            <gpxtpx:hr>174</gpxtpx:hr>
          </gpxtpx:TrackPointExtension>
        </extensions>
      </trkpt>
      <trkpt lat="39.99910101467097" lon="116.47918624470891">
        <ele>36.85889370832592</ele>
        <time>2026-08-24T22:42:00.900000Z</time>
        <extensions>
          <gpxtpx:TrackPointExtension>
            <gpxtpx:hr>174</gpxtpx:hr>
          </gpxtpx:TrackPointExtension>
        </extensions>
      </trkpt>
      <trkpt lat="39.999108738419864" lon="116.47917704105582">
        <ele>36.84519384242594</ele>
        <time>2026-08-24T22:42:01.900000Z</time>
        <extensions>
          <gpxtpx:TrackPointExtension>
            <gpxtpx:hr>174</gpxtpx:hr>
          </gpxtpx:TrackPointExtension>
        </extensions>
      </trkpt>
      <trkpt lat="39.99911623378353" lon="116.47916749813963">
        <ele>36.83033352531493</ele>
        <time>2026-08-24T22:42:02.900000Z</time>
        <extensions>
          <gpxtpx:TrackPointExtension>
            <gpxtpx:hr>169</gpxtpx:hr>
          </gpxtpx:TrackPointExtension>
        </extensions>
      </trkpt>
      <trkpt lat="39.9991235043086" lon="116.47915791765996">
        <ele>36.814623155631125</ele>
        <time>2026-08-24T22:42:03.900000Z</time>
        <extensions>
          <gpxtpx:TrackPointExtension>
            <gpxtpx:hr>169</gpxtpx:hr>
          </gpxtpx:TrackPointExtension>
        </extensions>
      </trkpt>
      <trkpt lat="39.99913059990715" lon="116.47914853778985">
        <ele>36.79839006066322</ele>
        <time>2026-08-24T22:42:04.900000Z</time>
        <extensions>
          <gpxtpx:TrackPointExtension>
            <gpxtpx:hr>169</gpxtpx:hr>
          </gpxtpx:TrackPointExtension>
        </extensions>
      </trkpt>
      <trkpt lat="39.9991374811284" lon="116.47913975840933">
        <ele>36.78218545205891</ele>
        <time>2026-08-24T22:42:05.900000Z</time>
        <extensions>
          <gpxtpx:TrackPointExtension>
            <gpxtpx:hr>169</gpxtpx:hr>
          </gpxtpx:TrackPointExtension>
        </extensions>
      </trkpt>
      <trkpt lat="39.999143999814876" lon="116.47913197589867">
        <ele>36.766907857730985</ele>
        <time>2026-08-24T22:42:06.900000Z</time>
        <extensions>
          <gpxtpx:TrackPointExtension>
            <gpxtpx:hr>169</gpxtpx:hr>
          </gpxtpx:TrackPointExtension>
        </extensions>
      </trkpt>
      <trkpt lat="39.99915010146168" lon="116.47912539217712">
        <ele>36.75367025099695</ele>
        <time>2026-08-24T22:42:07.900000Z</time>
        <extensions>
          <gpxtpx:TrackPointExtension>
            <gpxtpx:hr>169</gpxtpx:hr>
          </gpxtpx:TrackPointExtension>
        </extensions>
      </trkpt>
      <trkpt lat="39.999155863263994" lon="116.4791201363507">
        <ele>36.74365560617298</ele>
        <time>2026-08-24T22:42:08.800000Z</time>
        <extensions>
          <gpxtpx:TrackPointExtension>
            <gpxtpx:hr>169</gpxtpx:hr>
          </gpxtpx:TrackPointExtension>
        </extensions>
      </trkpt>
      <trkpt lat="39.99916119160833" lon="116.47911676410392">
        <ele>36.73791860602796</ele>
        <time>2026-08-24T22:42:09.800000Z</time>
        <extensions>
          <gpxtpx:TrackPointExtension>
            <gpxtpx:hr>159</gpxtpx:hr>
          </gpxtpx:TrackPointExtension>
        </extensions>
      </trkpt>
      <trkpt lat="39.99916755603785" lon="116.47911325865631">
        <ele>36.73683992121369</ele>
        <time>2026-08-24T22:42:10.800000Z</time>
        <extensions>
          <gpxtpx:TrackPointExtension>
            <gpxtpx:hr>159</gpxtpx:hr>
          </gpxtpx:TrackPointExtension>
        </extensions>
      </trkpt>
      <trkpt lat="39.9991763244068" lon="116.47910811323058">
        <ele>36.73994136787951</ele>
        <time>2026-08-24T22:42:11.800000Z</time>
        <extensions>
          <gpxtpx:TrackPointExtension>
            <gpxtpx:hr>159</gpxtpx:hr>
          </gpxtpx:TrackPointExtension>
        </extensions>
      </trkpt>
      <trkpt lat="39.999186908312026" lon="116.47910191060991">
        <ele>36.746234458871186</ele>
        <time>2026-08-24T22:42:12.800000Z</time>
        <extensions>
          <gpxtpx:TrackPointExtension>
            <gpxtpx:hr>159</gpxtpx:hr>
          </gpxtpx:TrackPointExtension>
        </extensions>
      </trkpt>
      <trkpt lat="39.999198401507044" lon="116.47909367840195">
        <ele>36.75453309249133</ele>
        <time>2026-08-24T22:42:13.800000Z</time>
        <extensions>
          <gpxtpx:TrackPointExtension>
            <gpxtpx:hr>159</gpxtpx:hr>
          </gpxtpx:TrackPointExtension>
        </extensions>
      </trkpt>
      <trkpt lat="39.99921005723754" lon="116.4790833266941">
        <ele>36.763645521365106</ele>
        <time>2026-08-24T22:42:14.800000Z</time>
        <extensions>
          <gpxtpx:TrackPointExtension>
            <gpxtpx:hr>159</gpxtpx:hr>
          </gpxtpx:TrackPointExtension>
        </extensions>
      </trkpt>
      <trkpt lat="39.999221639837955" lon="116.47907176738964">
        <ele>36.77252313029021</ele>
        <time>2026-08-24T22:42:15.800000Z</time>
        <extensions>
          <gpxtpx:TrackPointExtension>
            <gpxtpx:hr>161</gpxtpx:hr>
          </gpxtpx:TrackPointExtension>
        </extensions>
      </trkpt>
      <trkpt lat="39.999233053848066" lon="116.4790595591442">
        <ele>36.7805409533903</ele>
        <time>2026-08-24T22:42:16.800000Z</time>
        <extensions>
          <gpxtpx:TrackPointExtension>
            <gpxtpx:hr>161</gpxtpx:hr>
          </gpxtpx:TrackPointExtension>
        </extensions>
      </trkpt>
      <trkpt lat="39.99924413288969" lon="116.47904688839581">
        <ele>36.78770548198372</ele>
        <time>2026-08-24T22:42:17.800000Z</time>
        <extensions>
          <gpxtpx:TrackPointExtension>
            <gpxtpx:hr>161</gpxtpx:hr>
          </gpxtpx:TrackPointExtension>
        </extensions>
      </trkpt>
      <trkpt lat="39.99925480000772" lon="116.47903408388595">
        <ele>36.794321443885565</ele>
        <time>2026-08-24T22:42:18.800000Z</time>
        <extensions>
          <gpxtpx:TrackPointExtension>
            <gpxtpx:hr>161</gpxtpx:hr>
          </gpxtpx:TrackPointExtension>
        </extensions>
      </trkpt>
      <trkpt lat="39.99926496467566" lon="116.4790215643834">
        <ele>36.80049417447299</ele>
        <time>2026-08-24T22:42:19.800000Z</time>
        <extensions>
          <gpxtpx:TrackPointExtension>
            <gpxtpx:hr>161</gpxtpx:hr>
          </gpxtpx:TrackPointExtension>
        </extensions>
      </trkpt>
      <trkpt lat="39.999274346137" lon="116.4790094067344">
        <ele>36.80605818890035</ele>
        <time>2026-08-24T22:42:20.800000Z</time>
        <extensions>
          <gpxtpx:TrackPointExtension>
            <gpxtpx:hr>161</gpxtpx:hr>
          </gpxtpx:TrackPointExtension>
        </extensions>
      </trkpt>
      <trkpt lat="39.99928308228685" lon="116.47899715920461">
        <ele>36.810801840387285</ele>
        <time>2026-08-24T22:42:21.800000Z</time>
        <extensions>
          <gpxtpx:TrackPointExtension>
            <gpxtpx:hr>161</gpxtpx:hr>
          </gpxtpx:TrackPointExtension>
        </extensions>
      </trkpt>
      <trkpt lat="39.999291651804484" lon="116.47898438314162">
        <ele>36.814459522254765</ele>
        <time>2026-08-24T22:42:22.800000Z</time>
        <extensions>
          <gpxtpx:TrackPointExtension>
            <gpxtpx:hr>161</gpxtpx:hr>
          </gpxtpx:TrackPointExtension>
        </extensions>
      </trkpt>
      <trkpt lat="39.99930038599262" lon="116.47897106140388">
        <ele>36.81653571873903</ele>
        <time>2026-08-24T22:42:23.800000Z</time>
        <extensions>
          <gpxtpx:TrackPointExtension>
            <gpxtpx:hr>161</gpxtpx:hr>
          </gpxtpx:TrackPointExtension>
        </extensions>
      </trkpt>
      <trkpt lat="39.999309456950016" lon="116.47895740123842">
        <ele>36.81641488149762</ele>
        <time>2026-08-24T22:42:24.800000Z</time>
        <extensions>
          <gpxtpx:TrackPointExtension>
            <gpxtpx:hr>161</gpxtpx:hr>
          </gpxtpx:TrackPointExtension>
        </extensions>
      </trkpt>
      <trkpt lat="39.999318937282005" lon="116.47894377304672">
        <ele>36.81364075560123</ele>
        <time>2026-08-24T22:42:25.800000Z</time>
        <extensions>
          <gpxtpx:TrackPointExtension>
            <gpxtpx:hr>161</gpxtpx:hr>
          </gpxtpx:TrackPointExtension>
        </extensions>
      </trkpt>
      <trkpt lat="39.99932881005129" lon="116.47893038426983">
        <ele>36.80806099344045</ele>
        <time>2026-08-24T22:42:26.800000Z</time>
        <extensions>
          <gpxtpx:TrackPointExtension>
            <gpxtpx:hr>161</gpxtpx:hr>
          </gpxtpx:TrackPointExtension>
        </extensions>
      </trkpt>
      <trkpt lat="39.9993388941706" lon="116.47891717943575">
        <ele>36.799900932237506</ele>
        <time>2026-08-24T22:42:27.800000Z</time>
        <extensions>
          <gpxtpx:TrackPointExtension>
            <gpxtpx:hr>161</gpxtpx:hr>
          </gpxtpx:TrackPointExtension>
        </extensions>
      </trkpt>
      <trkpt lat="39.999348864463876" lon="116.47890390931947">
        <ele>36.78989546652883</ele>
        <time>2026-08-24T22:42:28.800000Z</time>
        <extensions>
          <gpxtpx:TrackPointExtension>
            <gpxtpx:hr>159</gpxtpx:hr>
          </gpxtpx:TrackPointExtension>
        </extensions>
      </trkpt>
      <trkpt lat="39.999358285650025" lon="116.47889013406798">
        <ele>36.77941331360489</ele>
        <time>2026-08-24T22:42:29.800000Z</time>
        <extensions>
          <gpxtpx:TrackPointExtension>
            <gpxtpx:hr>159</gpxtpx:hr>
          </gpxtpx:TrackPointExtension>
        </extensions>
      </trkpt>
      <trkpt lat="39.999362824921185" lon="116.47888298198845">
        <ele>36.77434519864619</ele>
        <time>2026-08-24T22:42:30.300000Z</time>
        <extensions>
          <gpxtpx:TrackPointExtension>
            <gpxtpx:hr>159</gpxtpx:hr>
          </gpxtpx:TrackPointExtension>
        </extensions>
      </trkpt>
      <trkpt lat="39.99937186972213" lon="116.4788691209511">
        <ele>36.76614180672914</ele>
        <time>2026-08-24T22:42:31.300000Z</time>
        <extensions>
          <gpxtpx:TrackPointExtension>
            <gpxtpx:hr>159</gpxtpx:hr>
          </gpxtpx:TrackPointExtension>
        </extensions>
      </trkpt>
      <trkpt lat="39.99938122190494" lon="116.4788558337025">
        <ele>36.7615464637056</ele>
        <time>2026-08-24T22:42:32.300000Z</time>
        <extensions>
          <gpxtpx:TrackPointExtension>
            <gpxtpx:hr>159</gpxtpx:hr>
          </gpxtpx:TrackPointExtension>
        </extensions>
      </trkpt>
      <trkpt lat="39.99939096086943" lon="116.47884306452268">
        <ele>36.76114303898066</ele>
        <time>2026-08-24T22:42:33.300000Z</time>
        <extensions>
          <gpxtpx:TrackPointExtension>
            <gpxtpx:hr>159</gpxtpx:hr>
          </gpxtpx:TrackPointExtension>
        </extensions>
      </trkpt>
      <trkpt lat="39.99940118120155" lon="116.47883083807557">
        <ele>36.764890051446855</ele>
        <time>2026-08-24T22:42:34.300000Z</time>
        <extensions>
          <gpxtpx:TrackPointExtension>
            <gpxtpx:hr>158</gpxtpx:hr>
          </gpxtpx:TrackPointExtension>
        </extensions>
      </trkpt>
      <trkpt lat="39.999412330490784" lon="116.47881978067998">
        <ele>36.772332669235766</ele>
        <time>2026-08-24T22:42:35.300000Z</time>
        <extensions>
          <gpxtpx:TrackPointExtension>
            <gpxtpx:hr>158</gpxtpx:hr>
          </gpxtpx:TrackPointExtension>
        </extensions>
      </trkpt>
      <trkpt lat="39.99942425702149" lon="116.4788098166665">
        <ele>36.78277406748384</ele>
        <time>2026-08-24T22:42:36.300000Z</time>
        <extensions>
          <gpxtpx:TrackPointExtension>
            <gpxtpx:hr>158</gpxtpx:hr>
          </gpxtpx:TrackPointExtension>
        </extensions>
      </trkpt>
      <trkpt lat="39.999436303365655" lon="116.47880019519415">
        <ele>36.79547357093543</ele>
        <time>2026-08-24T22:42:37.300000Z</time>
        <extensions>
          <gpxtpx:TrackPointExtension>
            <gpxtpx:hr>158</gpxtpx:hr>
          </gpxtpx:TrackPointExtension>
        </extensions>
      </trkpt>
      <trkpt lat="39.99944801864041" lon="116.47879030804845">
        <ele>36.80992801859975</ele>
        <time>2026-08-24T22:42:38.300000Z</time>
        <extensions>
          <gpxtpx:TrackPointExtension>
            <gpxtpx:hr>158</gpxtpx:hr>
          </gpxtpx:TrackPointExtension>
        </extensions>
      </trkpt>
      <trkpt lat="39.99945909552274" lon="116.47877953884192">
        <ele>36.826093333773315</ele>
        <time>2026-08-24T22:42:39.300000Z</time>
        <extensions>
          <gpxtpx:TrackPointExtension>
            <gpxtpx:hr>158</gpxtpx:hr>
          </gpxtpx:TrackPointExtension>
        </extensions>
      </trkpt>
      <trkpt lat="39.99946985399031" lon="116.47876805910303">
        <ele>36.84444494731724</ele>
        <time>2026-08-24T22:42:40.300000Z</time>
        <extensions>
          <gpxtpx:TrackPointExtension>
            <gpxtpx:hr>158</gpxtpx:hr>
          </gpxtpx:TrackPointExtension>
        </extensions>
      </trkpt>
      <trkpt lat="39.999480997384616" lon="116.47875658710453">
        <ele>36.86591091752052</ele>
        <time>2026-08-24T22:42:41.300000Z</time>
        <extensions>
          <gpxtpx:TrackPointExtension>
            <gpxtpx:hr>158</gpxtpx:hr>
          </gpxtpx:TrackPointExtension>
        </extensions>
      </trkpt>
      <trkpt lat="39.9994926685115" lon="116.47874591541414">
        <ele>36.8916834956035</ele>
        <time>2026-08-24T22:42:42.300000Z</time>
        <extensions>
          <gpxtpx:TrackPointExtension>
            <gpxtpx:hr>156</gpxtpx:hr>
          </gpxtpx:TrackPointExtension>
        </extensions>
      </trkpt>
      <trkpt lat="39.999504443413116" lon="116.47873667855478">
        <ele>36.922857507131994</ele>
        <time>2026-08-24T22:42:43.300000Z</time>
        <extensions>
          <gpxtpx:TrackPointExtension>
            <gpxtpx:hr>156</gpxtpx:hr>
          </gpxtpx:TrackPointExtension>
        </extensions>
      </trkpt>
      <trkpt lat="39.99951612822812" lon="116.47872975279151">
        <ele>36.959937177598476</ele>
        <time>2026-08-24T22:42:44.300000Z</time>
        <extensions>
          <gpxtpx:TrackPointExtension>
            <gpxtpx:hr>156</gpxtpx:hr>
          </gpxtpx:TrackPointExtension>
        </extensions>
      </trkpt>
      <trkpt lat="39.999532501240246" lon="116.47872077756374">
        <ele>37.02355612348765</ele>
        <time>2026-08-24T22:42:45.800000Z</time>
        <extensions>
          <gpxtpx:TrackPointExtension>
            <gpxtpx:hr>156</gpxtpx:hr>
          </gpxtpx:TrackPointExtension>
        </extensions>
      </trkpt>
      <trkpt lat="39.99954289174384" lon="116.47871234404822">
        <ele>37.070577362552285</ele>
        <time>2026-08-24T22:42:46.800000Z</time>
        <extensions>
          <gpxtpx:TrackPointExtension>
            <gpxtpx:hr>152</gpxtpx:hr>
          </gpxtpx:TrackPointExtension>
        </extensions>
      </trkpt>
      <trkpt lat="39.999552572238244" lon="116.47870090037944">
        <ele>37.117684236727655</ele>
        <time>2026-08-24T22:42:47.800000Z</time>
        <extensions>
          <gpxtpx:TrackPointExtension>
            <gpxtpx:hr>152</gpxtpx:hr>
          </gpxtpx:TrackPointExtension>
        </extensions>
      </trkpt>
      <trkpt lat="39.99956170529285" lon="116.47868729280988">
        <ele>37.16459327377379</ele>
        <time>2026-08-24T22:42:48.800000Z</time>
        <extensions>
          <gpxtpx:TrackPointExtension>
            <gpxtpx:hr>152</gpxtpx:hr>
          </gpxtpx:TrackPointExtension>
        </extensions>
      </trkpt>
      <trkpt lat="39.99957027370423" lon="116.47867223909005">
        <ele>37.21114310156554</ele>
        <time>2026-08-24T22:42:49.800000Z</time>
        <extensions>
          <gpxtpx:TrackPointExtension>
            <gpxtpx:hr>152</gpxtpx:hr>
          </gpxtpx:TrackPointExtension>
        </extensions>
      </trkpt>
      <trkpt lat="39.99957781996186" lon="116.4786559909487">
        <ele>37.25684529542923</ele>
        <time>2026-08-24T22:42:50.800000Z</time>
        <extensions>
          <gpxtpx:TrackPointExtension>
            <gpxtpx:hr>152</gpxtpx:hr>
          </gpxtpx:TrackPointExtension>
        </extensions>
      </trkpt>
      <trkpt lat="39.999584360785484" lon="116.47863904241747">
        <ele>37.30098178423941</ele>
        <time>2026-08-24T22:42:51.800000Z</time>
        <extensions>
          <gpxtpx:TrackPointExtension>
            <gpxtpx:hr>152</gpxtpx:hr>
          </gpxtpx:TrackPointExtension>
        </extensions>
      </trkpt>
      <trkpt lat="39.999590493561804" lon="116.47862187266446">
        <ele>37.34295439347625</ele>
        <time>2026-08-24T22:42:52.800000Z</time>
        <extensions>
          <gpxtpx:TrackPointExtension>
            <gpxtpx:hr>152</gpxtpx:hr>
          </gpxtpx:TrackPointExtension>
        </extensions>
      </trkpt>
      <trkpt lat="39.99959669655355" lon="116.47860498179278">
        <ele>37.38241155538708</ele>
        <time>2026-08-24T22:42:53.800000Z</time>
        <extensions>
          <gpxtpx:TrackPointExtension>
            <gpxtpx:hr>152</gpxtpx:hr>
          </gpxtpx:TrackPointExtension>
        </extensions>
      </trkpt>
      <trkpt lat="39.99960321126562" lon="116.47858895889495">
        <ele>37.41882800683379</ele>
        <time>2026-08-24T22:42:54.800000Z</time>
        <extensions>
          <gpxtpx:TrackPointExtension>
            <gpxtpx:hr>152</gpxtpx:hr>
          </gpxtpx:TrackPointExtension>
        </extensions>
      </trkpt>
      <trkpt lat="39.999610315754744" lon="116.47857417871299">
        <ele>37.45111819263548</ele>
        <time>2026-08-24T22:42:55.800000Z</time>
        <extensions>
          <gpxtpx:TrackPointExtension>
            <gpxtpx:hr>152</gpxtpx:hr>
          </gpxtpx:TrackPointExtension>
        </extensions>
      </trkpt>
      <trkpt lat="39.99961794558264" lon="116.478560664936">
        <ele>37.47834095545113</ele>
        <time>2026-08-24T22:42:56.800000Z</time>
        <extensions>
          <gpxtpx:TrackPointExtension>
            <gpxtpx:hr>152</gpxtpx:hr>
          </gpxtpx:TrackPointExtension>
        </extensions>
      </trkpt>
      <trkpt lat="39.99962564774179" lon="116.47854791031116">
        <ele>37.50068168994039</ele>
        <time>2026-08-24T22:42:57.800000Z</time>
        <extensions>
          <gpxtpx:TrackPointExtension>
            <gpxtpx:hr>152</gpxtpx:hr>
          </gpxtpx:TrackPointExtension>
        </extensions>
      </trkpt>
      <trkpt lat="39.999633237330734" lon="116.47853525289477">
        <ele>37.51923920121044</ele>
        <time>2026-08-24T22:42:58.800000Z</time>
        <extensions>
          <gpxtpx:TrackPointExtension>
            <gpxtpx:hr>152</gpxtpx:hr>
          </gpxtpx:TrackPointExtension>
        </extensions>
      </trkpt>
      <trkpt lat="39.999640791219704" lon="116.47852240770243">
        <ele>37.534844688139856</ele>
        <time>2026-08-24T22:42:59.800000Z</time>
        <extensions>
          <gpxtpx:TrackPointExtension>
            <gpxtpx:hr>152</gpxtpx:hr>
          </gpxtpx:TrackPointExtension>
        </extensions>
      </trkpt>
      <trkpt lat="39.99964840376551" lon="116.47850934803651">
        <ele>37.547212144359946</ele>
        <time>2026-08-24T22:43:00.800000Z</time>
        <extensions>
          <gpxtpx:TrackPointExtension>
            <gpxtpx:hr>152</gpxtpx:hr>
          </gpxtpx:TrackPointExtension>
        </extensions>
      </trkpt>
      <trkpt lat="39.99965615582068" lon="116.47849577590821">
        <ele>37.55504530668259</ele>
        <time>2026-08-24T22:43:01.700000Z</time>
        <extensions>
          <gpxtpx:TrackPointExtension>
            <gpxtpx:hr>152</gpxtpx:hr>
          </gpxtpx:TrackPointExtension>
        </extensions>
      </trkpt>
      <trkpt lat="39.99966394349953" lon="116.47848127232038">
        <ele>37.55658742971718</ele>
        <time>2026-08-24T22:43:02.700000Z</time>
        <extensions>
          <gpxtpx:TrackPointExtension>
            <gpxtpx:hr>152</gpxtpx:hr>
          </gpxtpx:TrackPointExtension>
        </extensions>
      </trkpt>
      <trkpt lat="39.99967143807178" lon="116.47846560901891">
        <ele>37.550125973299146</ele>
        <time>2026-08-24T22:43:03.700000Z</time>
        <extensions>
          <gpxtpx:TrackPointExtension>
            <gpxtpx:hr>150</gpxtpx:hr>
          </gpxtpx:TrackPointExtension>
        </extensions>
      </trkpt>
      <trkpt lat="39.99967845829333" lon="116.47844895280168">
        <ele>37.53423846513033</ele>
        <time>2026-08-24T22:43:04.700000Z</time>
        <extensions>
          <gpxtpx:TrackPointExtension>
            <gpxtpx:hr>150</gpxtpx:hr>
          </gpxtpx:TrackPointExtension>
        </extensions>
      </trkpt>
      <trkpt lat="39.99968510827875" lon="116.47843165528674">
        <ele>37.507826056331396</ele>
        <time>2026-08-24T22:43:05.700000Z</time>
        <extensions>
          <gpxtpx:TrackPointExtension>
            <gpxtpx:hr>150</gpxtpx:hr>
          </gpxtpx:TrackPointExtension>
        </extensions>
      </trkpt>
      <trkpt lat="39.999691939765036" lon="116.47841405688054">
        <ele>37.47051685024053</ele>
        <time>2026-08-24T22:43:06.700000Z</time>
        <extensions>
          <gpxtpx:TrackPointExtension>
            <gpxtpx:hr>150</gpxtpx:hr>
          </gpxtpx:TrackPointExtension>
        </extensions>
      </trkpt>
      <trkpt lat="39.99969950550864" lon="116.47839669581697">
        <ele>37.423446527682245</ele>
        <time>2026-08-24T22:43:07.700000Z</time>
        <extensions>
          <gpxtpx:TrackPointExtension>
            <gpxtpx:hr>150</gpxtpx:hr>
          </gpxtpx:TrackPointExtension>
        </extensions>
      </trkpt>
      <trkpt lat="39.99970774067557" lon="116.47837991042937">
        <ele>37.36953020095825</ele>
        <time>2026-08-24T22:43:08.700000Z</time>
        <extensions>
          <gpxtpx:TrackPointExtension>
            <gpxtpx:hr>150</gpxtpx:hr>
          </gpxtpx:TrackPointExtension>
        </extensions>
      </trkpt>
      <trkpt lat="39.99971645769104" lon="116.47836389279314">
        <ele>37.31277518719435</ele>
        <time>2026-08-24T22:43:09.700000Z</time>
        <extensions>
          <gpxtpx:TrackPointExtension>
            <gpxtpx:hr>150</gpxtpx:hr>
          </gpxtpx:TrackPointExtension>
        </extensions>
      </trkpt>
      <trkpt lat="39.999725618042824" lon="116.47834896077424">
        <ele>37.25697576161474</ele>
        <time>2026-08-24T22:43:10.700000Z</time>
        <extensions>
          <gpxtpx:TrackPointExtension>
            <gpxtpx:hr>149</gpxtpx:hr>
          </gpxtpx:TrackPointExtension>
        </extensions>
      </trkpt>
      <trkpt lat="39.99973512192121" lon="116.47833568149002">
        <ele>37.204720181412995</ele>
        <time>2026-08-24T22:43:11.700000Z</time>
        <extensions>
          <gpxtpx:TrackPointExtension>
            <gpxtpx:hr>149</gpxtpx:hr>
          </gpxtpx:TrackPointExtension>
        </extensions>
      </trkpt>
      <trkpt lat="39.99974462081302" lon="116.47832435232218">
        <ele>37.15742276329547</ele>
        <time>2026-08-24T22:43:12.700000Z</time>
        <extensions>
          <gpxtpx:TrackPointExtension>
            <gpxtpx:hr>149</gpxtpx:hr>
          </gpxtpx:TrackPointExtension>
        </extensions>
      </trkpt>
      <trkpt lat="39.99975387235596" lon="116.4783145428054">
        <ele>37.115975469350815</ele>
        <time>2026-08-24T22:43:13.700000Z</time>
        <extensions>
          <gpxtpx:TrackPointExtension>
            <gpxtpx:hr>149</gpxtpx:hr>
          </gpxtpx:TrackPointExtension>
        </extensions>
      </trkpt>
      <trkpt lat="39.99976273328768" lon="116.47830583313457">
        <ele>37.081257328391075</ele>
        <time>2026-08-24T22:43:14.700000Z</time>
        <extensions>
          <gpxtpx:TrackPointExtension>
            <gpxtpx:hr>149</gpxtpx:hr>
          </gpxtpx:TrackPointExtension>
        </extensions>
      </trkpt>
      <trkpt lat="39.99977067930896" lon="116.47829757122292">
        <ele>37.05413174815476</ele>
        <time>2026-08-24T22:43:15.700000Z</time>
        <extensions>
          <gpxtpx:TrackPointExtension>
            <gpxtpx:hr>149</gpxtpx:hr>
          </gpxtpx:TrackPointExtension>
        </extensions>
      </trkpt>
      <trkpt lat="39.999777309970185" lon="116.47828900549342">
        <ele>37.03528964705765</ele>
        <time>2026-08-24T22:43:16.700000Z</time>
        <extensions>
          <gpxtpx:TrackPointExtension>
            <gpxtpx:hr>149</gpxtpx:hr>
          </gpxtpx:TrackPointExtension>
        </extensions>
      </trkpt>
      <trkpt lat="39.999783010365796" lon="116.4782797902795">
        <ele>37.02537372801453</ele>
        <time>2026-08-24T22:43:17.700000Z</time>
        <extensions>
          <gpxtpx:TrackPointExtension>
            <gpxtpx:hr>147</gpxtpx:hr>
          </gpxtpx:TrackPointExtension>
        </extensions>
      </trkpt>
      <trkpt lat="39.999788387712236" lon="116.47826964769617">
        <ele>37.02484154608101</ele>
        <time>2026-08-24T22:43:18.700000Z</time>
        <extensions>
          <gpxtpx:TrackPointExtension>
            <gpxtpx:hr>147</gpxtpx:hr>
          </gpxtpx:TrackPointExtension>
        </extensions>
      </trkpt>
      <trkpt lat="39.999793708243295" lon="116.47825832682672">
        <ele>37.03361607156694</ele>
        <time>2026-08-24T22:43:19.700000Z</time>
        <extensions>
          <gpxtpx:TrackPointExtension>
            <gpxtpx:hr>147</gpxtpx:hr>
          </gpxtpx:TrackPointExtension>
        </extensions>
      </trkpt>
      <trkpt lat="39.99979912939046" lon="116.47824596276729">
        <ele>37.05111357662827</ele>
        <time>2026-08-24T22:43:20.700000Z</time>
        <extensions>
          <gpxtpx:TrackPointExtension>
            <gpxtpx:hr>147</gpxtpx:hr>
          </gpxtpx:TrackPointExtension>
        </extensions>
      </trkpt>
      <trkpt lat="39.999804848707164" lon="116.47823279701286">
        <ele>37.076305037364364</ele>
        <time>2026-08-24T22:43:21.700000Z</time>
        <extensions>
          <gpxtpx:TrackPointExtension>
            <gpxtpx:hr>146</gpxtpx:hr>
          </gpxtpx:TrackPointExtension>
        </extensions>
      </trkpt>
      <trkpt lat="39.99981113147227" lon="116.47821889683622">
        <ele>37.1079113939777</ele>
        <time>2026-08-24T22:43:22.700000Z</time>
        <extensions>
          <gpxtpx:TrackPointExtension>
            <gpxtpx:hr>146</gpxtpx:hr>
          </gpxtpx:TrackPointExtension>
        </extensions>
      </trkpt>
      <trkpt lat="39.99981812205402" lon="116.47820416397738">
        <ele>37.144808824174106</ele>
        <time>2026-08-24T22:43:23.700000Z</time>
        <extensions>
          <gpxtpx:TrackPointExtension>
            <gpxtpx:hr>146</gpxtpx:hr>
          </gpxtpx:TrackPointExtension>
        </extensions>
      </trkpt>
      <trkpt lat="39.999825895944234" lon="116.47818897231126">
        <ele>37.18598568625748</ele>
        <time>2026-08-24T22:43:24.700000Z</time>
        <extensions>
          <gpxtpx:TrackPointExtension>
            <gpxtpx:hr>146</gpxtpx:hr>
          </gpxtpx:TrackPointExtension>
        </extensions>
      </trkpt>
      <trkpt lat="39.999834187661314" lon="116.47817405293765">
        <ele>37.23040535673499</ele>
        <time>2026-08-24T22:43:25.700000Z</time>
        <extensions>
          <gpxtpx:TrackPointExtension>
            <gpxtpx:hr>146</gpxtpx:hr>
          </gpxtpx:TrackPointExtension>
        </extensions>
      </trkpt>
      <trkpt lat="39.99984271698924" lon="116.47815976086784">
        <ele>37.27684634178877</ele>
        <time>2026-08-24T22:43:26.700000Z</time>
        <extensions>
          <gpxtpx:TrackPointExtension>
            <gpxtpx:hr>146</gpxtpx:hr>
          </gpxtpx:TrackPointExtension>
        </extensions>
      </trkpt>
      <trkpt lat="39.99985137944881" lon="116.47814645709822">
        <ele>37.32381454389542</ele>
        <time>2026-08-24T22:43:27.700000Z</time>
        <extensions>
          <gpxtpx:TrackPointExtension>
            <gpxtpx:hr>146</gpxtpx:hr>
          </gpxtpx:TrackPointExtension>
        </extensions>
      </trkpt>
      <trkpt lat="39.999859928482216" lon="116.47813462779098">
        <ele>37.37010104954243</ele>
        <time>2026-08-24T22:43:28.700000Z</time>
        <extensions>
          <gpxtpx:TrackPointExtension>
            <gpxtpx:hr>148</gpxtpx:hr>
          </gpxtpx:TrackPointExtension>
        </extensions>
      </trkpt>
      <trkpt lat="39.99986791051523" lon="116.47812350605979">
        <ele>37.415520863607526</ele>
        <time>2026-08-24T22:43:29.700000Z</time>
        <extensions>
          <gpxtpx:TrackPointExtension>
            <gpxtpx:hr>148</gpxtpx:hr>
          </gpxtpx:TrackPointExtension>
        </extensions>
      </trkpt>
      <trkpt lat="39.99987506074486" lon="116.47811170364693">
        <ele>37.46080817095935</ele>
        <time>2026-08-24T22:43:30.700000Z</time>
        <extensions>
          <gpxtpx:TrackPointExtension>
            <gpxtpx:hr>148</gpxtpx:hr>
          </gpxtpx:TrackPointExtension>
        </extensions>
      </trkpt>
      <trkpt lat="39.99988145156315" lon="116.47809882926141">
        <ele>37.506595372222364</ele>
        <time>2026-08-24T22:43:31.700000Z</time>
        <extensions>
          <gpxtpx:TrackPointExtension>
            <gpxtpx:hr>148</gpxtpx:hr>
          </gpxtpx:TrackPointExtension>
        </extensions>
      </trkpt>
      <trkpt lat="39.9998873089033" lon="116.47808459967638">
        <ele>37.55290618818253</ele>
        <time>2026-08-24T22:43:32.700000Z</time>
        <extensions>
          <gpxtpx:TrackPointExtension>
            <gpxtpx:hr>148</gpxtpx:hr>
          </gpxtpx:TrackPointExtension>
        </extensions>
      </trkpt>
      <trkpt lat="39.9998929757121" lon="116.4780689975546">
        <ele>37.59944396652281</ele>
        <time>2026-08-24T22:43:33.700000Z</time>
        <extensions>
          <gpxtpx:TrackPointExtension>
            <gpxtpx:hr>148</gpxtpx:hr>
          </gpxtpx:TrackPointExtension>
        </extensions>
      </trkpt>
      <trkpt lat="39.999899007719996" lon="116.47805248591324">
        <ele>37.64588966872543</ele>
        <time>2026-08-24T22:43:34.700000Z</time>
        <extensions>
          <gpxtpx:TrackPointExtension>
            <gpxtpx:hr>147</gpxtpx:hr>
          </gpxtpx:TrackPointExtension>
        </extensions>
      </trkpt>
      <trkpt lat="39.99990659426536" lon="116.4780360512493">
        <ele>37.69197338540107</ele>
        <time>2026-08-24T22:43:35.700000Z</time>
        <extensions>
          <gpxtpx:TrackPointExtension>
            <gpxtpx:hr>147</gpxtpx:hr>
          </gpxtpx:TrackPointExtension>
        </extensions>
      </trkpt>
      <trkpt lat="39.999915664227935" lon="116.47802035021412">
        <ele>37.7372309025377</ele>
        <time>2026-08-24T22:43:36.700000Z</time>
        <extensions>
          <gpxtpx:TrackPointExtension>
            <gpxtpx:hr>147</gpxtpx:hr>
          </gpxtpx:TrackPointExtension>
        </extensions>
      </trkpt>
      <trkpt lat="39.99992576937759" lon="116.47800562803653">
        <ele>37.78096660133451</ele>
        <time>2026-08-24T22:43:37.700000Z</time>
        <extensions>
          <gpxtpx:TrackPointExtension>
            <gpxtpx:hr>147</gpxtpx:hr>
          </gpxtpx:TrackPointExtension>
        </extensions>
      </trkpt>
      <trkpt lat="39.99993619759684" lon="116.47799170636303">
        <ele>37.8225277652964</ele>
        <time>2026-08-24T22:43:38.700000Z</time>
        <extensions>
          <gpxtpx:TrackPointExtension>
            <gpxtpx:hr>145</gpxtpx:hr>
          </gpxtpx:TrackPointExtension>
        </extensions>
      </trkpt>
      <trkpt lat="39.99994632166507" lon="116.47797798772584">
        <ele>37.86138052213937</ele>
        <time>2026-08-24T22:43:39.700000Z</time>
        <extensions>
          <gpxtpx:TrackPointExtension>
            <gpxtpx:hr>145</gpxtpx:hr>
          </gpxtpx:TrackPointExtension>
        </extensions>
      </trkpt>
      <trkpt lat="39.999956055798265" lon="116.47796440899761">
        <ele>37.89703389722854</ele>
        <time>2026-08-24T22:43:40.700000Z</time>
        <extensions>
          <gpxtpx:TrackPointExtension>
            <gpxtpx:hr>145</gpxtpx:hr>
          </gpxtpx:TrackPointExtension>
        </extensions>
      </trkpt>
      <trkpt lat="39.99996555370349" lon="116.47795148210203">
        <ele>37.929012975655496</ele>
        <time>2026-08-24T22:43:41.700000Z</time>
        <extensions>
          <gpxtpx:TrackPointExtension>
            <gpxtpx:hr>145</gpxtpx:hr>
          </gpxtpx:TrackPointExtension>
        </extensions>
      </trkpt>
      <trkpt lat="39.9999747488146" lon="116.47793924218091">
        <ele>37.95693090651184</ele>
        <time>2026-08-24T22:43:42.700000Z</time>
        <extensions>
          <gpxtpx:TrackPointExtension>
            <gpxtpx:hr>145</gpxtpx:hr>
          </gpxtpx:TrackPointExtension>
        </extensions>
      </trkpt>
      <trkpt lat="39.99998348523897" lon="116.47792735922431">
        <ele>37.980587143450975</ele>
        <time>2026-08-24T22:43:43.700000Z</time>
        <extensions>
          <gpxtpx:TrackPointExtension>
            <gpxtpx:hr>145</gpxtpx:hr>
          </gpxtpx:TrackPointExtension>
        </extensions>
      </trkpt>
      <trkpt lat="39.99999216224582" lon="116.47791551198127">
        <ele>37.999916046857834</ele>
        <time>2026-08-24T22:43:44.700000Z</time>
        <extensions>
          <gpxtpx:TrackPointExtension>
            <gpxtpx:hr>143</gpxtpx:hr>
          </gpxtpx:TrackPointExtension>
        </extensions>
      </trkpt>
      <trkpt lat="40.00000122904401" lon="116.47790346007072">
        <ele>38.01493829488754</ele>
        <time>2026-08-24T22:43:45.700000Z</time>
        <extensions>
          <gpxtpx:TrackPointExtension>
            <gpxtpx:hr>143</gpxtpx:hr>
          </gpxtpx:TrackPointExtension>
        </extensions>
      </trkpt>
      <trkpt lat="40.000010576883945" lon="116.47789116601325">
        <ele>38.02582805417478</ele>
        <time>2026-08-24T22:43:46.700000Z</time>
        <extensions>
          <gpxtpx:TrackPointExtension>
            <gpxtpx:hr>143</gpxtpx:hr>
          </gpxtpx:TrackPointExtension>
        </extensions>
      </trkpt>
      <trkpt lat="40.0000199930591" lon="116.47787835742547">
        <ele>38.032665856182575</ele>
        <time>2026-08-24T22:43:47.700000Z</time>
        <extensions>
          <gpxtpx:TrackPointExtension>
            <gpxtpx:hr>143</gpxtpx:hr>
          </gpxtpx:TrackPointExtension>
        </extensions>
      </trkpt>
      <trkpt lat="40.00002950070767" lon="116.4778648518978">
        <ele>38.03513471595943</ele>
        <time>2026-08-24T22:43:48.700000Z</time>
        <extensions>
          <gpxtpx:TrackPointExtension>
            <gpxtpx:hr>143</gpxtpx:hr>
          </gpxtpx:TrackPointExtension>
        </extensions>
      </trkpt>
      <trkpt lat="40.0000391064026" lon="116.47785055405788">
        <ele>38.03250388801098</ele>
        <time>2026-08-24T22:43:49.700000Z</time>
        <extensions>
          <gpxtpx:TrackPointExtension>
            <gpxtpx:hr>143</gpxtpx:hr>
          </gpxtpx:TrackPointExtension>
        </extensions>
      </trkpt>
      <trkpt lat="40.00004893577569" lon="116.47783514182724">
        <ele>38.023972497321665</ele>
        <time>2026-08-24T22:43:50.700000Z</time>
        <extensions>
          <gpxtpx:TrackPointExtension>
            <gpxtpx:hr>143</gpxtpx:hr>
          </gpxtpx:TrackPointExtension>
        </extensions>
      </trkpt>
      <trkpt lat="40.000058988415624" lon="116.47781864455003">
        <ele>38.009173857048154</ele>
        <time>2026-08-24T22:43:51.700000Z</time>
        <extensions>
          <gpxtpx:TrackPointExtension>
            <gpxtpx:hr>143</gpxtpx:hr>
          </gpxtpx:TrackPointExtension>
        </extensions>
      </trkpt>
      <trkpt lat="40.000069260493696" lon="116.4778015717895">
        <ele>37.988409333862364</ele>
        <time>2026-08-24T22:43:52.700000Z</time>
        <extensions>
          <gpxtpx:TrackPointExtension>
            <gpxtpx:hr>143</gpxtpx:hr>
          </gpxtpx:TrackPointExtension>
        </extensions>
      </trkpt>
      <trkpt lat="40.00007947222875" lon="116.47778411903515">
        <ele>37.96245143935084</ele>
        <time>2026-08-24T22:43:53.700000Z</time>
        <extensions>
          <gpxtpx:TrackPointExtension>
            <gpxtpx:hr>143</gpxtpx:hr>
          </gpxtpx:TrackPointExtension>
        </extensions>
      </trkpt>
      <trkpt lat="40.00008945115211" lon="116.4777665463703">
        <ele>37.93216266203672</ele>
        <time>2026-08-24T22:43:54.700000Z</time>
        <extensions>
          <gpxtpx:TrackPointExtension>
            <gpxtpx:hr>143</gpxtpx:hr>
          </gpxtpx:TrackPointExtension>
        </extensions>
      </trkpt>
      <trkpt lat="40.00009898912082" lon="116.47774968547543">
        <ele>37.89815065916628</ele>
        <time>2026-08-24T22:43:55.600000Z</time>
        <extensions>
          <gpxtpx:TrackPointExtension>
            <gpxtpx:hr>142</gpxtpx:hr>
          </gpxtpx:TrackPointExtension>
        </extensions>
      </trkpt>
      <trkpt lat="40.00010798078032" lon="116.47773387062642">
        <ele>37.86032567732036</ele>
        <time>2026-08-24T22:43:56.600000Z</time>
        <extensions>
          <gpxtpx:TrackPointExtension>
            <gpxtpx:hr>142</gpxtpx:hr>
          </gpxtpx:TrackPointExtension>
        </extensions>
      </trkpt>
      <trkpt lat="40.00011654499485" lon="116.4777183900952">
        <ele>37.81781420111656</ele>
        <time>2026-08-24T22:43:57.600000Z</time>
        <extensions>
          <gpxtpx:TrackPointExtension>
            <gpxtpx:hr>142</gpxtpx:hr>
          </gpxtpx:TrackPointExtension>
        </extensions>
      </trkpt>
      <trkpt lat="40.0001246940301" lon="116.47770259360612">
        <ele>37.76921485643834</ele>
        <time>2026-08-24T22:43:58.600000Z</time>
        <extensions>
          <gpxtpx:TrackPointExtension>
            <gpxtpx:hr>141</gpxtpx:hr>
          </gpxtpx:TrackPointExtension>
        </extensions>
      </trkpt>
      <trkpt lat="40.00013227097077" lon="116.47768659226108">
        <ele>37.713003197684884</ele>
        <time>2026-08-24T22:43:59.600000Z</time>
        <extensions>
          <gpxtpx:TrackPointExtension>
            <gpxtpx:hr>141</gpxtpx:hr>
          </gpxtpx:TrackPointExtension>
        </extensions>
      </trkpt>
      <trkpt lat="40.00013848549832" lon="116.47766952019987">
        <ele>37.64858162030578</ele>
        <time>2026-08-24T22:44:00.600000Z</time>
        <extensions>
          <gpxtpx:TrackPointExtension>
            <gpxtpx:hr>141</gpxtpx:hr>
          </gpxtpx:TrackPointExtension>
        </extensions>
      </trkpt>
      <trkpt lat="40.00014375745832" lon="116.4776503713156">
        <ele>37.576772859320045</ele>
        <time>2026-08-24T22:44:01.600000Z</time>
        <extensions>
          <gpxtpx:TrackPointExtension>
            <gpxtpx:hr>141</gpxtpx:hr>
          </gpxtpx:TrackPointExtension>
        </extensions>
      </trkpt>
      <trkpt lat="40.00014912508401" lon="116.47762946994516">
        <ele>37.49885047506541</ele>
        <time>2026-08-24T22:44:02.600000Z</time>
        <extensions>
          <gpxtpx:TrackPointExtension>
            <gpxtpx:hr>139</gpxtpx:hr>
          </gpxtpx:TrackPointExtension>
        </extensions>
      </trkpt>
      <trkpt lat="40.000154802609735" lon="116.47760692718013">
        <ele>37.4157025963068</ele>
        <time>2026-08-24T22:44:03.600000Z</time>
        <extensions>
          <gpxtpx:TrackPointExtension>
            <gpxtpx:hr>139</gpxtpx:hr>
          </gpxtpx:TrackPointExtension>
        </extensions>
      </trkpt>
      <trkpt lat="40.00016110169599" lon="116.4775828551925">
        <ele>37.327890653163195</ele>
        <time>2026-08-24T22:44:04.600000Z</time>
        <extensions>
          <gpxtpx:TrackPointExtension>
            <gpxtpx:hr>139</gpxtpx:hr>
          </gpxtpx:TrackPointExtension>
        </extensions>
      </trkpt>
      <trkpt lat="40.00016751613525" lon="116.47755849571543">
        <ele>37.236039288342</ele>
        <time>2026-08-24T22:44:05.600000Z</time>
        <extensions>
          <gpxtpx:TrackPointExtension>
            <gpxtpx:hr>139</gpxtpx:hr>
          </gpxtpx:TrackPointExtension>
        </extensions>
      </trkpt>
      <trkpt lat="40.00017395173203" lon="116.47753464419557">
        <ele>37.141110324300826</ele>
        <time>2026-08-24T22:44:06.600000Z</time>
        <extensions>
          <gpxtpx:TrackPointExtension>
            <gpxtpx:hr>139</gpxtpx:hr>
          </gpxtpx:TrackPointExtension>
        </extensions>
      </trkpt>
      <trkpt lat="40.00018050982059" lon="116.47751104140666">
        <ele>37.045064149424434</ele>
        <time>2026-08-24T22:44:07.600000Z</time>
        <extensions>
          <gpxtpx:TrackPointExtension>
            <gpxtpx:hr>142</gpxtpx:hr>
          </gpxtpx:TrackPointExtension>
        </extensions>
      </trkpt>
      <trkpt lat="40.000187107624164" lon="116.47748749983234">
        <ele>36.951785140670836</ele>
        <time>2026-08-24T22:44:08.600000Z</time>
        <extensions>
          <gpxtpx:TrackPointExtension>
            <gpxtpx:hr>142</gpxtpx:hr>
          </gpxtpx:TrackPointExtension>
        </extensions>
      </trkpt>
      <trkpt lat="40.000193874673315" lon="116.4774634340618">
        <ele>36.866420787759125</ele>
        <time>2026-08-24T22:44:09.600000Z</time>
        <extensions>
          <gpxtpx:TrackPointExtension>
            <gpxtpx:hr>142</gpxtpx:hr>
          </gpxtpx:TrackPointExtension>
        </extensions>
      </trkpt>
      <trkpt lat="40.0002010128484" lon="116.47743789634455">
        <ele>36.79365028254688</ele>
        <time>2026-08-24T22:44:10.600000Z</time>
        <extensions>
          <gpxtpx:TrackPointExtension>
            <gpxtpx:hr>142</gpxtpx:hr>
          </gpxtpx:TrackPointExtension>
        </extensions>
      </trkpt>
      <trkpt lat="40.00020908002225" lon="116.47740933706918">
        <ele>36.73676483146846</ele>
        <time>2026-08-24T22:44:11.600000Z</time>
        <extensions>
          <gpxtpx:TrackPointExtension>
            <gpxtpx:hr>142</gpxtpx:hr>
          </gpxtpx:TrackPointExtension>
        </extensions>
      </trkpt>
      <trkpt lat="40.00021875678482" lon="116.47737622504985">
        <ele>36.69709619693458</ele>
        <time>2026-08-24T22:44:12.600000Z</time>
        <extensions>
          <gpxtpx:TrackPointExtension>
            <gpxtpx:hr>145</gpxtpx:hr>
          </gpxtpx:TrackPointExtension>
        </extensions>
      </trkpt>
      <trkpt lat="40.00022996930625" lon="116.47733915452679">
        <ele>36.67414554208517</ele>
        <time>2026-08-24T22:44:13.600000Z</time>
        <extensions>
          <gpxtpx:TrackPointExtension>
            <gpxtpx:hr>145</gpxtpx:hr>
          </gpxtpx:TrackPointExtension>
        </extensions>
      </trkpt>
      <trkpt lat="40.00024214167582" lon="116.47729973305161">
        <ele>36.66617185808718</ele>
        <time>2026-08-24T22:44:14.600000Z</time>
        <extensions>
          <gpxtpx:TrackPointExtension>
            <gpxtpx:hr>145</gpxtpx:hr>
          </gpxtpx:TrackPointExtension>
        </extensions>
      </trkpt>
      <trkpt lat="40.00025467640391" lon="116.47725895722505">
        <ele>36.6705304980278</ele>
        <time>2026-08-24T22:44:15.600000Z</time>
        <extensions>
          <gpxtpx:TrackPointExtension>
            <gpxtpx:hr>145</gpxtpx:hr>
          </gpxtpx:TrackPointExtension>
        </extensions>
      </trkpt>
      <trkpt lat="40.00026720477501" lon="116.47721747136727">
        <ele>36.684621644206345</ele>
        <time>2026-08-24T22:44:16.600000Z</time>
        <extensions>
          <gpxtpx:TrackPointExtension>
            <gpxtpx:hr>145</gpxtpx:hr>
          </gpxtpx:TrackPointExtension>
        </extensions>
      </trkpt>
      <trkpt lat="40.00027945639332" lon="116.47717578794769">
        <ele>36.706182803958654</ele>
        <time>2026-08-24T22:44:17.600000Z</time>
        <extensions>
          <gpxtpx:TrackPointExtension>
            <gpxtpx:hr>145</gpxtpx:hr>
          </gpxtpx:TrackPointExtension>
        </extensions>
      </trkpt>
      <trkpt lat="40.00029158961725" lon="116.47713461984998">
        <ele>36.73309912905097</ele>
        <time>2026-08-24T22:44:18.600000Z</time>
        <extensions>
          <gpxtpx:TrackPointExtension>
            <gpxtpx:hr>145</gpxtpx:hr>
          </gpxtpx:TrackPointExtension>
        </extensions>
      </trkpt>
      <trkpt lat="40.00030382655505" lon="116.4770943354611">
        <ele>36.76380273513496</ele>
        <time>2026-08-24T22:44:19.600000Z</time>
        <extensions>
          <gpxtpx:TrackPointExtension>
            <gpxtpx:hr>152</gpxtpx:hr>
          </gpxtpx:TrackPointExtension>
        </extensions>
      </trkpt>
      <trkpt lat="40.00031615354232" lon="116.47705476156499">
        <ele>36.79740776587278</ele>
        <time>2026-08-24T22:44:20.600000Z</time>
        <extensions>
          <gpxtpx:TrackPointExtension>
            <gpxtpx:hr>152</gpxtpx:hr>
          </gpxtpx:TrackPointExtension>
        </extensions>
      </trkpt>
      <trkpt lat="40.000328713893516" lon="116.4770155456662">
        <ele>36.83353348542005</ele>
        <time>2026-08-24T22:44:21.600000Z</time>
        <extensions>
          <gpxtpx:TrackPointExtension>
            <gpxtpx:hr>152</gpxtpx:hr>
          </gpxtpx:TrackPointExtension>
        </extensions>
      </trkpt>
      <trkpt lat="40.00034151493226" lon="116.47697643522449">
        <ele>36.87165751494467</ele>
        <time>2026-08-24T22:44:22.600000Z</time>
        <extensions>
          <gpxtpx:TrackPointExtension>
            <gpxtpx:hr>152</gpxtpx:hr>
          </gpxtpx:TrackPointExtension>
        </extensions>
      </trkpt>
      <trkpt lat="40.00035467300308" lon="116.47693775901877">
        <ele>36.910626905970275</ele>
        <time>2026-08-24T22:44:23.600000Z</time>
        <extensions>
          <gpxtpx:TrackPointExtension>
            <gpxtpx:hr>152</gpxtpx:hr>
          </gpxtpx:TrackPointExtension>
        </extensions>
      </trkpt>
      <trkpt lat="40.00036891344079" lon="116.47689999445575">
        <ele>36.94906516838819</ele>
        <time>2026-08-24T22:44:24.600000Z</time>
        <extensions>
          <gpxtpx:TrackPointExtension>
            <gpxtpx:hr>152</gpxtpx:hr>
          </gpxtpx:TrackPointExtension>
        </extensions>
      </trkpt>
      <trkpt lat="40.00038313206555" lon="116.47686193361442">
        <ele>36.986193609423935</ele>
        <time>2026-08-24T22:44:25.600000Z</time>
        <extensions>
          <gpxtpx:TrackPointExtension>
            <gpxtpx:hr>156</gpxtpx:hr>
          </gpxtpx:TrackPointExtension>
        </extensions>
      </trkpt>
      <trkpt lat="40.00039580099109" lon="116.47682221829508">
        <ele>37.02213993668556</ele>
        <time>2026-08-24T22:44:26.600000Z</time>
        <extensions>
          <gpxtpx:TrackPointExtension>
            <gpxtpx:hr>156</gpxtpx:hr>
          </gpxtpx:TrackPointExtension>
        </extensions>
      </trkpt>
      <trkpt lat="40.000407641382196" lon="116.47678096837788">
        <ele>37.05672349408269</ele>
        <time>2026-08-24T22:44:27.600000Z</time>
        <extensions>
          <gpxtpx:TrackPointExtension>
            <gpxtpx:hr>156</gpxtpx:hr>
          </gpxtpx:TrackPointExtension>
        </extensions>
      </trkpt>
      <trkpt lat="40.00041916250144" lon="116.47673875305352">
        <ele>37.088772516697645</ele>
        <time>2026-08-24T22:44:28.600000Z</time>
        <extensions>
          <gpxtpx:TrackPointExtension>
            <gpxtpx:hr>156</gpxtpx:hr>
          </gpxtpx:TrackPointExtension>
        </extensions>
      </trkpt>
      <trkpt lat="40.00043067221355" lon="116.47669642025055">
        <ele>37.117063037119806</ele>
        <time>2026-08-24T22:44:29.600000Z</time>
        <extensions>
          <gpxtpx:TrackPointExtension>
            <gpxtpx:hr>158</gpxtpx:hr>
          </gpxtpx:TrackPointExtension>
        </extensions>
      </trkpt>
      <trkpt lat="40.00044198101609" lon="116.47665441080754">
        <ele>37.14063560497016</ele>
        <time>2026-08-24T22:44:30.600000Z</time>
        <extensions>
          <gpxtpx:TrackPointExtension>
            <gpxtpx:hr>158</gpxtpx:hr>
          </gpxtpx:TrackPointExtension>
        </extensions>
      </trkpt>
      <trkpt lat="40.000452656581814" lon="116.47661273302765">
        <ele>37.15907959546894</ele>
        <time>2026-08-24T22:44:31.600000Z</time>
        <extensions>
          <gpxtpx:TrackPointExtension>
            <gpxtpx:hr>158</gpxtpx:hr>
          </gpxtpx:TrackPointExtension>
        </extensions>
      </trkpt>
      <trkpt lat="40.00046262215829" lon="116.47657136382917">
        <ele>37.17328870296478</ele>
        <time>2026-08-24T22:44:32.600000Z</time>
        <extensions>
          <gpxtpx:TrackPointExtension>
            <gpxtpx:hr>159</gpxtpx:hr>
          </gpxtpx:TrackPointExtension>
        </extensions>
      </trkpt>
      <trkpt lat="40.00047222290456" lon="116.4765304391771">
        <ele>37.18516297824681</ele>
        <time>2026-08-24T22:44:33.600000Z</time>
        <extensions>
          <gpxtpx:TrackPointExtension>
            <gpxtpx:hr>159</gpxtpx:hr>
          </gpxtpx:TrackPointExtension>
        </extensions>
      </trkpt>
      <trkpt lat="40.00048180141952" lon="116.47649004588294">
        <ele>37.19669515825808</ele>
        <time>2026-08-24T22:44:34.600000Z</time>
        <extensions>
          <gpxtpx:TrackPointExtension>
            <gpxtpx:hr>159</gpxtpx:hr>
          </gpxtpx:TrackPointExtension>
        </extensions>
      </trkpt>
      <trkpt lat="40.000491491116826" lon="116.47645006757988">
        <ele>37.20938816759735</ele>
        <time>2026-08-24T22:44:35.600000Z</time>
        <extensions>
          <gpxtpx:TrackPointExtension>
            <gpxtpx:hr>159</gpxtpx:hr>
          </gpxtpx:TrackPointExtension>
        </extensions>
      </trkpt>
      <trkpt lat="40.00050145578619" lon="116.47641027608113">
        <ele>37.22394572477788</ele>
        <time>2026-08-24T22:44:36.600000Z</time>
        <extensions>
          <gpxtpx:TrackPointExtension>
            <gpxtpx:hr>159</gpxtpx:hr>
          </gpxtpx:TrackPointExtension>
        </extensions>
      </trkpt>
      <trkpt lat="40.00051169598287" lon="116.47637085640037">
        <ele>37.240357047878206</ele>
        <time>2026-08-24T22:44:37.600000Z</time>
        <extensions>
          <gpxtpx:TrackPointExtension>
            <gpxtpx:hr>159</gpxtpx:hr>
          </gpxtpx:TrackPointExtension>
        </extensions>
      </trkpt>
      <trkpt lat="40.000522240597924" lon="116.47633168727641">
        <ele>37.25821027811617</ele>
        <time>2026-08-24T22:44:38.600000Z</time>
        <extensions>
          <gpxtpx:TrackPointExtension>
            <gpxtpx:hr>165</gpxtpx:hr>
          </gpxtpx:TrackPointExtension>
        </extensions>
      </trkpt>
      <trkpt lat="40.00053339167877" lon="116.4762924840286">
        <ele>37.277119467034936</ele>
        <time>2026-08-24T22:44:39.600000Z</time>
        <extensions>
          <gpxtpx:TrackPointExtension>
            <gpxtpx:hr>165</gpxtpx:hr>
          </gpxtpx:TrackPointExtension>
        </extensions>
      </trkpt>
      <trkpt lat="40.00054495744973" lon="116.47625340004232">
        <ele>37.29724084306508</ele>
        <time>2026-08-24T22:44:40.600000Z</time>
        <extensions>
          <gpxtpx:TrackPointExtension>
            <gpxtpx:hr>165</gpxtpx:hr>
          </gpxtpx:TrackPointExtension>
        </extensions>
      </trkpt>
      <trkpt lat="40.00055668142329" lon="116.47621433455917">
        <ele>37.318983713164926</ele>
        <time>2026-08-24T22:44:41.600000Z</time>
        <extensions>
          <gpxtpx:TrackPointExtension>
            <gpxtpx:hr>165</gpxtpx:hr>
          </gpxtpx:TrackPointExtension>
        </extensions>
      </trkpt>
      <trkpt lat="40.00056825765385" lon="116.47617514135962">
        <ele>37.34244504477829</ele>
        <time>2026-08-24T22:44:42.600000Z</time>
        <extensions>
          <gpxtpx:TrackPointExtension>
            <gpxtpx:hr>165</gpxtpx:hr>
          </gpxtpx:TrackPointExtension>
        </extensions>
      </trkpt>
      <trkpt lat="40.00057954758006" lon="116.47613559609142">
        <ele>37.367046165280044</ele>
        <time>2026-08-24T22:44:43.600000Z</time>
        <extensions>
          <gpxtpx:TrackPointExtension>
            <gpxtpx:hr>165</gpxtpx:hr>
          </gpxtpx:TrackPointExtension>
        </extensions>
      </trkpt>
      <trkpt lat="40.0005906395664" lon="116.47609543974407">
        <ele>37.391454581171274</ele>
        <time>2026-08-24T22:44:44.600000Z</time>
        <extensions>
          <gpxtpx:TrackPointExtension>
            <gpxtpx:hr>165</gpxtpx:hr>
          </gpxtpx:TrackPointExtension>
        </extensions>
      </trkpt>
      <trkpt lat="40.000601206795295" lon="116.47605492532685">
        <ele>37.414674502797425</ele>
        <time>2026-08-24T22:44:45.600000Z</time>
        <extensions>
          <gpxtpx:TrackPointExtension>
            <gpxtpx:hr>166</gpxtpx:hr>
          </gpxtpx:TrackPointExtension>
        </extensions>
      </trkpt>
      <trkpt lat="40.00061102206262" lon="116.47601446313973">
        <ele>37.436206040903926</ele>
        <time>2026-08-24T22:44:46.600000Z</time>
        <extensions>
          <gpxtpx:TrackPointExtension>
            <gpxtpx:hr>166</gpxtpx:hr>
          </gpxtpx:TrackPointExtension>
        </extensions>
      </trkpt>
      <trkpt lat="40.00062017295841" lon="116.47597427782216">
        <ele>37.4556932291016</ele>
        <time>2026-08-24T22:44:47.600000Z</time>
        <extensions>
          <gpxtpx:TrackPointExtension>
            <gpxtpx:hr>166</gpxtpx:hr>
          </gpxtpx:TrackPointExtension>
        </extensions>
      </trkpt>
      <trkpt lat="40.000628835952284" lon="116.47593420152826">
        <ele>37.47334258351475</ele>
        <time>2026-08-24T22:44:48.600000Z</time>
        <extensions>
          <gpxtpx:TrackPointExtension>
            <gpxtpx:hr>166</gpxtpx:hr>
          </gpxtpx:TrackPointExtension>
        </extensions>
      </trkpt>
      <trkpt lat="40.00063710046817" lon="116.47589397597635">
        <ele>37.489745862782</ele>
        <time>2026-08-24T22:44:49.600000Z</time>
        <extensions>
          <gpxtpx:TrackPointExtension>
            <gpxtpx:hr>166</gpxtpx:hr>
          </gpxtpx:TrackPointExtension>
        </extensions>
      </trkpt>
      <trkpt lat="40.000644998428285" lon="116.47585327433778">
        <ele>37.50587445963174</ele>
        <time>2026-08-24T22:44:50.500000Z</time>
        <extensions>
          <gpxtpx:TrackPointExtension>
            <gpxtpx:hr>168</gpxtpx:hr>
          </gpxtpx:TrackPointExtension>
        </extensions>
      </trkpt>
      <trkpt lat="40.00065229828128" lon="116.47581180611121">
        <ele>37.523235521279275</ele>
        <time>2026-08-24T22:44:51.500000Z</time>
        <extensions>
          <gpxtpx:TrackPointExtension>
            <gpxtpx:hr>168</gpxtpx:hr>
          </gpxtpx:TrackPointExtension>
        </extensions>
      </trkpt>
      <trkpt lat="40.00065863364377" lon="116.47576951635583">
        <ele>37.54333978984505</ele>
        <time>2026-08-24T22:44:52.500000Z</time>
        <extensions>
          <gpxtpx:TrackPointExtension>
            <gpxtpx:hr>168</gpxtpx:hr>
          </gpxtpx:TrackPointExtension>
        </extensions>
      </trkpt>
      <trkpt lat="40.00066379114699" lon="116.4757265396494">
        <ele>37.56687626428902</ele>
        <time>2026-08-24T22:44:53.500000Z</time>
        <extensions>
          <gpxtpx:TrackPointExtension>
            <gpxtpx:hr>169</gpxtpx:hr>
          </gpxtpx:TrackPointExtension>
        </extensions>
      </trkpt>
      <trkpt lat="40.000667363485476" lon="116.47568296460952">
        <ele>37.59316141996533</ele>
        <time>2026-08-24T22:44:54.500000Z</time>
        <extensions>
          <gpxtpx:TrackPointExtension>
            <gpxtpx:hr>169</gpxtpx:hr>
          </gpxtpx:TrackPointExtension>
        </extensions>
      </trkpt>
      <trkpt lat="40.00067018224607" lon="116.47563899772614">
        <ele>37.62035814486444</ele>
        <time>2026-08-24T22:44:55.500000Z</time>
        <extensions>
          <gpxtpx:TrackPointExtension>
            <gpxtpx:hr>169</gpxtpx:hr>
          </gpxtpx:TrackPointExtension>
        </extensions>
      </trkpt>
      <trkpt lat="40.00067317117116" lon="116.47559534668761">
        <ele>37.64666850771755</ele>
        <time>2026-08-24T22:44:56.500000Z</time>
        <extensions>
          <gpxtpx:TrackPointExtension>
            <gpxtpx:hr>169</gpxtpx:hr>
          </gpxtpx:TrackPointExtension>
        </extensions>
      </trkpt>
      <trkpt lat="40.00067592986296" lon="116.47555260119137">
        <ele>37.6714267199859</ele>
        <time>2026-08-24T22:44:57.500000Z</time>
        <extensions>
          <gpxtpx:TrackPointExtension>
            <gpxtpx:hr>171</gpxtpx:hr>
          </gpxtpx:TrackPointExtension>
        </extensions>
      </trkpt>
      <trkpt lat="40.0006781999262" lon="116.47551072625038">
        <ele>37.69476623553783</ele>
        <time>2026-08-24T22:44:58.500000Z</time>
        <extensions>
          <gpxtpx:TrackPointExtension>
            <gpxtpx:hr>171</gpxtpx:hr>
          </gpxtpx:TrackPointExtension>
        </extensions>
      </trkpt>
      <trkpt lat="40.00068018872616" lon="116.47546929372405">
        <ele>37.717019281350076</ele>
        <time>2026-08-24T22:44:59.500000Z</time>
        <extensions>
          <gpxtpx:TrackPointExtension>
            <gpxtpx:hr>171</gpxtpx:hr>
          </gpxtpx:TrackPointExtension>
        </extensions>
      </trkpt>
      <trkpt lat="40.00068227483826" lon="116.47542812678891">
        <ele>37.7382957553491</ele>
        <time>2026-08-24T22:45:00.500000Z</time>
        <extensions>
          <gpxtpx:TrackPointExtension>
            <gpxtpx:hr>171</gpxtpx:hr>
          </gpxtpx:TrackPointExtension>
        </extensions>
      </trkpt>
      <trkpt lat="40.00068470238153" lon="116.47538727731018">
        <ele>37.758402741514146</ele>
        <time>2026-08-24T22:45:01.500000Z</time>
        <extensions>
          <gpxtpx:TrackPointExtension>
            <gpxtpx:hr>171</gpxtpx:hr>
          </gpxtpx:TrackPointExtension>
        </extensions>
      </trkpt>
      <trkpt lat="40.00068755745585" lon="116.47534694610731">
        <ele>37.777193372137845</ele>
        <time>2026-08-24T22:45:02.500000Z</time>
        <extensions>
          <gpxtpx:TrackPointExtension>
            <gpxtpx:hr>171</gpxtpx:hr>
          </gpxtpx:TrackPointExtension>
        </extensions>
      </trkpt>
      <trkpt lat="40.000690840387485" lon="116.47530738826029">
        <ele>37.79416058212519</ele>
        <time>2026-08-24T22:45:03.500000Z</time>
        <extensions>
          <gpxtpx:TrackPointExtension>
            <gpxtpx:hr>174</gpxtpx:hr>
          </gpxtpx:TrackPointExtension>
        </extensions>
      </trkpt>
      <trkpt lat="40.00069442475502" lon="116.4752682721632">
        <ele>37.80811659991741</ele>
        <time>2026-08-24T22:45:04.500000Z</time>
        <extensions>
          <gpxtpx:TrackPointExtension>
            <gpxtpx:hr>174</gpxtpx:hr>
          </gpxtpx:TrackPointExtension>
        </extensions>
      </trkpt>
      <trkpt lat="40.000698156547145" lon="116.47522923167283">
        <ele>37.81753724440932</ele>
        <time>2026-08-24T22:45:05.500000Z</time>
        <extensions>
          <gpxtpx:TrackPointExtension>
            <gpxtpx:hr>174</gpxtpx:hr>
          </gpxtpx:TrackPointExtension>
        </extensions>
      </trkpt>
      <trkpt lat="40.000701898243626" lon="116.47518994147401">
        <ele>37.821184943430126</ele>
        <time>2026-08-24T22:45:06.500000Z</time>
        <extensions>
          <gpxtpx:TrackPointExtension>
            <gpxtpx:hr>174</gpxtpx:hr>
          </gpxtpx:TrackPointExtension>
        </extensions>
      </trkpt>
      <trkpt lat="40.000705703941215" lon="116.47515029036484">
        <ele>37.81839157361537</ele>
        <time>2026-08-24T22:45:07.500000Z</time>
        <extensions>
          <gpxtpx:TrackPointExtension>
            <gpxtpx:hr>174</gpxtpx:hr>
          </gpxtpx:TrackPointExtension>
        </extensions>
      </trkpt>
      <trkpt lat="40.00070971295968" lon="116.47511028083349">
        <ele>37.80844147969037</ele>
        <time>2026-08-24T22:45:08.500000Z</time>
        <extensions>
          <gpxtpx:TrackPointExtension>
            <gpxtpx:hr>174</gpxtpx:hr>
          </gpxtpx:TrackPointExtension>
        </extensions>
      </trkpt>
      <trkpt lat="40.00071344234774" lon="116.47506999757499">
        <ele>37.7904239743948</ele>
        <time>2026-08-24T22:45:09.500000Z</time>
        <extensions>
          <gpxtpx:TrackPointExtension>
            <gpxtpx:hr>176</gpxtpx:hr>
          </gpxtpx:TrackPointExtension>
        </extensions>
      </trkpt>
      <trkpt lat="40.00071683695816" lon="116.47502971264159">
        <ele>37.763659660704434</ele>
        <time>2026-08-24T22:45:10.500000Z</time>
        <extensions>
          <gpxtpx:TrackPointExtension>
            <gpxtpx:hr>176</gpxtpx:hr>
          </gpxtpx:TrackPointExtension>
        </extensions>
      </trkpt>
      <trkpt lat="40.00072010548128" lon="116.47498978007715">
        <ele>37.728138256818056</ele>
        <time>2026-08-24T22:45:11.500000Z</time>
        <extensions>
          <gpxtpx:TrackPointExtension>
            <gpxtpx:hr>176</gpxtpx:hr>
          </gpxtpx:TrackPointExtension>
        </extensions>
      </trkpt>
      <trkpt lat="40.00072321805353" lon="116.47495031087239">
        <ele>37.6849981341511</ele>
        <time>2026-08-24T22:45:12.500000Z</time>
        <extensions>
          <gpxtpx:TrackPointExtension>
            <gpxtpx:hr>176</gpxtpx:hr>
          </gpxtpx:TrackPointExtension>
        </extensions>
      </trkpt>
      <trkpt lat="40.00072621919515" lon="116.47491111885564">
        <ele>37.63591900281608</ele>
        <time>2026-08-24T22:45:13.500000Z</time>
        <extensions>
          <gpxtpx:TrackPointExtension>
            <gpxtpx:hr>176</gpxtpx:hr>
          </gpxtpx:TrackPointExtension>
        </extensions>
      </trkpt>
      <trkpt lat="40.00072912410985" lon="116.47487184441923">
        <ele>37.58251908887178</ele>
        <time>2026-08-24T22:45:14.500000Z</time>
        <extensions>
          <gpxtpx:TrackPointExtension>
            <gpxtpx:hr>176</gpxtpx:hr>
          </gpxtpx:TrackPointExtension>
        </extensions>
      </trkpt>
      <trkpt lat="40.00073221163037" lon="116.47483240611572">
        <ele>37.526903233490884</ele>
        <time>2026-08-24T22:45:15.500000Z</time>
        <extensions>
          <gpxtpx:TrackPointExtension>
            <gpxtpx:hr>177</gpxtpx:hr>
          </gpxtpx:TrackPointExtension>
        </extensions>
      </trkpt>
      <trkpt lat="40.000735907752436" lon="116.47479307751274">
        <ele>37.471584709361196</ele>
        <time>2026-08-24T22:45:16.500000Z</time>
        <extensions>
          <gpxtpx:TrackPointExtension>
            <gpxtpx:hr>177</gpxtpx:hr>
          </gpxtpx:TrackPointExtension>
        </extensions>
      </trkpt>
      <trkpt lat="40.000739801662625" lon="116.47475382672656">
        <ele>37.41872547287494</ele>
        <time>2026-08-24T22:45:17.500000Z</time>
        <extensions>
          <gpxtpx:TrackPointExtension>
            <gpxtpx:hr>177</gpxtpx:hr>
          </gpxtpx:TrackPointExtension>
        </extensions>
      </trkpt>
      <trkpt lat="40.000743232892816" lon="116.47471456724102">
        <ele>37.370087946765125</ele>
        <time>2026-08-24T22:45:18.500000Z</time>
        <extensions>
          <gpxtpx:TrackPointExtension>
            <gpxtpx:hr>177</gpxtpx:hr>
          </gpxtpx:TrackPointExtension>
        </extensions>
      </trkpt>
      <trkpt lat="40.00074631250802" lon="116.47467504046925">
        <ele>37.32714359648526</ele>
        <time>2026-08-24T22:45:19.500000Z</time>
        <extensions>
          <gpxtpx:TrackPointExtension>
            <gpxtpx:hr>177</gpxtpx:hr>
          </gpxtpx:TrackPointExtension>
        </extensions>
      </trkpt>
      <trkpt lat="40.00074946456362" lon="116.47463515112408">
        <ele>37.29101760778576</ele>
        <time>2026-08-24T22:45:20.500000Z</time>
        <extensions>
          <gpxtpx:TrackPointExtension>
            <gpxtpx:hr>177</gpxtpx:hr>
          </gpxtpx:TrackPointExtension>
        </extensions>
      </trkpt>
      <trkpt lat="40.00075308583871" lon="116.47459514873741">
        <ele>37.26275209989399</ele>
        <time>2026-08-24T22:45:21.500000Z</time>
        <extensions>
          <gpxtpx:TrackPointExtension>
            <gpxtpx:hr>177</gpxtpx:hr>
          </gpxtpx:TrackPointExtension>
        </extensions>
      </trkpt>
      <trkpt lat="40.00075714506277" lon="116.47455496243344">
        <ele>37.24377936311066</ele>
        <time>2026-08-24T22:45:22.500000Z</time>
        <extensions>
          <gpxtpx:TrackPointExtension>
            <gpxtpx:hr>177</gpxtpx:hr>
          </gpxtpx:TrackPointExtension>
        </extensions>
      </trkpt>
      <trkpt lat="40.00076150234926" lon="116.47451429302015">
        <ele>37.236565137282014</ele>
        <time>2026-08-24T22:45:23.500000Z</time>
        <extensions>
          <gpxtpx:TrackPointExtension>
            <gpxtpx:hr>177</gpxtpx:hr>
          </gpxtpx:TrackPointExtension>
        </extensions>
      </trkpt>
      <trkpt lat="40.00076507678197" lon="116.47447992892215">
        <ele>37.241042794659734</ele>
        <time>2026-08-24T22:45:24.300000Z</time>
        <extensions>
          <gpxtpx:TrackPointExtension>
            <gpxtpx:hr>177</gpxtpx:hr>
          </gpxtpx:TrackPointExtension>
        </extensions>
      </trkpt>
      <trkpt lat="40.00076901635387" lon="116.4744308177353">
        <ele>37.26515916734934</ele>
        <time>2026-08-24T22:45:25.500000Z</time>
        <extensions>
          <gpxtpx:TrackPointExtension>
            <gpxtpx:hr>177</gpxtpx:hr>
          </gpxtpx:TrackPointExtension>
        </extensions>
      </trkpt>
      <trkpt lat="40.00077118971453" lon="116.47438905211907">
        <ele>37.29787447862327</ele>
        <time>2026-08-24T22:45:26.500000Z</time>
        <extensions>
          <gpxtpx:TrackPointExtension>
            <gpxtpx:hr>177</gpxtpx:hr>
          </gpxtpx:TrackPointExtension>
        </extensions>
      </trkpt>
      <trkpt lat="40.0007724951226" lon="116.47434828553598">
        <ele>37.33368426002562</ele>
        <time>2026-08-24T22:45:27.500000Z</time>
        <extensions>
          <gpxtpx:TrackPointExtension>
            <gpxtpx:hr>177</gpxtpx:hr>
          </gpxtpx:TrackPointExtension>
        </extensions>
      </trkpt>
      <trkpt lat="40.000773310479985" lon="116.47430830326776">
        <ele>37.368534836918116</ele>
        <time>2026-08-24T22:45:28.500000Z</time>
        <extensions>
          <gpxtpx:TrackPointExtension>
            <gpxtpx:hr>177</gpxtpx:hr>
          </gpxtpx:TrackPointExtension>
        </extensions>
      </trkpt>
      <trkpt lat="40.000773972947705" lon="116.47426840099108">
        <ele>37.400500470772386</ele>
        <time>2026-08-24T22:45:29.500000Z</time>
        <extensions>
          <gpxtpx:TrackPointExtension>
            <gpxtpx:hr>181</gpxtpx:hr>
          </gpxtpx:TrackPointExtension>
        </extensions>
      </trkpt>
      <trkpt lat="40.0007746311308" lon="116.47422833820795">
        <ele>37.42959055677056</ele>
        <time>2026-08-24T22:45:30.500000Z</time>
        <extensions>
          <gpxtpx:TrackPointExtension>
            <gpxtpx:hr>181</gpxtpx:hr>
          </gpxtpx:TrackPointExtension>
        </extensions>
      </trkpt>
      <trkpt lat="40.000775340361805" lon="116.47418833339577">
        <ele>37.4569315481931</ele>
        <time>2026-08-24T22:45:31.500000Z</time>
        <extensions>
          <gpxtpx:TrackPointExtension>
            <gpxtpx:hr>181</gpxtpx:hr>
          </gpxtpx:TrackPointExtension>
        </extensions>
      </trkpt>
      <trkpt lat="40.000776107319346" lon="116.47414837145647">
        <ele>37.48327494505793</ele>
        <time>2026-08-24T22:45:32.500000Z</time>
        <extensions>
          <gpxtpx:TrackPointExtension>
            <gpxtpx:hr>181</gpxtpx:hr>
          </gpxtpx:TrackPointExtension>
        </extensions>
      </trkpt>
      <trkpt lat="40.00077700805665" lon="116.47410841118898">
        <ele>37.50821513403207</ele>
        <time>2026-08-24T22:45:33.500000Z</time>
        <extensions>
          <gpxtpx:TrackPointExtension>
            <gpxtpx:hr>181</gpxtpx:hr>
          </gpxtpx:TrackPointExtension>
        </extensions>
      </trkpt>
      <trkpt lat="40.00077798752624" lon="116.47406870150866">
        <ele>37.53111931774765</ele>
        <time>2026-08-24T22:45:34.500000Z</time>
        <extensions>
          <gpxtpx:TrackPointExtension>
            <gpxtpx:hr>181</gpxtpx:hr>
          </gpxtpx:TrackPointExtension>
        </extensions>
      </trkpt>
      <trkpt lat="40.00077864703374" lon="116.47402945743633">
        <ele>37.5519251273945</ele>
        <time>2026-08-24T22:45:35.500000Z</time>
        <extensions>
          <gpxtpx:TrackPointExtension>
            <gpxtpx:hr>180</gpxtpx:hr>
          </gpxtpx:TrackPointExtension>
        </extensions>
      </trkpt>
      <trkpt lat="40.000778710574565" lon="116.47399105945807">
        <ele>37.57078979536891</ele>
        <time>2026-08-24T22:45:36.500000Z</time>
        <extensions>
          <gpxtpx:TrackPointExtension>
            <gpxtpx:hr>180</gpxtpx:hr>
          </gpxtpx:TrackPointExtension>
        </extensions>
      </trkpt>
      <trkpt lat="40.00077828192041" lon="116.47395375338095">
        <ele>37.58756607491523</ele>
        <time>2026-08-24T22:45:37.500000Z</time>
        <extensions>
          <gpxtpx:TrackPointExtension>
            <gpxtpx:hr>180</gpxtpx:hr>
          </gpxtpx:TrackPointExtension>
        </extensions>
      </trkpt>
      <trkpt lat="40.000777452920595" lon="116.47391758635918">
        <ele>37.60209501348436</ele>
        <time>2026-08-24T22:45:38.500000Z</time>
        <extensions>
          <gpxtpx:TrackPointExtension>
            <gpxtpx:hr>180</gpxtpx:hr>
          </gpxtpx:TrackPointExtension>
        </extensions>
      </trkpt>
      <trkpt lat="40.00077627609447" lon="116.47388231741499">
        <ele>37.614904314279556</ele>
        <time>2026-08-24T22:45:39.500000Z</time>
        <extensions>
          <gpxtpx:TrackPointExtension>
            <gpxtpx:hr>180</gpxtpx:hr>
          </gpxtpx:TrackPointExtension>
        </extensions>
      </trkpt>
      <trkpt lat="40.00077489414878" lon="116.47384788871236">
        <ele>37.62686442863196</ele>
        <time>2026-08-24T22:45:40.500000Z</time>
        <extensions>
          <gpxtpx:TrackPointExtension>
            <gpxtpx:hr>180</gpxtpx:hr>
          </gpxtpx:TrackPointExtension>
        </extensions>
      </trkpt>
      <trkpt lat="40.00077362635712" lon="116.47381424513542">
        <ele>37.638376113027334</ele>
        <time>2026-08-24T22:45:41.500000Z</time>
        <extensions>
          <gpxtpx:TrackPointExtension>
            <gpxtpx:hr>180</gpxtpx:hr>
          </gpxtpx:TrackPointExtension>
        </extensions>
      </trkpt>
      <trkpt lat="40.00077265755909" lon="116.47378104291738">
        <ele>37.649360079318285</ele>
        <time>2026-08-24T22:45:42.500000Z</time>
        <extensions>
          <gpxtpx:TrackPointExtension>
            <gpxtpx:hr>182</gpxtpx:hr>
          </gpxtpx:TrackPointExtension>
        </extensions>
      </trkpt>
      <trkpt lat="40.00077187197495" lon="116.473748503358">
        <ele>37.659757662564516</ele>
        <time>2026-08-24T22:45:43.500000Z</time>
        <extensions>
          <gpxtpx:TrackPointExtension>
            <gpxtpx:hr>182</gpxtpx:hr>
          </gpxtpx:TrackPointExtension>
        </extensions>
      </trkpt>
      <trkpt lat="40.00077133642106" lon="116.473717586618">
        <ele>37.6697906088084</ele>
        <time>2026-08-24T22:45:44.500000Z</time>
        <extensions>
          <gpxtpx:TrackPointExtension>
            <gpxtpx:hr>182</gpxtpx:hr>
          </gpxtpx:TrackPointExtension>
        </extensions>
      </trkpt>
      <trkpt lat="40.00077101278889" lon="116.47368887949497">
        <ele>37.67969764396548</ele>
        <time>2026-08-24T22:45:45.400000Z</time>
        <extensions>
          <gpxtpx:TrackPointExtension>
            <gpxtpx:hr>182</gpxtpx:hr>
          </gpxtpx:TrackPointExtension>
        </extensions>
      </trkpt>
      <trkpt lat="40.00077075581729" lon="116.47366223844527">
        <ele>37.68961490318179</ele>
        <time>2026-08-24T22:45:46.400000Z</time>
        <extensions>
          <gpxtpx:TrackPointExtension>
            <gpxtpx:hr>182</gpxtpx:hr>
          </gpxtpx:TrackPointExtension>
        </extensions>
      </trkpt>
      <trkpt lat="40.00077136800464" lon="116.47363761264515">
        <ele>37.6998872756958</ele>
        <time>2026-08-24T22:45:47.400000Z</time>
        <extensions>
          <gpxtpx:TrackPointExtension>
            <gpxtpx:hr>182</gpxtpx:hr>
          </gpxtpx:TrackPointExtension>
        </extensions>
      </trkpt>
      <trkpt lat="40.000774163271586" lon="116.47361522752726">
        <ele>37.71134533267468</ele>
        <time>2026-08-24T22:45:48.400000Z</time>
        <extensions>
          <gpxtpx:TrackPointExtension>
            <gpxtpx:hr>182</gpxtpx:hr>
          </gpxtpx:TrackPointExtension>
        </extensions>
      </trkpt>
      <trkpt lat="40.000779587432945" lon="116.47359501271337">
        <ele>37.724804723635316</ele>
        <time>2026-08-24T22:45:49.400000Z</time>
        <extensions>
          <gpxtpx:TrackPointExtension>
            <gpxtpx:hr>181</gpxtpx:hr>
          </gpxtpx:TrackPointExtension>
        </extensions>
      </trkpt>
      <trkpt lat="40.00078635431959" lon="116.47357608328281">
        <ele>37.74052525870502</ele>
        <time>2026-08-24T22:45:50.400000Z</time>
        <extensions>
          <gpxtpx:TrackPointExtension>
            <gpxtpx:hr>181</gpxtpx:hr>
          </gpxtpx:TrackPointExtension>
        </extensions>
      </trkpt>
      <trkpt lat="40.00079259063908" lon="116.47355789929694">
        <ele>37.75813001394272</ele>
        <time>2026-08-24T22:45:51.400000Z</time>
        <extensions>
          <gpxtpx:TrackPointExtension>
            <gpxtpx:hr>181</gpxtpx:hr>
          </gpxtpx:TrackPointExtension>
        </extensions>
      </trkpt>
      <trkpt lat="40.00079756889275" lon="116.47354154751211">
        <ele>37.776537138037384</ele>
        <time>2026-08-24T22:45:52.400000Z</time>
        <extensions>
          <gpxtpx:TrackPointExtension>
            <gpxtpx:hr>181</gpxtpx:hr>
          </gpxtpx:TrackPointExtension>
        </extensions>
      </trkpt>
      <trkpt lat="40.000801781497685" lon="116.4735270526361">
        <ele>37.79429624043405</ele>
        <time>2026-08-24T22:45:53.400000Z</time>
        <extensions>
          <gpxtpx:TrackPointExtension>
            <gpxtpx:hr>181</gpxtpx:hr>
          </gpxtpx:TrackPointExtension>
        </extensions>
      </trkpt>
      <trkpt lat="40.00080562589648" lon="116.47351253944272">
        <ele>37.80997087806463</ele>
        <time>2026-08-24T22:45:54.400000Z</time>
        <extensions>
          <gpxtpx:TrackPointExtension>
            <gpxtpx:hr>180</gpxtpx:hr>
          </gpxtpx:TrackPointExtension>
        </extensions>
      </trkpt>
      <trkpt lat="40.000809436896425" lon="116.47349738563189">
        <ele>37.8224603459239</ele>
        <time>2026-08-24T22:45:55.400000Z</time>
        <extensions>
          <gpxtpx:TrackPointExtension>
            <gpxtpx:hr>180</gpxtpx:hr>
          </gpxtpx:TrackPointExtension>
        </extensions>
      </trkpt>
      <trkpt lat="40.00081310595411" lon="116.47348151435388">
        <ele>37.83115317579359</ele>
        <time>2026-08-24T22:45:56.400000Z</time>
        <extensions>
          <gpxtpx:TrackPointExtension>
            <gpxtpx:hr>180</gpxtpx:hr>
          </gpxtpx:TrackPointExtension>
        </extensions>
      </trkpt>
      <trkpt lat="40.00081636213705" lon="116.47346483508397">
        <ele>37.83600570075214</ele>
        <time>2026-08-24T22:45:57.400000Z</time>
        <extensions>
          <gpxtpx:TrackPointExtension>
            <gpxtpx:hr>179</gpxtpx:hr>
          </gpxtpx:TrackPointExtension>
        </extensions>
      </trkpt>
      <trkpt lat="40.00081911836464" lon="116.47344778294365">
        <ele>37.837330773472786</ele>
        <time>2026-08-24T22:45:58.400000Z</time>
        <extensions>
          <gpxtpx:TrackPointExtension>
            <gpxtpx:hr>179</gpxtpx:hr>
          </gpxtpx:TrackPointExtension>
        </extensions>
      </trkpt>
      <trkpt lat="40.000821716550426" lon="116.47343070631096">
        <ele>37.83553602639586</ele>
        <time>2026-08-24T22:45:59.400000Z</time>
        <extensions>
          <gpxtpx:TrackPointExtension>
            <gpxtpx:hr>179</gpxtpx:hr>
          </gpxtpx:TrackPointExtension>
        </extensions>
      </trkpt>
      <trkpt lat="40.000824712200576" lon="116.47341428669893">
        <ele>37.83137232158333</ele>
        <time>2026-08-24T22:46:00.400000Z</time>
        <extensions>
          <gpxtpx:TrackPointExtension>
            <gpxtpx:hr>179</gpxtpx:hr>
          </gpxtpx:TrackPointExtension>
        </extensions>
      </trkpt>
      <trkpt lat="40.00082821407309" lon="116.47339881424864">
        <ele>37.82639095559716</ele>
        <time>2026-08-24T22:46:01.400000Z</time>
        <extensions>
          <gpxtpx:TrackPointExtension>
            <gpxtpx:hr>179</gpxtpx:hr>
          </gpxtpx:TrackPointExtension>
        </extensions>
      </trkpt>
      <trkpt lat="40.000831314406504" lon="116.47338397349682">
        <ele>37.82270734291524</ele>
        <time>2026-08-24T22:46:02.400000Z</time>
        <extensions>
          <gpxtpx:TrackPointExtension>
            <gpxtpx:hr>179</gpxtpx:hr>
          </gpxtpx:TrackPointExtension>
        </extensions>
      </trkpt>
      <trkpt lat="40.0008336188842" lon="116.47336947508418">
        <ele>37.8221920626238</ele>
        <time>2026-08-24T22:46:03.400000Z</time>
        <extensions>
          <gpxtpx:TrackPointExtension>
            <gpxtpx:hr>179</gpxtpx:hr>
          </gpxtpx:TrackPointExtension>
        </extensions>
      </trkpt>
      <trkpt lat="40.00083584274875" lon="116.47335502625923">
        <ele>37.825861318036914</ele>
        <time>2026-08-24T22:46:04.400000Z</time>
        <extensions>
          <gpxtpx:TrackPointExtension>
            <gpxtpx:hr>173</gpxtpx:hr>
          </gpxtpx:TrackPointExtension>
        </extensions>
      </trkpt>
      <trkpt lat="40.00083824094682" lon="116.47334015781625">
        <ele>37.83381516113877</ele>
        <time>2026-08-24T22:46:05.400000Z</time>
        <extensions>
          <gpxtpx:TrackPointExtension>
            <gpxtpx:hr>173</gpxtpx:hr>
          </gpxtpx:TrackPointExtension>
        </extensions>
      </trkpt>
      <trkpt lat="40.00084066609415" lon="116.47332441413468">
        <ele>37.845469866879284</ele>
        <time>2026-08-24T22:46:06.400000Z</time>
        <extensions>
          <gpxtpx:TrackPointExtension>
            <gpxtpx:hr>173</gpxtpx:hr>
          </gpxtpx:TrackPointExtension>
        </extensions>
      </trkpt>
      <trkpt lat="40.00084294913486" lon="116.47330826218389">
        <ele>37.85987315420061</ele>
        <time>2026-08-24T22:46:07.400000Z</time>
        <extensions>
          <gpxtpx:TrackPointExtension>
            <gpxtpx:hr>173</gpxtpx:hr>
          </gpxtpx:TrackPointExtension>
        </extensions>
      </trkpt>
      <trkpt lat="40.00084526312692" lon="116.47329224815266">
        <ele>37.876081021502614</ele>
        <time>2026-08-24T22:46:08.400000Z</time>
        <extensions>
          <gpxtpx:TrackPointExtension>
            <gpxtpx:hr>173</gpxtpx:hr>
          </gpxtpx:TrackPointExtension>
        </extensions>
      </trkpt>
      <trkpt lat="40.000847923600425" lon="116.47327637791483">
        <ele>37.893583356402814</ele>
        <time>2026-08-24T22:46:09.400000Z</time>
        <extensions>
          <gpxtpx:TrackPointExtension>
            <gpxtpx:hr>173</gpxtpx:hr>
          </gpxtpx:TrackPointExtension>
        </extensions>
      </trkpt>
      <trkpt lat="40.000851053807025" lon="116.47326050497371">
        <ele>37.91230879165232</ele>
        <time>2026-08-24T22:46:10.400000Z</time>
        <extensions>
          <gpxtpx:TrackPointExtension>
            <gpxtpx:hr>173</gpxtpx:hr>
          </gpxtpx:TrackPointExtension>
        </extensions>
      </trkpt>
      <trkpt lat="40.00085452395274" lon="116.47324440165487">
        <ele>37.93215144518763</ele>
        <time>2026-08-24T22:46:11.400000Z</time>
        <extensions>
          <gpxtpx:TrackPointExtension>
            <gpxtpx:hr>171</gpxtpx:hr>
          </gpxtpx:TrackPointExtension>
        </extensions>
      </trkpt>
      <trkpt lat="40.000858039822" lon="116.47322777053586">
        <ele>37.952532939612865</ele>
        <time>2026-08-24T22:46:12.400000Z</time>
        <extensions>
          <gpxtpx:TrackPointExtension>
            <gpxtpx:hr>171</gpxtpx:hr>
          </gpxtpx:TrackPointExtension>
        </extensions>
      </trkpt>
      <trkpt lat="40.00086147257099" lon="116.47321063291405">
        <ele>37.972166100516915</ele>
        <time>2026-08-24T22:46:13.400000Z</time>
        <extensions>
          <gpxtpx:TrackPointExtension>
            <gpxtpx:hr>171</gpxtpx:hr>
          </gpxtpx:TrackPointExtension>
        </extensions>
      </trkpt>
      <trkpt lat="40.00086494649516" lon="116.47319327608368">
        <ele>37.989255177788436</ele>
        <time>2026-08-24T22:46:14.400000Z</time>
        <extensions>
          <gpxtpx:TrackPointExtension>
            <gpxtpx:hr>171</gpxtpx:hr>
          </gpxtpx:TrackPointExtension>
        </extensions>
      </trkpt>
      <trkpt lat="40.00086832698158" lon="116.47317601042516">
        <ele>38.00222083181143</ele>
        <time>2026-08-24T22:46:15.400000Z</time>
        <extensions>
          <gpxtpx:TrackPointExtension>
            <gpxtpx:hr>171</gpxtpx:hr>
          </gpxtpx:TrackPointExtension>
        </extensions>
      </trkpt>
      <trkpt lat="40.00087131023561" lon="116.47315913346115">
        <ele>38.010158858262</ele>
        <time>2026-08-24T22:46:16.400000Z</time>
        <extensions>
          <gpxtpx:TrackPointExtension>
            <gpxtpx:hr>171</gpxtpx:hr>
          </gpxtpx:TrackPointExtension>
        </extensions>
      </trkpt>
      <trkpt lat="40.00087375997689" lon="116.47314259332008">
        <ele>38.0126228062436</ele>
        <time>2026-08-24T22:46:17.400000Z</time>
        <extensions>
          <gpxtpx:TrackPointExtension>
            <gpxtpx:hr>168</gpxtpx:hr>
          </gpxtpx:TrackPointExtension>
        </extensions>
      </trkpt>
      <trkpt lat="40.00087559243952" lon="116.47312590564809">
        <ele>38.009615427814424</ele>
        <time>2026-08-24T22:46:18.400000Z</time>
        <extensions>
          <gpxtpx:TrackPointExtension>
            <gpxtpx:hr>168</gpxtpx:hr>
          </gpxtpx:TrackPointExtension>
        </extensions>
      </trkpt>
      <trkpt lat="40.00087689450705" lon="116.47310846054">
        <ele>38.00227276608348</ele>
        <time>2026-08-24T22:46:19.400000Z</time>
        <extensions>
          <gpxtpx:TrackPointExtension>
            <gpxtpx:hr>168</gpxtpx:hr>
          </gpxtpx:TrackPointExtension>
        </extensions>
      </trkpt>
      <trkpt lat="40.000877680626" lon="116.47309016421859">
        <ele>37.99300918914378</ele>
        <time>2026-08-24T22:46:20.400000Z</time>
        <extensions>
          <gpxtpx:TrackPointExtension>
            <gpxtpx:hr>168</gpxtpx:hr>
          </gpxtpx:TrackPointExtension>
        </extensions>
      </trkpt>
      <trkpt lat="40.00087787716376" lon="116.47307156326679">
        <ele>37.984232837334275</ele>
        <time>2026-08-24T22:46:21.400000Z</time>
        <extensions>
          <gpxtpx:TrackPointExtension>
            <gpxtpx:hr>168</gpxtpx:hr>
          </gpxtpx:TrackPointExtension>
        </extensions>
      </trkpt>
      <trkpt lat="40.000877668227645" lon="116.473053056248">
        <ele>37.97701873909682</ele>
        <time>2026-08-24T22:46:22.400000Z</time>
        <extensions>
          <gpxtpx:TrackPointExtension>
            <gpxtpx:hr>168</gpxtpx:hr>
          </gpxtpx:TrackPointExtension>
        </extensions>
      </trkpt>
      <trkpt lat="40.00087709500652" lon="116.47303489336691">
        <ele>37.970988946035504</ele>
        <time>2026-08-24T22:46:23.400000Z</time>
        <extensions>
          <gpxtpx:TrackPointExtension>
            <gpxtpx:hr>164</gpxtpx:hr>
          </gpxtpx:TrackPointExtension>
        </extensions>
      </trkpt>
      <trkpt lat="40.00087614625882" lon="116.47301744454265">
        <ele>37.964888527058065</ele>
        <time>2026-08-24T22:46:24.400000Z</time>
        <extensions>
          <gpxtpx:TrackPointExtension>
            <gpxtpx:hr>164</gpxtpx:hr>
          </gpxtpx:TrackPointExtension>
        </extensions>
      </trkpt>
      <trkpt lat="40.00087506590888" lon="116.47300057362563">
        <ele>37.95736577920616</ele>
        <time>2026-08-24T22:46:25.400000Z</time>
        <extensions>
          <gpxtpx:TrackPointExtension>
            <gpxtpx:hr>164</gpxtpx:hr>
          </gpxtpx:TrackPointExtension>
        </extensions>
      </trkpt>
      <trkpt lat="40.0008741757774" lon="116.4729836901873">
        <ele>37.947753694839776</ele>
        <time>2026-08-24T22:46:26.400000Z</time>
        <extensions>
          <gpxtpx:TrackPointExtension>
            <gpxtpx:hr>164</gpxtpx:hr>
          </gpxtpx:TrackPointExtension>
        </extensions>
      </trkpt>
      <trkpt lat="40.00087386895701" lon="116.47296667308818">
        <ele>37.93585760239512</ele>
        <time>2026-08-24T22:46:27.400000Z</time>
        <extensions>
          <gpxtpx:TrackPointExtension>
            <gpxtpx:hr>164</gpxtpx:hr>
          </gpxtpx:TrackPointExtension>
        </extensions>
      </trkpt>
      <trkpt lat="40.000874326245956" lon="116.47295006696558">
        <ele>37.92086059041321</ele>
        <time>2026-08-24T22:46:28.400000Z</time>
        <extensions>
          <gpxtpx:TrackPointExtension>
            <gpxtpx:hr>164</gpxtpx:hr>
          </gpxtpx:TrackPointExtension>
        </extensions>
      </trkpt>
      <trkpt lat="40.00087533490999" lon="116.47293418030866">
        <ele>37.90106703527272</ele>
        <time>2026-08-24T22:46:29.400000Z</time>
        <extensions>
          <gpxtpx:TrackPointExtension>
            <gpxtpx:hr>162</gpxtpx:hr>
          </gpxtpx:TrackPointExtension>
        </extensions>
      </trkpt>
      <trkpt lat="40.00087669254104" lon="116.47291864118667">
        <ele>37.87478067073971</ele>
        <time>2026-08-24T22:46:30.400000Z</time>
        <extensions>
          <gpxtpx:TrackPointExtension>
            <gpxtpx:hr>162</gpxtpx:hr>
          </gpxtpx:TrackPointExtension>
        </extensions>
      </trkpt>
      <trkpt lat="40.00087847448884" lon="116.4729028109114">
        <ele>37.840910233557224</ele>
        <time>2026-08-24T22:46:31.400000Z</time>
        <extensions>
          <gpxtpx:TrackPointExtension>
            <gpxtpx:hr>162</gpxtpx:hr>
          </gpxtpx:TrackPointExtension>
        </extensions>
      </trkpt>
      <trkpt lat="40.000880831174584" lon="116.47288664505938">
        <ele>37.798895405605435</ele>
        <time>2026-08-24T22:46:32.400000Z</time>
        <extensions>
          <gpxtpx:TrackPointExtension>
            <gpxtpx:hr>162</gpxtpx:hr>
          </gpxtpx:TrackPointExtension>
        </extensions>
      </trkpt>
      <trkpt lat="40.000883686060476" lon="116.47287058180446">
        <ele>37.74888658337295</ele>
        <time>2026-08-24T22:46:33.400000Z</time>
        <extensions>
          <gpxtpx:TrackPointExtension>
            <gpxtpx:hr>162</gpxtpx:hr>
          </gpxtpx:TrackPointExtension>
        </extensions>
      </trkpt>
      <trkpt lat="40.00088689021224" lon="116.47285501260347">
        <ele>37.69198776781559</ele>
        <time>2026-08-24T22:46:34.400000Z</time>
        <extensions>
          <gpxtpx:TrackPointExtension>
            <gpxtpx:hr>162</gpxtpx:hr>
          </gpxtpx:TrackPointExtension>
        </extensions>
      </trkpt>
      <trkpt lat="40.00089068017653" lon="116.47284013792398">
        <ele>37.6299263946712</ele>
        <time>2026-08-24T22:46:35.400000Z</time>
        <extensions>
          <gpxtpx:TrackPointExtension>
            <gpxtpx:hr>158</gpxtpx:hr>
          </gpxtpx:TrackPointExtension>
        </extensions>
      </trkpt>
      <trkpt lat="40.00089547445988" lon="116.47282584980947">
        <ele>37.56430217437446</ele>
        <time>2026-08-24T22:46:36.400000Z</time>
        <extensions>
          <gpxtpx:TrackPointExtension>
            <gpxtpx:hr>158</gpxtpx:hr>
          </gpxtpx:TrackPointExtension>
        </extensions>
      </trkpt>
      <trkpt lat="40.00090150876965" lon="116.47281218651683">
        <ele>37.49636500980705</ele>
        <time>2026-08-24T22:46:37.400000Z</time>
        <extensions>
          <gpxtpx:TrackPointExtension>
            <gpxtpx:hr>158</gpxtpx:hr>
          </gpxtpx:TrackPointExtension>
        </extensions>
      </trkpt>
      <trkpt lat="40.000908894775144" lon="116.47279964752812">
        <ele>37.4272575173527</ele>
        <time>2026-08-24T22:46:38.400000Z</time>
        <extensions>
          <gpxtpx:TrackPointExtension>
            <gpxtpx:hr>158</gpxtpx:hr>
          </gpxtpx:TrackPointExtension>
        </extensions>
      </trkpt>
      <trkpt lat="40.00091738344403" lon="116.47278842979644">
        <ele>37.35808754898608</ele>
        <time>2026-08-24T22:46:39.300000Z</time>
        <extensions>
          <gpxtpx:TrackPointExtension>
            <gpxtpx:hr>158</gpxtpx:hr>
          </gpxtpx:TrackPointExtension>
        </extensions>
      </trkpt>
      <trkpt lat="40.000926207340136" lon="116.47277796646158">
        <ele>37.29003871046007</ele>
        <time>2026-08-24T22:46:40.300000Z</time>
        <extensions>
          <gpxtpx:TrackPointExtension>
            <gpxtpx:hr>156</gpxtpx:hr>
          </gpxtpx:TrackPointExtension>
        </extensions>
      </trkpt>
      <trkpt lat="40.00093433649538" lon="116.47276720460738">
        <ele>37.22459379397333</ele>
        <time>2026-08-24T22:46:41.300000Z</time>
        <extensions>
          <gpxtpx:TrackPointExtension>
            <gpxtpx:hr>156</gpxtpx:hr>
          </gpxtpx:TrackPointExtension>
        </extensions>
      </trkpt>
      <trkpt lat="40.00094091514266" lon="116.47275544645936">
        <ele>37.1637471774593</ele>
        <time>2026-08-24T22:46:42.300000Z</time>
        <extensions>
          <gpxtpx:TrackPointExtension>
            <gpxtpx:hr>156</gpxtpx:hr>
          </gpxtpx:TrackPointExtension>
        </extensions>
      </trkpt>
      <trkpt lat="40.00094494790439" lon="116.47274268623082">
        <ele>37.11136380303651</ele>
        <time>2026-08-24T22:46:43.300000Z</time>
        <extensions>
          <gpxtpx:TrackPointExtension>
            <gpxtpx:hr>156</gpxtpx:hr>
          </gpxtpx:TrackPointExtension>
        </extensions>
      </trkpt>
      <trkpt lat="40.00094715223774" lon="116.47272865285932">
        <ele>37.06776812952012</ele>
        <time>2026-08-24T22:46:44.300000Z</time>
        <extensions>
          <gpxtpx:TrackPointExtension>
            <gpxtpx:hr>156</gpxtpx:hr>
          </gpxtpx:TrackPointExtension>
        </extensions>
      </trkpt>
      <trkpt lat="40.00094874639077" lon="116.47271454463942">
        <ele>37.03625160269439</ele>
        <time>2026-08-24T22:46:45.300000Z</time>
        <extensions>
          <gpxtpx:TrackPointExtension>
            <gpxtpx:hr>155</gpxtpx:hr>
          </gpxtpx:TrackPointExtension>
        </extensions>
      </trkpt>
      <trkpt lat="40.00095015820952" lon="116.47270020039623">
        <ele>37.01703495904803</ele>
        <time>2026-08-24T22:46:46.300000Z</time>
        <extensions>
          <gpxtpx:TrackPointExtension>
            <gpxtpx:hr>155</gpxtpx:hr>
          </gpxtpx:TrackPointExtension>
        </extensions>
      </trkpt>
      <trkpt lat="40.00095181902366" lon="116.47268440148522">
        <ele>37.009723391383886</ele>
        <time>2026-08-24T22:46:47.300000Z</time>
        <extensions>
          <gpxtpx:TrackPointExtension>
            <gpxtpx:hr>155</gpxtpx:hr>
          </gpxtpx:TrackPointExtension>
        </extensions>
      </trkpt>
      <trkpt lat="40.000953861807176" lon="116.4726661338509">
        <ele>37.01342184469104</ele>
        <time>2026-08-24T22:46:48.300000Z</time>
        <extensions>
          <gpxtpx:TrackPointExtension>
            <gpxtpx:hr>155</gpxtpx:hr>
          </gpxtpx:TrackPointExtension>
        </extensions>
      </trkpt>
      <trkpt lat="40.00095581497924" lon="116.47264534479787">
        <ele>37.02641709148884</ele>
        <time>2026-08-24T22:46:49.300000Z</time>
        <extensions>
          <gpxtpx:TrackPointExtension>
            <gpxtpx:hr>154</gpxtpx:hr>
          </gpxtpx:TrackPointExtension>
        </extensions>
      </trkpt>
      <trkpt lat="40.000957280869166" lon="116.47262314067078">
        <ele>37.045518685132265</ele>
        <time>2026-08-24T22:46:50.300000Z</time>
        <extensions>
          <gpxtpx:TrackPointExtension>
            <gpxtpx:hr>154</gpxtpx:hr>
          </gpxtpx:TrackPointExtension>
        </extensions>
      </trkpt>
      <trkpt lat="40.00095842719417" lon="116.47260045851276">
        <ele>37.06871111225337</ele>
        <time>2026-08-24T22:46:51.300000Z</time>
        <extensions>
          <gpxtpx:TrackPointExtension>
            <gpxtpx:hr>154</gpxtpx:hr>
          </gpxtpx:TrackPointExtension>
        </extensions>
      </trkpt>
      <trkpt lat="40.00095960458183" lon="116.47257863172143">
        <ele>37.09518360439688</ele>
        <time>2026-08-24T22:46:52.300000Z</time>
        <extensions>
          <gpxtpx:TrackPointExtension>
            <gpxtpx:hr>154</gpxtpx:hr>
          </gpxtpx:TrackPointExtension>
        </extensions>
      </trkpt>
      <trkpt lat="40.000961134293746" lon="116.4725575586931">
        <ele>37.12488256301731</ele>
        <time>2026-08-24T22:46:53.300000Z</time>
        <extensions>
          <gpxtpx:TrackPointExtension>
            <gpxtpx:hr>156</gpxtpx:hr>
          </gpxtpx:TrackPointExtension>
        </extensions>
      </trkpt>
      <trkpt lat="40.00096342156009" lon="116.47253703632745">
        <ele>37.1581406109035</ele>
        <time>2026-08-24T22:46:54.300000Z</time>
        <extensions>
          <gpxtpx:TrackPointExtension>
            <gpxtpx:hr>156</gpxtpx:hr>
          </gpxtpx:TrackPointExtension>
        </extensions>
      </trkpt>
      <trkpt lat="40.000966987309056" lon="116.47251702411187">
        <ele>37.1954838540405</ele>
        <time>2026-08-24T22:46:55.300000Z</time>
        <extensions>
          <gpxtpx:TrackPointExtension>
            <gpxtpx:hr>156</gpxtpx:hr>
          </gpxtpx:TrackPointExtension>
        </extensions>
      </trkpt>
      <trkpt lat="40.00097184013215" lon="116.4724976352573">
        <ele>37.23767703771591</ele>
        <time>2026-08-24T22:46:56.300000Z</time>
        <extensions>
          <gpxtpx:TrackPointExtension>
            <gpxtpx:hr>156</gpxtpx:hr>
          </gpxtpx:TrackPointExtension>
        </extensions>
      </trkpt>
      <trkpt lat="40.000977659780496" lon="116.47247894474883">
        <ele>37.28466514963657</ele>
        <time>2026-08-24T22:46:57.300000Z</time>
        <extensions>
          <gpxtpx:TrackPointExtension>
            <gpxtpx:hr>156</gpxtpx:hr>
          </gpxtpx:TrackPointExtension>
        </extensions>
      </trkpt>
      <trkpt lat="40.00098437218623" lon="116.4724608991771">
        <ele>37.33453739434481</ele>
        <time>2026-08-24T22:46:58.300000Z</time>
        <extensions>
          <gpxtpx:TrackPointExtension>
            <gpxtpx:hr>156</gpxtpx:hr>
          </gpxtpx:TrackPointExtension>
        </extensions>
      </trkpt>
      <trkpt lat="40.000991929382295" lon="116.47244367368299">
        <ele>37.385015085339546</ele>
        <time>2026-08-24T22:46:59.300000Z</time>
        <extensions>
          <gpxtpx:TrackPointExtension>
            <gpxtpx:hr>156</gpxtpx:hr>
          </gpxtpx:TrackPointExtension>
        </extensions>
      </trkpt>
      <trkpt lat="40.001000285437186" lon="116.47242753432772">
        <ele>37.434662400744855</ele>
        <time>2026-08-24T22:47:00.300000Z</time>
        <extensions>
          <gpxtpx:TrackPointExtension>
            <gpxtpx:hr>156</gpxtpx:hr>
          </gpxtpx:TrackPointExtension>
        </extensions>
      </trkpt>
      <trkpt lat="40.001009494003526" lon="116.47241267119468">
        <ele>37.482550010085106</ele>
        <time>2026-08-24T22:47:01.300000Z</time>
        <extensions>
          <gpxtpx:TrackPointExtension>
            <gpxtpx:hr>156</gpxtpx:hr>
          </gpxtpx:TrackPointExtension>
        </extensions>
      </trkpt>
      <trkpt lat="40.001019544991124" lon="116.47239942305298">
        <ele>37.528038412332535</ele>
        <time>2026-08-24T22:47:02.300000Z</time>
        <extensions>
          <gpxtpx:TrackPointExtension>
            <gpxtpx:hr>156</gpxtpx:hr>
          </gpxtpx:TrackPointExtension>
        </extensions>
      </trkpt>
      <trkpt lat="40.001030305313535" lon="116.4723880596194">
        <ele>37.57070350460708</ele>
        <time>2026-08-24T22:47:03.300000Z</time>
        <extensions>
          <gpxtpx:TrackPointExtension>
            <gpxtpx:hr>156</gpxtpx:hr>
          </gpxtpx:TrackPointExtension>
        </extensions>
      </trkpt>
      <trkpt lat="40.00104152949549" lon="116.47237837685798">
        <ele>37.610268947668374</ele>
        <time>2026-08-24T22:47:04.300000Z</time>
        <extensions>
          <gpxtpx:TrackPointExtension>
            <gpxtpx:hr>156</gpxtpx:hr>
          </gpxtpx:TrackPointExtension>
        </extensions>
      </trkpt>
      <trkpt lat="40.00105318908288" lon="116.47237025230768">
        <ele>37.646509850397706</ele>
        <time>2026-08-24T22:47:05.300000Z</time>
        <extensions>
          <gpxtpx:TrackPointExtension>
            <gpxtpx:hr>155</gpxtpx:hr>
          </gpxtpx:TrackPointExtension>
        </extensions>
      </trkpt>
      <trkpt lat="40.00106540906166" lon="116.47236374730574">
        <ele>37.679321667179465</ele>
        <time>2026-08-24T22:47:06.300000Z</time>
        <extensions>
          <gpxtpx:TrackPointExtension>
            <gpxtpx:hr>155</gpxtpx:hr>
          </gpxtpx:TrackPointExtension>
        </extensions>
      </trkpt>
      <trkpt lat="40.001078292001765" lon="116.47235831162557">
        <ele>37.708861004561186</ele>
        <time>2026-08-24T22:47:07.300000Z</time>
        <extensions>
          <gpxtpx:TrackPointExtension>
            <gpxtpx:hr>155</gpxtpx:hr>
          </gpxtpx:TrackPointExtension>
        </extensions>
      </trkpt>
      <trkpt lat="40.001091787709356" lon="116.47235329327573">
        <ele>37.73553831316531</ele>
        <time>2026-08-24T22:47:08.300000Z</time>
        <extensions>
          <gpxtpx:TrackPointExtension>
            <gpxtpx:hr>155</gpxtpx:hr>
          </gpxtpx:TrackPointExtension>
        </extensions>
      </trkpt>
      <trkpt lat="40.00110560019825" lon="116.47234850372821">
        <ele>37.759783301502466</ele>
        <time>2026-08-24T22:47:09.300000Z</time>
        <extensions>
          <gpxtpx:TrackPointExtension>
            <gpxtpx:hr>155</gpxtpx:hr>
          </gpxtpx:TrackPointExtension>
        </extensions>
      </trkpt>
      <trkpt lat="40.00111948171784" lon="116.47234343741239">
        <ele>37.782132025808096</ele>
        <time>2026-08-24T22:47:10.300000Z</time>
        <extensions>
          <gpxtpx:TrackPointExtension>
            <gpxtpx:hr>155</gpxtpx:hr>
          </gpxtpx:TrackPointExtension>
        </extensions>
      </trkpt>
      <trkpt lat="40.00113316586725" lon="116.47233724150097">
        <ele>37.80348049476743</ele>
        <time>2026-08-24T22:47:11.300000Z</time>
        <extensions>
          <gpxtpx:TrackPointExtension>
            <gpxtpx:hr>155</gpxtpx:hr>
          </gpxtpx:TrackPointExtension>
        </extensions>
      </trkpt>
      <trkpt lat="40.00114676256541" lon="116.47233038198526">
        <ele>37.82501720171422</ele>
        <time>2026-08-24T22:47:12.300000Z</time>
        <extensions>
          <gpxtpx:TrackPointExtension>
            <gpxtpx:hr>155</gpxtpx:hr>
          </gpxtpx:TrackPointExtension>
        </extensions>
      </trkpt>
      <trkpt lat="40.00116055272455" lon="116.47232399363507">
        <ele>37.84781498648226</ele>
        <time>2026-08-24T22:47:13.300000Z</time>
        <extensions>
          <gpxtpx:TrackPointExtension>
            <gpxtpx:hr>155</gpxtpx:hr>
          </gpxtpx:TrackPointExtension>
        </extensions>
      </trkpt>
      <trkpt lat="40.00117442161115" lon="116.47231838578192">
        <ele>37.872558664530516</ele>
        <time>2026-08-24T22:47:14.300000Z</time>
        <extensions>
          <gpxtpx:TrackPointExtension>
            <gpxtpx:hr>155</gpxtpx:hr>
          </gpxtpx:TrackPointExtension>
        </extensions>
      </trkpt>
      <trkpt lat="40.00118823158309" lon="116.47231329518705">
        <ele>37.89967087469995</ele>
        <time>2026-08-24T22:47:15.300000Z</time>
        <extensions>
          <gpxtpx:TrackPointExtension>
            <gpxtpx:hr>155</gpxtpx:hr>
          </gpxtpx:TrackPointExtension>
        </extensions>
      </trkpt>
      <trkpt lat="40.0012019876417" lon="116.47230835214947">
        <ele>37.92937495838851</ele>
        <time>2026-08-24T22:47:16.300000Z</time>
        <extensions>
          <gpxtpx:TrackPointExtension>
            <gpxtpx:hr>154</gpxtpx:hr>
          </gpxtpx:TrackPointExtension>
        </extensions>
      </trkpt>
      <trkpt lat="40.001215775497236" lon="116.47230354612697">
        <ele>37.96184327080846</ele>
        <time>2026-08-24T22:47:17.300000Z</time>
        <extensions>
          <gpxtpx:TrackPointExtension>
            <gpxtpx:hr>154</gpxtpx:hr>
          </gpxtpx:TrackPointExtension>
        </extensions>
      </trkpt>
      <trkpt lat="40.00122961540104" lon="116.47229893832522">
        <ele>37.99722221959382</ele>
        <time>2026-08-24T22:47:18.300000Z</time>
        <extensions>
          <gpxtpx:TrackPointExtension>
            <gpxtpx:hr>154</gpxtpx:hr>
          </gpxtpx:TrackPointExtension>
        </extensions>
      </trkpt>
      <trkpt lat="40.0012435457679" lon="116.47229456399525">
        <ele>38.03560730069876</ele>
        <time>2026-08-24T22:47:19.300000Z</time>
        <extensions>
          <gpxtpx:TrackPointExtension>
            <gpxtpx:hr>154</gpxtpx:hr>
          </gpxtpx:TrackPointExtension>
        </extensions>
      </trkpt>
      <trkpt lat="40.001257690907835" lon="116.4722905213598">
        <ele>38.07697837520391</ele>
        <time>2026-08-24T22:47:20.300000Z</time>
        <extensions>
          <gpxtpx:TrackPointExtension>
            <gpxtpx:hr>154</gpxtpx:hr>
          </gpxtpx:TrackPointExtension>
        </extensions>
      </trkpt>
      <trkpt lat="40.001272057000364" lon="116.47228686286122">
        <ele>38.121063435450196</ele>
        <time>2026-08-24T22:47:21.300000Z</time>
        <extensions>
          <gpxtpx:TrackPointExtension>
            <gpxtpx:hr>152</gpxtpx:hr>
          </gpxtpx:TrackPointExtension>
        </extensions>
      </trkpt>
      <trkpt lat="40.00128657776102" lon="116.47228365640383">
        <ele>38.16742218565196</ele>
        <time>2026-08-24T22:47:22.300000Z</time>
        <extensions>
          <gpxtpx:TrackPointExtension>
            <gpxtpx:hr>152</gpxtpx:hr>
          </gpxtpx:TrackPointExtension>
        </extensions>
      </trkpt>
      <trkpt lat="40.001301198217064" lon="116.4722808486234">
        <ele>38.21573872119188</ele>
        <time>2026-08-24T22:47:23.300000Z</time>
        <extensions>
          <gpxtpx:TrackPointExtension>
            <gpxtpx:hr>152</gpxtpx:hr>
          </gpxtpx:TrackPointExtension>
        </extensions>
      </trkpt>
      <trkpt lat="40.00131581582245" lon="116.47227838844442">
        <ele>38.26584473345429</ele>
        <time>2026-08-24T22:47:24.300000Z</time>
        <extensions>
          <gpxtpx:TrackPointExtension>
            <gpxtpx:hr>152</gpxtpx:hr>
          </gpxtpx:TrackPointExtension>
        </extensions>
      </trkpt>
      <trkpt lat="40.00133032515779" lon="116.47227614274328">
        <ele>38.31734424736351</ele>
        <time>2026-08-24T22:47:25.300000Z</time>
        <extensions>
          <gpxtpx:TrackPointExtension>
            <gpxtpx:hr>150</gpxtpx:hr>
          </gpxtpx:TrackPointExtension>
        </extensions>
      </trkpt>
      <trkpt lat="40.001344568794316" lon="116.47227387833328">
        <ele>38.36929485946894</ele>
        <time>2026-08-24T22:47:26.300000Z</time>
        <extensions>
          <gpxtpx:TrackPointExtension>
            <gpxtpx:hr>150</gpxtpx:hr>
          </gpxtpx:TrackPointExtension>
        </extensions>
      </trkpt>
      <trkpt lat="40.00135828915126" lon="116.47227116044108">
        <ele>38.42032565828413</ele>
        <time>2026-08-24T22:47:27.300000Z</time>
        <extensions>
          <gpxtpx:TrackPointExtension>
            <gpxtpx:hr>150</gpxtpx:hr>
          </gpxtpx:TrackPointExtension>
        </extensions>
      </trkpt>
      <trkpt lat="40.00137095516931" lon="116.47226714339587">
        <ele>38.46897509507835</ele>
        <time>2026-08-24T22:47:28.300000Z</time>
        <extensions>
          <gpxtpx:TrackPointExtension>
            <gpxtpx:hr>150</gpxtpx:hr>
          </gpxtpx:TrackPointExtension>
        </extensions>
      </trkpt>
      <trkpt lat="40.00138166725115" lon="116.4722607967789">
        <ele>38.51388755533844</ele>
        <time>2026-08-24T22:47:29.300000Z</time>
        <extensions>
          <gpxtpx:TrackPointExtension>
            <gpxtpx:hr>150</gpxtpx:hr>
          </gpxtpx:TrackPointExtension>
        </extensions>
      </trkpt>
      <trkpt lat="40.00138887573541" lon="116.47225081619155">
        <ele>38.5541264731437</ele>
        <time>2026-08-24T22:47:30.300000Z</time>
        <extensions>
          <gpxtpx:TrackPointExtension>
            <gpxtpx:hr>150</gpxtpx:hr>
          </gpxtpx:TrackPointExtension>
        </extensions>
      </trkpt>
      <trkpt lat="40.001393768253806" lon="116.47223776238899">
        <ele>38.5895561715588</ele>
        <time>2026-08-24T22:47:31.300000Z</time>
        <extensions>
          <gpxtpx:TrackPointExtension>
            <gpxtpx:hr>150</gpxtpx:hr>
          </gpxtpx:TrackPointExtension>
        </extensions>
      </trkpt>
      <trkpt lat="40.001398620777444" lon="116.47222372332568">
        <ele>38.6207071216777</ele>
        <time>2026-08-24T22:47:32.300000Z</time>
        <extensions>
          <gpxtpx:TrackPointExtension>
            <gpxtpx:hr>150</gpxtpx:hr>
          </gpxtpx:TrackPointExtension>
        </extensions>
      </trkpt>
      <trkpt lat="40.00140370471197" lon="116.47220997169289">
        <ele>38.648524397052824</ele>
        <time>2026-08-24T22:47:33.200000Z</time>
        <extensions>
          <gpxtpx:TrackPointExtension>
            <gpxtpx:hr>150</gpxtpx:hr>
          </gpxtpx:TrackPointExtension>
        </extensions>
      </trkpt>
      <trkpt lat="40.00140964332995" lon="116.47219764326108">
        <ele>38.67410694248974</ele>
        <time>2026-08-24T22:47:34.200000Z</time>
        <extensions>
          <gpxtpx:TrackPointExtension>
            <gpxtpx:hr>151</gpxtpx:hr>
          </gpxtpx:TrackPointExtension>
        </extensions>
      </trkpt>
      <trkpt lat="40.001417220869314" lon="116.47218854691747">
        <ele>38.69825317338109</ele>
        <time>2026-08-24T22:47:35.200000Z</time>
        <extensions>
          <gpxtpx:TrackPointExtension>
            <gpxtpx:hr>151</gpxtpx:hr>
          </gpxtpx:TrackPointExtension>
        </extensions>
      </trkpt>
      <trkpt lat="40.00142643697901" lon="116.47218344544726">
        <ele>38.72128776740283</ele>
        <time>2026-08-24T22:47:36.200000Z</time>
        <extensions>
          <gpxtpx:TrackPointExtension>
            <gpxtpx:hr>151</gpxtpx:hr>
          </gpxtpx:TrackPointExtension>
        </extensions>
      </trkpt>
      <trkpt lat="40.00143680209304" lon="116.47218133869688">
        <ele>38.743241084739566</ele>
        <time>2026-08-24T22:47:37.200000Z</time>
        <extensions>
          <gpxtpx:TrackPointExtension>
            <gpxtpx:hr>151</gpxtpx:hr>
          </gpxtpx:TrackPointExtension>
        </extensions>
      </trkpt>
      <trkpt lat="40.00144803640121" lon="116.47218008767727">
        <ele>38.764043669216335</ele>
        <time>2026-08-24T22:47:38.200000Z</time>
        <extensions>
          <gpxtpx:TrackPointExtension>
            <gpxtpx:hr>151</gpxtpx:hr>
          </gpxtpx:TrackPointExtension>
        </extensions>
      </trkpt>
      <trkpt lat="40.00145995056733" lon="116.47217814055222">
        <ele>38.78355219960213</ele>
        <time>2026-08-24T22:47:39.200000Z</time>
        <extensions>
          <gpxtpx:TrackPointExtension>
            <gpxtpx:hr>150</gpxtpx:hr>
          </gpxtpx:TrackPointExtension>
        </extensions>
      </trkpt>
      <trkpt lat="40.00147249525863" lon="116.47217583132851">
        <ele>38.80137769225985</ele>
        <time>2026-08-24T22:47:40.200000Z</time>
        <extensions>
          <gpxtpx:TrackPointExtension>
            <gpxtpx:hr>150</gpxtpx:hr>
          </gpxtpx:TrackPointExtension>
        </extensions>
      </trkpt>
      <trkpt lat="40.001485824059" lon="116.47217352372289">
        <ele>38.81698025856167</ele>
        <time>2026-08-24T22:47:41.200000Z</time>
        <extensions>
          <gpxtpx:TrackPointExtension>
            <gpxtpx:hr>150</gpxtpx:hr>
          </gpxtpx:TrackPointExtension>
        </extensions>
      </trkpt>
      <trkpt lat="40.0014997839519" lon="116.47217112830133">
        <ele>38.83011824823916</ele>
        <time>2026-08-24T22:47:42.200000Z</time>
        <extensions>
          <gpxtpx:TrackPointExtension>
            <gpxtpx:hr>150</gpxtpx:hr>
          </gpxtpx:TrackPointExtension>
        </extensions>
      </trkpt>
      <trkpt lat="40.00151396147844" lon="116.47216831415949">
        <ele>38.84106984548271</ele>
        <time>2026-08-24T22:47:43.200000Z</time>
        <extensions>
          <gpxtpx:TrackPointExtension>
            <gpxtpx:hr>150</gpxtpx:hr>
          </gpxtpx:TrackPointExtension>
        </extensions>
      </trkpt>
      <trkpt lat="40.001528124501725" lon="116.47216471892334">
        <ele>38.850419441238046</ele>
        <time>2026-08-24T22:47:44.200000Z</time>
        <extensions>
          <gpxtpx:TrackPointExtension>
            <gpxtpx:hr>149</gpxtpx:hr>
          </gpxtpx:TrackPointExtension>
        </extensions>
      </trkpt>
      <trkpt lat="40.001542221757006" lon="116.47216043440953">
        <ele>38.858837146312</ele>
        <time>2026-08-24T22:47:45.200000Z</time>
        <extensions>
          <gpxtpx:TrackPointExtension>
            <gpxtpx:hr>149</gpxtpx:hr>
          </gpxtpx:TrackPointExtension>
        </extensions>
      </trkpt>
      <trkpt lat="40.00155632866699" lon="116.47215600494481">
        <ele>38.86704726424068</ele>
        <time>2026-08-24T22:47:46.200000Z</time>
        <extensions>
          <gpxtpx:TrackPointExtension>
            <gpxtpx:hr>149</gpxtpx:hr>
          </gpxtpx:TrackPointExtension>
        </extensions>
      </trkpt>
      <trkpt lat="40.00157048037623" lon="116.47215174273644">
        <ele>38.8757418980822</ele>
        <time>2026-08-24T22:47:47.200000Z</time>
        <extensions>
          <gpxtpx:TrackPointExtension>
            <gpxtpx:hr>149</gpxtpx:hr>
          </gpxtpx:TrackPointExtension>
        </extensions>
      </trkpt>
      <trkpt lat="40.001584680857405" lon="116.47214784966884">
        <ele>38.88544591795653</ele>
        <time>2026-08-24T22:47:48.200000Z</time>
        <extensions>
          <gpxtpx:TrackPointExtension>
            <gpxtpx:hr>149</gpxtpx:hr>
          </gpxtpx:TrackPointExtension>
        </extensions>
      </trkpt>
      <trkpt lat="40.00159893338984" lon="116.47214455658379">
        <ele>38.8964879270643</ele>
        <time>2026-08-24T22:47:49.200000Z</time>
        <extensions>
          <gpxtpx:TrackPointExtension>
            <gpxtpx:hr>149</gpxtpx:hr>
          </gpxtpx:TrackPointExtension>
        </extensions>
      </trkpt>
      <trkpt lat="40.001613175805765" lon="116.47214175347366">
        <ele>38.90909114852548</ele>
        <time>2026-08-24T22:47:50.200000Z</time>
        <extensions>
          <gpxtpx:TrackPointExtension>
            <gpxtpx:hr>145</gpxtpx:hr>
          </gpxtpx:TrackPointExtension>
        </extensions>
      </trkpt>
      <trkpt lat="40.001627323306586" lon="116.47213931153605">
        <ele>38.92337933462113</ele>
        <time>2026-08-24T22:47:51.200000Z</time>
        <extensions>
          <gpxtpx:TrackPointExtension>
            <gpxtpx:hr>145</gpxtpx:hr>
          </gpxtpx:TrackPointExtension>
        </extensions>
      </trkpt>
      <trkpt lat="40.00164132079879" lon="116.47213727789526">
        <ele>38.93919426947832</ele>
        <time>2026-08-24T22:47:52.200000Z</time>
        <extensions>
          <gpxtpx:TrackPointExtension>
            <gpxtpx:hr>145</gpxtpx:hr>
          </gpxtpx:TrackPointExtension>
        </extensions>
      </trkpt>
      <trkpt lat="40.00165505216748" lon="116.47213545313251">
        <ele>38.95615239813924</ele>
        <time>2026-08-24T22:47:53.200000Z</time>
        <extensions>
          <gpxtpx:TrackPointExtension>
            <gpxtpx:hr>145</gpxtpx:hr>
          </gpxtpx:TrackPointExtension>
        </extensions>
      </trkpt>
      <trkpt lat="40.001668364914046" lon="116.47213361074692">
        <ele>38.97401743195951</ele>
        <time>2026-08-24T22:47:54.200000Z</time>
        <extensions>
          <gpxtpx:TrackPointExtension>
            <gpxtpx:hr>145</gpxtpx:hr>
          </gpxtpx:TrackPointExtension>
        </extensions>
      </trkpt>
      <trkpt lat="40.00168124658297" lon="116.47213163125993">
        <ele>38.99282654747367</ele>
        <time>2026-08-24T22:47:55.200000Z</time>
        <extensions>
          <gpxtpx:TrackPointExtension>
            <gpxtpx:hr>145</gpxtpx:hr>
          </gpxtpx:TrackPointExtension>
        </extensions>
      </trkpt>
      <trkpt lat="40.001693999985925" lon="116.47212936638839">
        <ele>39.01262403745204</ele>
        <time>2026-08-24T22:47:56.200000Z</time>
        <extensions>
          <gpxtpx:TrackPointExtension>
            <gpxtpx:hr>142</gpxtpx:hr>
          </gpxtpx:TrackPointExtension>
        </extensions>
      </trkpt>
      <trkpt lat="40.00170706784556" lon="116.4721265631118">
        <ele>39.033146573230624</ele>
        <time>2026-08-24T22:47:57.200000Z</time>
        <extensions>
          <gpxtpx:TrackPointExtension>
            <gpxtpx:hr>142</gpxtpx:hr>
          </gpxtpx:TrackPointExtension>
        </extensions>
      </trkpt>
      <trkpt lat="40.00172056113633" lon="116.47212300758912">
        <ele>39.05375242140144</ele>
        <time>2026-08-24T22:47:58.200000Z</time>
        <extensions>
          <gpxtpx:TrackPointExtension>
            <gpxtpx:hr>142</gpxtpx:hr>
          </gpxtpx:TrackPointExtension>
        </extensions>
      </trkpt>
      <trkpt lat="40.00173432151609" lon="116.47211892735643">
        <ele>39.07359091565013</ele>
        <time>2026-08-24T22:47:59.200000Z</time>
        <extensions>
          <gpxtpx:TrackPointExtension>
            <gpxtpx:hr>141</gpxtpx:hr>
          </gpxtpx:TrackPointExtension>
        </extensions>
      </trkpt>
      <trkpt lat="40.00174821336357" lon="116.47211481899524">
        <ele>39.09189264848828</ele>
        <time>2026-08-24T22:48:00.200000Z</time>
        <extensions>
          <gpxtpx:TrackPointExtension>
            <gpxtpx:hr>141</gpxtpx:hr>
          </gpxtpx:TrackPointExtension>
        </extensions>
      </trkpt>
      <trkpt lat="40.00176215462135" lon="116.47211091902483">
        <ele>39.108279324136674</ele>
        <time>2026-08-24T22:48:01.200000Z</time>
        <extensions>
          <gpxtpx:TrackPointExtension>
            <gpxtpx:hr>141</gpxtpx:hr>
          </gpxtpx:TrackPointExtension>
        </extensions>
      </trkpt>
      <trkpt lat="40.00177604889493" lon="116.47210698218642">
        <ele>39.122808686457574</ele>
        <time>2026-08-24T22:48:02.200000Z</time>
        <extensions>
          <gpxtpx:TrackPointExtension>
            <gpxtpx:hr>140</gpxtpx:hr>
          </gpxtpx:TrackPointExtension>
        </extensions>
      </trkpt>
      <trkpt lat="40.0017897694702" lon="116.47210282837649">
        <ele>39.135953090153635</ele>
        <time>2026-08-24T22:48:03.200000Z</time>
        <extensions>
          <gpxtpx:TrackPointExtension>
            <gpxtpx:hr>140</gpxtpx:hr>
          </gpxtpx:TrackPointExtension>
        </extensions>
      </trkpt>
      <trkpt lat="40.001803450554085" lon="116.47209841690055">
        <ele>39.14833645615727</ele>
        <time>2026-08-24T22:48:04.200000Z</time>
        <extensions>
          <gpxtpx:TrackPointExtension>
            <gpxtpx:hr>140</gpxtpx:hr>
          </gpxtpx:TrackPointExtension>
        </extensions>
      </trkpt>
      <trkpt lat="40.00181731078134" lon="116.4720936029002">
        <ele>39.16028229519725</ele>
        <time>2026-08-24T22:48:05.200000Z</time>
        <extensions>
          <gpxtpx:TrackPointExtension>
            <gpxtpx:hr>140</gpxtpx:hr>
          </gpxtpx:TrackPointExtension>
        </extensions>
      </trkpt>
      <trkpt lat="40.00183134311215" lon="116.47208850536435">
        <ele>39.17198774591088</ele>
        <time>2026-08-24T22:48:06.200000Z</time>
        <extensions>
          <gpxtpx:TrackPointExtension>
            <gpxtpx:hr>140</gpxtpx:hr>
          </gpxtpx:TrackPointExtension>
        </extensions>
      </trkpt>
      <trkpt lat="40.00184547628047" lon="116.47208334919239">
        <ele>39.18385092448443</ele>
        <time>2026-08-24T22:48:07.200000Z</time>
        <extensions>
          <gpxtpx:TrackPointExtension>
            <gpxtpx:hr>140</gpxtpx:hr>
          </gpxtpx:TrackPointExtension>
        </extensions>
      </trkpt>
      <trkpt lat="40.00185962773443" lon="116.47207789075549">
        <ele>39.19641150627285</ele>
        <time>2026-08-24T22:48:08.200000Z</time>
        <extensions>
          <gpxtpx:TrackPointExtension>
            <gpxtpx:hr>139</gpxtpx:hr>
          </gpxtpx:TrackPointExtension>
        </extensions>
      </trkpt>
      <trkpt lat="40.00187371498974" lon="116.4720723837824">
        <ele>39.210210158489645</ele>
        <time>2026-08-24T22:48:09.200000Z</time>
        <extensions>
          <gpxtpx:TrackPointExtension>
            <gpxtpx:hr>139</gpxtpx:hr>
          </gpxtpx:TrackPointExtension>
        </extensions>
      </trkpt>
      <trkpt lat="40.00188765315105" lon="116.4720675917619">
        <ele>39.22579202055931</ele>
        <time>2026-08-24T22:48:10.200000Z</time>
        <extensions>
          <gpxtpx:TrackPointExtension>
            <gpxtpx:hr>139</gpxtpx:hr>
          </gpxtpx:TrackPointExtension>
        </extensions>
      </trkpt>
      <trkpt lat="40.00190127399377" lon="116.47206354298437">
        <ele>39.24365935381502</ele>
        <time>2026-08-24T22:48:11.200000Z</time>
        <extensions>
          <gpxtpx:TrackPointExtension>
            <gpxtpx:hr>139</gpxtpx:hr>
          </gpxtpx:TrackPointExtension>
        </extensions>
      </trkpt>
      <trkpt lat="40.00191436303317" lon="116.47206002644238">
        <ele>39.264081061817706</ele>
        <time>2026-08-24T22:48:12.200000Z</time>
        <extensions>
          <gpxtpx:TrackPointExtension>
            <gpxtpx:hr>139</gpxtpx:hr>
          </gpxtpx:TrackPointExtension>
        </extensions>
      </trkpt>
      <trkpt lat="40.00192682258425" lon="116.4720569839187">
        <ele>39.286983693018556</ele>
        <time>2026-08-24T22:48:13.200000Z</time>
        <extensions>
          <gpxtpx:TrackPointExtension>
            <gpxtpx:hr>137</gpxtpx:hr>
          </gpxtpx:TrackPointExtension>
        </extensions>
      </trkpt>
      <trkpt lat="40.00193869818125" lon="116.47205447601377">
        <ele>39.312025245279074</ele>
        <time>2026-08-24T22:48:14.200000Z</time>
        <extensions>
          <gpxtpx:TrackPointExtension>
            <gpxtpx:hr>137</gpxtpx:hr>
          </gpxtpx:TrackPointExtension>
        </extensions>
      </trkpt>
      <trkpt lat="40.00194995055719" lon="116.47205264885824">
        <ele>39.33880641404539</ele>
        <time>2026-08-24T22:48:15.200000Z</time>
        <extensions>
          <gpxtpx:TrackPointExtension>
            <gpxtpx:hr>137</gpxtpx:hr>
          </gpxtpx:TrackPointExtension>
        </extensions>
      </trkpt>
      <trkpt lat="40.00196062115757" lon="116.47205174817992">
        <ele>39.36701709125191</ele>
        <time>2026-08-24T22:48:16.200000Z</time>
        <extensions>
          <gpxtpx:TrackPointExtension>
            <gpxtpx:hr>137</gpxtpx:hr>
          </gpxtpx:TrackPointExtension>
        </extensions>
      </trkpt>
      <trkpt lat="40.001970924839306" lon="116.47205171974383">
        <ele>39.39615838881582</ele>
        <time>2026-08-24T22:48:17.200000Z</time>
        <extensions>
          <gpxtpx:TrackPointExtension>
            <gpxtpx:hr>137</gpxtpx:hr>
          </gpxtpx:TrackPointExtension>
        </extensions>
      </trkpt>
      <trkpt lat="40.00198097452024" lon="116.47205220427186">
        <ele>39.42548869550228</ele>
        <time>2026-08-24T22:48:18.200000Z</time>
        <extensions>
          <gpxtpx:TrackPointExtension>
            <gpxtpx:hr>137</gpxtpx:hr>
          </gpxtpx:TrackPointExtension>
        </extensions>
      </trkpt>
      <trkpt lat="40.00199055322065" lon="116.47205296255157">
        <ele>39.45385945495218</ele>
        <time>2026-08-24T22:48:19.200000Z</time>
        <extensions>
          <gpxtpx:TrackPointExtension>
            <gpxtpx:hr>135</gpxtpx:hr>
          </gpxtpx:TrackPointExtension>
        </extensions>
      </trkpt>
      <trkpt lat="40.00199937308505" lon="116.47205382797289">
        <ele>39.47981862910092</ele>
        <time>2026-08-24T22:48:20.200000Z</time>
        <extensions>
          <gpxtpx:TrackPointExtension>
            <gpxtpx:hr>135</gpxtpx:hr>
          </gpxtpx:TrackPointExtension>
        </extensions>
      </trkpt>
      <trkpt lat="40.002007346574416" lon="116.47205471091836">
        <ele>39.5020630704239</ele>
        <time>2026-08-24T22:48:21.200000Z</time>
        <extensions>
          <gpxtpx:TrackPointExtension>
            <gpxtpx:hr>135</gpxtpx:hr>
          </gpxtpx:TrackPointExtension>
        </extensions>
      </trkpt>
      <trkpt lat="40.00201469587627" lon="116.47205559928001">
        <ele>39.52013088297099</ele>
        <time>2026-08-24T22:48:22.200000Z</time>
        <extensions>
          <gpxtpx:TrackPointExtension>
            <gpxtpx:hr>135</gpxtpx:hr>
          </gpxtpx:TrackPointExtension>
        </extensions>
      </trkpt>
      <trkpt lat="40.00202186146701" lon="116.47205653462929">
        <ele>39.53455582354218</ele>
        <time>2026-08-24T22:48:23.200000Z</time>
        <extensions>
          <gpxtpx:TrackPointExtension>
            <gpxtpx:hr>135</gpxtpx:hr>
          </gpxtpx:TrackPointExtension>
        </extensions>
      </trkpt>
      <trkpt lat="40.00202901721597" lon="116.47205754174206">
        <ele>39.546345895156264</ele>
        <time>2026-08-24T22:48:24.200000Z</time>
        <extensions>
          <gpxtpx:TrackPointExtension>
            <gpxtpx:hr>135</gpxtpx:hr>
          </gpxtpx:TrackPointExtension>
        </extensions>
      </trkpt>
      <trkpt lat="40.002030049697524" lon="116.47205769294364">
        <ele>39.547900213859975</ele>
        <time>2026-08-24T22:48:24.300000Z</time>
        <extensions>
          <gpxtpx:TrackPointExtension>
            <gpxtpx:hr>135</gpxtpx:hr>
          </gpxtpx:TrackPointExtension>
        </extensions>
      </trkpt>
      <trkpt lat="40.00203714216792" lon="116.47205880095163">
        <ele>39.55833214242011</ele>
        <time>2026-08-24T22:48:25.300000Z</time>
        <extensions>
          <gpxtpx:TrackPointExtension>
            <gpxtpx:hr>135</gpxtpx:hr>
          </gpxtpx:TrackPointExtension>
        </extensions>
      </trkpt>
    </trkseg>
  </trk>
</gpx>