<?xml version="1.0" encoding="UTF-8"?>
<gpx xmlns="http://www.topografix.com/GPX/1/1" xmlns:gpxtpx="http://www.garmin.com/xmlschemas/TrackPointExtension/v1" xmlns:xsi="http://www.w3.org/2001/XMLSchema-instance" xsi:schemaLocation="http://www.topografix.com/GPX/1/1 http://www.topografix.com/GPX/1/1/gpx.xsd" version="1.1" creator="gpx.py -- https://github.com/tkrajina/gpxpy">
  <trk>
    <name>gpx from keep</name>
    <type>Run</type>
    <trkseg>
      <trkpt lat="28.231756910434434" lon="112.90291609893036">
        <ele>45.49003211315721</ele>
        <time>2026-08-17T22:33:36.212000Z</time>
      </trkpt>
      <trkpt lat="28.231757290281408" lon="112.90291456220595">
        <ele>45.55488389078528</ele>
        <time>2026-08-17T22:08:38.800000Z</time>
        <extensions>
          <gpxtpx:TrackPointExtension>
            <gpxtpx:hr>108</gpxtpx:hr>
          </gpxtpx:TrackPointExtension>
        </extensions>
      </trkpt>
      <trkpt lat="28.23176296147984" lon="112.90291143419063">
        <ele>45.62113097310066</ele>
        <time>2026-08-17T22:08:39.800000Z</time>
        <extensions>
          <gpxtpx:TrackPointExtension>
            <gpxtpx:hr>108</gpxtpx:hr>
          </gpxtpx:TrackPointExtension>
        </extensions>
      </trkpt>
      <trkpt lat="28.231774120645355" lon="112.90290800530211">
        <ele>46.602367244660854</ele>
        <time>2026-08-17T22:08:40.800000Z</time>
        <extensions>
          <gpxtpx:TrackPointExtension>
            <gpxtpx:hr>108</gpxtpx:hr>
          </gpxtpx:TrackPointExtension>
        </extensions>
      </trkpt>
      <trkpt lat="28.231786430922266" lon="112.90290522530196">
        <ele>46.718138069845736</ele>
        <time>2026-08-17T22:08:41.800000Z</time>
        <extensions>
          <gpxtpx:TrackPointExtension>
            <gpxtpx:hr>108</gpxtpx:hr>
          </gpxtpx:TrackPointExtension>
        </extensions>
      </trkpt>
      <trkpt lat="28.23179951665864" lon="112.90290282001426">
        <ele>46.7887571984902</ele>
        <time>2026-08-17T22:08:42.800000Z</time>
        <extensions>
          <gpxtpx:TrackPointExtension>
            <gpxtpx:hr>108</gpxtpx:hr>
          </gpxtpx:TrackPointExtension>
        </extensions>
      </trkpt>
      <trkpt lat="28.231812811650915" lon="112.90290040662302">
        <ele>46.8533185608685</ele>
        <time>2026-08-17T22:08:43.800000Z</time>
        <extensions>
          <gpxtpx:TrackPointExtension>
            <gpxtpx:hr>108</gpxtpx:hr>
          </gpxtpx:TrackPointExtension>
        </extensions>
      </trkpt>
      <trkpt lat="28.23182598320485" lon="112.90289795290808">
        <ele>46.919600550085306</ele>
        <time>2026-08-17T22:08:44.800000Z</time>
        <extensions>
          <gpxtpx:TrackPointExtension>
            <gpxtpx:hr>108</gpxtpx:hr>
          </gpxtpx:TrackPointExtension>
        </extensions>
      </trkpt>
      <trkpt lat="28.23183885639324" lon="112.90289586923437">
        <ele>46.989716205745935</ele>
        <time>2026-08-17T22:08:45.800000Z</time>
        <extensions>
          <gpxtpx:TrackPointExtension>
            <gpxtpx:hr>108</gpxtpx:hr>
          </gpxtpx:TrackPointExtension>
        </extensions>
      </trkpt>
      <trkpt lat="28.23185137607077" lon="112.9028942489648">
        <ele>47.06482963915914</ele>
        <time>2026-08-17T22:08:46.800000Z</time>
        <extensions>
          <gpxtpx:TrackPointExtension>
            <gpxtpx:hr>108</gpxtpx:hr>
          </gpxtpx:TrackPointExtension>
        </extensions>
      </trkpt>
      <trkpt lat="28.231863447302377" lon="112.90289275360857">
        <ele>47.14603420160711</ele>
        <time>2026-08-17T22:08:47.800000Z</time>
        <extensions>
          <gpxtpx:TrackPointExtension>
            <gpxtpx:hr>106</gpxtpx:hr>
          </gpxtpx:TrackPointExtension>
        </extensions>
      </trkpt>
      <trkpt lat="28.231874872379944" lon="112.90289104694897">
        <ele>47.23464561905712</ele>
        <time>2026-08-17T22:08:48.800000Z</time>
        <extensions>
          <gpxtpx:TrackPointExtension>
            <gpxtpx:hr>106</gpxtpx:hr>
          </gpxtpx:TrackPointExtension>
        </extensions>
      </trkpt>
      <trkpt lat="28.23188578685615" lon="112.90288897908344">
        <ele>47.33183444663882</ele>
        <time>2026-08-17T22:08:49.800000Z</time>
        <extensions>
          <gpxtpx:TrackPointExtension>
            <gpxtpx:hr>106</gpxtpx:hr>
          </gpxtpx:TrackPointExtension>
        </extensions>
      </trkpt>
      <trkpt lat="28.231896456127348" lon="112.90288659960618">
        <ele>47.43850102741271</ele>
        <time>2026-08-17T22:08:50.800000Z</time>
        <extensions>
          <gpxtpx:TrackPointExtension>
            <gpxtpx:hr>105</gpxtpx:hr>
          </gpxtpx:TrackPointExtension>
        </extensions>
      </trkpt>
      <trkpt lat="28.23190701308873" lon="112.90288403243021">
        <ele>47.555242110043764</ele>
        <time>2026-08-17T22:08:51.800000Z</time>
        <extensions>
          <gpxtpx:TrackPointExtension>
            <gpxtpx:hr>105</gpxtpx:hr>
          </gpxtpx:TrackPointExtension>
        </extensions>
      </trkpt>
      <trkpt lat="28.231917501512402" lon="112.90288121693864">
        <ele>47.68227656278759</ele>
        <time>2026-08-17T22:08:52.800000Z</time>
        <extensions>
          <gpxtpx:TrackPointExtension>
            <gpxtpx:hr>105</gpxtpx:hr>
          </gpxtpx:TrackPointExtension>
        </extensions>
      </trkpt>
      <trkpt lat="28.231927934965853" lon="112.90287777640663">
        <ele>47.819556566886604</ele>
        <time>2026-08-17T22:08:53.800000Z</time>
        <extensions>
          <gpxtpx:TrackPointExtension>
            <gpxtpx:hr>105</gpxtpx:hr>
          </gpxtpx:TrackPointExtension>
        </extensions>
      </trkpt>
      <trkpt lat="28.231938422539447" lon="112.90287368733311">
        <ele>47.96704491134733</ele>
        <time>2026-08-17T22:08:54.800000Z</time>
        <extensions>
          <gpxtpx:TrackPointExtension>
            <gpxtpx:hr>105</gpxtpx:hr>
          </gpxtpx:TrackPointExtension>
        </extensions>
      </trkpt>
      <trkpt lat="28.231949147303723" lon="112.9028695478015">
        <ele>48.12482917960733</ele>
        <time>2026-08-17T22:08:55.800000Z</time>
        <extensions>
          <gpxtpx:TrackPointExtension>
            <gpxtpx:hr>105</gpxtpx:hr>
          </gpxtpx:TrackPointExtension>
        </extensions>
      </trkpt>
      <trkpt lat="28.231960177454933" lon="112.90286591180335">
        <ele>48.293084889650345</ele>
        <time>2026-08-17T22:08:56.800000Z</time>
        <extensions>
          <gpxtpx:TrackPointExtension>
            <gpxtpx:hr>104</gpxtpx:hr>
          </gpxtpx:TrackPointExtension>
        </extensions>
      </trkpt>
      <trkpt lat="28.23197140457615" lon="112.90286276976465">
        <ele>48.47207460831851</ele>
        <time>2026-08-17T22:08:57.800000Z</time>
        <extensions>
          <gpxtpx:TrackPointExtension>
            <gpxtpx:hr>104</gpxtpx:hr>
          </gpxtpx:TrackPointExtension>
        </extensions>
      </trkpt>
      <trkpt lat="28.23198272626204" lon="112.90285991512714">
        <ele>48.66214215196669</ele>
        <time>2026-08-17T22:08:58.800000Z</time>
        <extensions>
          <gpxtpx:TrackPointExtension>
            <gpxtpx:hr>104</gpxtpx:hr>
          </gpxtpx:TrackPointExtension>
        </extensions>
      </trkpt>
      <trkpt lat="28.231994092582582" lon="112.90285730371718">
        <ele>48.86371048074216</ele>
        <time>2026-08-17T22:08:59.700000Z</time>
        <extensions>
          <gpxtpx:TrackPointExtension>
            <gpxtpx:hr>104</gpxtpx:hr>
          </gpxtpx:TrackPointExtension>
        </extensions>
      </trkpt>
      <trkpt lat="28.232005461162235" lon="112.90285491320886">
        <ele>49.07726497761905</ele>
        <time>2026-08-17T22:09:00.700000Z</time>
        <extensions>
          <gpxtpx:TrackPointExtension>
            <gpxtpx:hr>104</gpxtpx:hr>
          </gpxtpx:TrackPointExtension>
        </extensions>
      </trkpt>
      <trkpt lat="28.232016805603806" lon="112.90285248933363">
        <ele>49.30331214237958</ele>
        <time>2026-08-17T22:09:01.700000Z</time>
        <extensions>
          <gpxtpx:TrackPointExtension>
            <gpxtpx:hr>104</gpxtpx:hr>
          </gpxtpx:TrackPointExtension>
        </extensions>
      </trkpt>
      <trkpt lat="28.232028147718594" lon="112.90284978585947">
        <ele>49.542321564629674</ele>
        <time>2026-08-17T22:09:02.700000Z</time>
        <extensions>
          <gpxtpx:TrackPointExtension>
            <gpxtpx:hr>103</gpxtpx:hr>
          </gpxtpx:TrackPointExtension>
        </extensions>
      </trkpt>
      <trkpt lat="28.23203953305652" lon="112.90284683750096">
        <ele>49.79467449616641</ele>
        <time>2026-08-17T22:09:03.700000Z</time>
        <extensions>
          <gpxtpx:TrackPointExtension>
            <gpxtpx:hr>103</gpxtpx:hr>
          </gpxtpx:TrackPointExtension>
        </extensions>
      </trkpt>
      <trkpt lat="28.232050975093603" lon="112.90284367462502">
        <ele>50.060631554573774</ele>
        <time>2026-08-17T22:09:04.700000Z</time>
        <extensions>
          <gpxtpx:TrackPointExtension>
            <gpxtpx:hr>103</gpxtpx:hr>
          </gpxtpx:TrackPointExtension>
        </extensions>
      </trkpt>
      <trkpt lat="28.23206249765088" lon="112.9028402935686">
        <ele>50.34030355606228</ele>
        <time>2026-08-17T22:09:05.700000Z</time>
        <extensions>
          <gpxtpx:TrackPointExtension>
            <gpxtpx:hr>103</gpxtpx:hr>
          </gpxtpx:TrackPointExtension>
        </extensions>
      </trkpt>
      <trkpt lat="28.232074120790895" lon="112.9028368322771">
        <ele>50.6336197052151</ele>
        <time>2026-08-17T22:09:06.700000Z</time>
        <extensions>
          <gpxtpx:TrackPointExtension>
            <gpxtpx:hr>103</gpxtpx:hr>
          </gpxtpx:TrackPointExtension>
        </extensions>
      </trkpt>
      <trkpt lat="28.232085823621063" lon="112.90283347463192">
        <ele>50.94029595144093</ele>
        <time>2026-08-17T22:09:07.700000Z</time>
        <extensions>
          <gpxtpx:TrackPointExtension>
            <gpxtpx:hr>103</gpxtpx:hr>
          </gpxtpx:TrackPointExtension>
        </extensions>
      </trkpt>
      <trkpt lat="28.232097537325494" lon="112.90283021131359">
        <ele>51.25979857612401</ele>
        <time>2026-08-17T22:09:08.700000Z</time>
        <extensions>
          <gpxtpx:TrackPointExtension>
            <gpxtpx:hr>103</gpxtpx:hr>
          </gpxtpx:TrackPointExtension>
        </extensions>
      </trkpt>
      <trkpt lat="28.23210913541974" lon="112.90282690086009">
        <ele>51.59128106851131</ele>
        <time>2026-08-17T22:09:09.700000Z</time>
        <extensions>
          <gpxtpx:TrackPointExtension>
            <gpxtpx:hr>103</gpxtpx:hr>
          </gpxtpx:TrackPointExtension>
        </extensions>
      </trkpt>
      <trkpt lat="28.232120399688966" lon="112.90282338803041">
        <ele>51.93353244382888</ele>
        <time>2026-08-17T22:09:10.700000Z</time>
        <extensions>
          <gpxtpx:TrackPointExtension>
            <gpxtpx:hr>104</gpxtpx:hr>
          </gpxtpx:TrackPointExtension>
        </extensions>
      </trkpt>
      <trkpt lat="28.232131056796632" lon="112.90281983301604">
        <ele>52.28494576457888</ele>
        <time>2026-08-17T22:09:11.700000Z</time>
        <extensions>
          <gpxtpx:TrackPointExtension>
            <gpxtpx:hr>104</gpxtpx:hr>
          </gpxtpx:TrackPointExtension>
        </extensions>
      </trkpt>
      <trkpt lat="28.232141014475356" lon="112.9028164668872">
        <ele>52.643788954243064</ele>
        <time>2026-08-17T22:09:12.700000Z</time>
        <extensions>
          <gpxtpx:TrackPointExtension>
            <gpxtpx:hr>104</gpxtpx:hr>
          </gpxtpx:TrackPointExtension>
        </extensions>
      </trkpt>
      <trkpt lat="28.23215035520334" lon="112.90281328983542">
        <ele>53.008716352283955</ele>
        <time>2026-08-17T22:09:13.700000Z</time>
        <extensions>
          <gpxtpx:TrackPointExtension>
            <gpxtpx:hr>104</gpxtpx:hr>
          </gpxtpx:TrackPointExtension>
        </extensions>
      </trkpt>
      <trkpt lat="28.232159265102126" lon="112.90281019264756">
        <ele>53.3788985805586</ele>
        <time>2026-08-17T22:09:14.700000Z</time>
        <extensions>
          <gpxtpx:TrackPointExtension>
            <gpxtpx:hr>104</gpxtpx:hr>
          </gpxtpx:TrackPointExtension>
        </extensions>
      </trkpt>
      <trkpt lat="28.232168000395657" lon="112.90280700410766">
        <ele>53.75382818188518</ele>
        <time>2026-08-17T22:09:15.700000Z</time>
        <extensions>
          <gpxtpx:TrackPointExtension>
            <gpxtpx:hr>104</gpxtpx:hr>
          </gpxtpx:TrackPointExtension>
        </extensions>
      </trkpt>
      <trkpt lat="28.232176577022106" lon="112.90280365170337">
        <ele>54.133214838802814</ele>
        <time>2026-08-17T22:09:16.700000Z</time>
        <extensions>
          <gpxtpx:TrackPointExtension>
            <gpxtpx:hr>104</gpxtpx:hr>
          </gpxtpx:TrackPointExtension>
        </extensions>
      </trkpt>
      <trkpt lat="28.232185121273947" lon="112.9028001291818">
        <ele>54.51693587936461</ele>
        <time>2026-08-17T22:09:17.700000Z</time>
        <extensions>
          <gpxtpx:TrackPointExtension>
            <gpxtpx:hr>104</gpxtpx:hr>
          </gpxtpx:TrackPointExtension>
        </extensions>
      </trkpt>
      <trkpt lat="28.23219382307402" lon="112.90279649202954">
        <ele>54.90496080648154</ele>
        <time>2026-08-17T22:09:18.700000Z</time>
        <extensions>
          <gpxtpx:TrackPointExtension>
            <gpxtpx:hr>104</gpxtpx:hr>
          </gpxtpx:TrackPointExtension>
        </extensions>
      </trkpt>
      <trkpt lat="28.232202651750036" lon="112.90279294133391">
        <ele>55.29721937421709</ele>
        <time>2026-08-17T22:09:19.700000Z</time>
        <extensions>
          <gpxtpx:TrackPointExtension>
            <gpxtpx:hr>104</gpxtpx:hr>
          </gpxtpx:TrackPointExtension>
        </extensions>
      </trkpt>
      <trkpt lat="28.232211779015476" lon="112.90278966638496">
        <ele>55.693482101894915</ele>
        <time>2026-08-17T22:09:20.700000Z</time>
        <extensions>
          <gpxtpx:TrackPointExtension>
            <gpxtpx:hr>104</gpxtpx:hr>
          </gpxtpx:TrackPointExtension>
        </extensions>
      </trkpt>
      <trkpt lat="28.232221344028677" lon="112.90278678078246">
        <ele>56.09325412660837</ele>
        <time>2026-08-17T22:09:21.700000Z</time>
        <extensions>
          <gpxtpx:TrackPointExtension>
            <gpxtpx:hr>104</gpxtpx:hr>
          </gpxtpx:TrackPointExtension>
        </extensions>
      </trkpt>
      <trkpt lat="28.23223142106483" lon="112.90278423424797">
        <ele>56.49563199374825</ele>
        <time>2026-08-17T22:09:22.700000Z</time>
        <extensions>
          <gpxtpx:TrackPointExtension>
            <gpxtpx:hr>104</gpxtpx:hr>
          </gpxtpx:TrackPointExtension>
        </extensions>
      </trkpt>
      <trkpt lat="28.232242158310026" lon="112.9027818689999">
        <ele>56.89911998901516</ele>
        <time>2026-08-17T22:09:23.700000Z</time>
        <extensions>
          <gpxtpx:TrackPointExtension>
            <gpxtpx:hr>104</gpxtpx:hr>
          </gpxtpx:TrackPointExtension>
        </extensions>
      </trkpt>
      <trkpt lat="28.23225339600704" lon="112.90277974701358">
        <ele>57.301487545482814</ele>
        <time>2026-08-17T22:09:24.700000Z</time>
        <extensions>
          <gpxtpx:TrackPointExtension>
            <gpxtpx:hr>105</gpxtpx:hr>
          </gpxtpx:TrackPointExtension>
        </extensions>
      </trkpt>
      <trkpt lat="28.232264614009743" lon="112.90277811183807">
        <ele>57.69967672228813</ele>
        <time>2026-08-17T22:09:25.700000Z</time>
        <extensions>
          <gpxtpx:TrackPointExtension>
            <gpxtpx:hr>105</gpxtpx:hr>
          </gpxtpx:TrackPointExtension>
        </extensions>
      </trkpt>
      <trkpt lat="28.232275067955957" lon="112.90277660814058">
        <ele>58.08963919710368</ele>
        <time>2026-08-17T22:09:26.700000Z</time>
        <extensions>
          <gpxtpx:TrackPointExtension>
            <gpxtpx:hr>105</gpxtpx:hr>
          </gpxtpx:TrackPointExtension>
        </extensions>
      </trkpt>
      <trkpt lat="28.232284261523517" lon="112.90277451880664">
        <ele>58.46601706370711</ele>
        <time>2026-08-17T22:09:27.700000Z</time>
        <extensions>
          <gpxtpx:TrackPointExtension>
            <gpxtpx:hr>105</gpxtpx:hr>
          </gpxtpx:TrackPointExtension>
        </extensions>
      </trkpt>
      <trkpt lat="28.23229253732464" lon="112.90277162194019">
        <ele>58.82168870046735</ele>
        <time>2026-08-17T22:09:28.700000Z</time>
        <extensions>
          <gpxtpx:TrackPointExtension>
            <gpxtpx:hr>105</gpxtpx:hr>
          </gpxtpx:TrackPointExtension>
        </extensions>
      </trkpt>
      <trkpt lat="28.232300522756454" lon="112.90276796667345">
        <ele>59.147139981389046</ele>
        <time>2026-08-17T22:09:29.700000Z</time>
        <extensions>
          <gpxtpx:TrackPointExtension>
            <gpxtpx:hr>105</gpxtpx:hr>
          </gpxtpx:TrackPointExtension>
        </extensions>
      </trkpt>
      <trkpt lat="28.232307402877783" lon="112.90276415492318">
        <ele>59.39403963368386</ele>
        <time>2026-08-17T22:09:30.500000Z</time>
        <extensions>
          <gpxtpx:TrackPointExtension>
            <gpxtpx:hr>101</gpxtpx:hr>
          </gpxtpx:TrackPointExtension>
        </extensions>
      </trkpt>
      <trkpt lat="28.2323152972735" lon="112.90275821445555">
        <ele>59.64088930003345</ele>
        <time>2026-08-17T22:09:31.500000Z</time>
        <extensions>
          <gpxtpx:TrackPointExtension>
            <gpxtpx:hr>101</gpxtpx:hr>
          </gpxtpx:TrackPointExtension>
        </extensions>
      </trkpt>
      <trkpt lat="28.23232270074574" lon="112.90275111380748">
        <ele>59.83432197198272</ele>
        <time>2026-08-17T22:09:32.500000Z</time>
        <extensions>
          <gpxtpx:TrackPointExtension>
            <gpxtpx:hr>101</gpxtpx:hr>
          </gpxtpx:TrackPointExtension>
        </extensions>
      </trkpt>
      <trkpt lat="28.23232989657976" lon="112.90274407892956">
        <ele>59.97828934621066</ele>
        <time>2026-08-17T22:09:33.500000Z</time>
        <extensions>
          <gpxtpx:TrackPointExtension>
            <gpxtpx:hr>101</gpxtpx:hr>
          </gpxtpx:TrackPointExtension>
        </extensions>
      </trkpt>
      <trkpt lat="28.232337012813538" lon="112.90273762423158">
        <ele>60.08062969800085</ele>
        <time>2026-08-17T22:09:34.500000Z</time>
        <extensions>
          <gpxtpx:TrackPointExtension>
            <gpxtpx:hr>101</gpxtpx:hr>
          </gpxtpx:TrackPointExtension>
        </extensions>
      </trkpt>
      <trkpt lat="28.232344293501946" lon="112.90273172322088">
        <ele>60.150378208607435</ele>
        <time>2026-08-17T22:09:35.500000Z</time>
        <extensions>
          <gpxtpx:TrackPointExtension>
            <gpxtpx:hr>101</gpxtpx:hr>
          </gpxtpx:TrackPointExtension>
        </extensions>
      </trkpt>
      <trkpt lat="28.23235205960928" lon="112.90272614162112">
        <ele>60.196169620379806</ele>
        <time>2026-08-17T22:09:36.500000Z</time>
        <extensions>
          <gpxtpx:TrackPointExtension>
            <gpxtpx:hr>101</gpxtpx:hr>
          </gpxtpx:TrackPointExtension>
        </extensions>
      </trkpt>
      <trkpt lat="28.2323604638029" lon="112.90272072212007">
        <ele>60.22538946289569</ele>
        <time>2026-08-17T22:09:37.500000Z</time>
        <extensions>
          <gpxtpx:TrackPointExtension>
            <gpxtpx:hr>105</gpxtpx:hr>
          </gpxtpx:TrackPointExtension>
        </extensions>
      </trkpt>
      <trkpt lat="28.23236952111638" lon="112.90271535083187">
        <ele>60.24385708477348</ele>
        <time>2026-08-17T22:09:38.500000Z</time>
        <extensions>
          <gpxtpx:TrackPointExtension>
            <gpxtpx:hr>105</gpxtpx:hr>
          </gpxtpx:TrackPointExtension>
        </extensions>
      </trkpt>
      <trkpt lat="28.232379241134318" lon="112.90270988272844">
        <ele>60.25584918260574</ele>
        <time>2026-08-17T22:09:39.500000Z</time>
        <extensions>
          <gpxtpx:TrackPointExtension>
            <gpxtpx:hr>105</gpxtpx:hr>
          </gpxtpx:TrackPointExtension>
        </extensions>
      </trkpt>
      <trkpt lat="28.23238968567395" lon="112.90270416422332">
        <ele>60.26430871896446</ele>
        <time>2026-08-17T22:09:40.500000Z</time>
        <extensions>
          <gpxtpx:TrackPointExtension>
            <gpxtpx:hr>105</gpxtpx:hr>
          </gpxtpx:TrackPointExtension>
        </extensions>
      </trkpt>
      <trkpt lat="28.232400748072244" lon="112.90269820291216">
        <ele>60.27110632695258</ele>
        <time>2026-08-17T22:09:41.500000Z</time>
        <extensions>
          <gpxtpx:TrackPointExtension>
            <gpxtpx:hr>105</gpxtpx:hr>
          </gpxtpx:TrackPointExtension>
        </extensions>
      </trkpt>
      <trkpt lat="28.232412084119012" lon="112.90269221858136">
        <ele>60.27730393130332</ele>
        <time>2026-08-17T22:09:42.500000Z</time>
        <extensions>
          <gpxtpx:TrackPointExtension>
            <gpxtpx:hr>105</gpxtpx:hr>
          </gpxtpx:TrackPointExtension>
        </extensions>
      </trkpt>
      <trkpt lat="28.232423362557878" lon="112.90268643893992">
        <ele>60.283409494906664</ele>
        <time>2026-08-17T22:09:43.500000Z</time>
        <extensions>
          <gpxtpx:TrackPointExtension>
            <gpxtpx:hr>105</gpxtpx:hr>
          </gpxtpx:TrackPointExtension>
        </extensions>
      </trkpt>
      <trkpt lat="28.232434229897347" lon="112.90268106119086">
        <ele>60.289612259715796</ele>
        <time>2026-08-17T22:09:44.500000Z</time>
        <extensions>
          <gpxtpx:TrackPointExtension>
            <gpxtpx:hr>105</gpxtpx:hr>
          </gpxtpx:TrackPointExtension>
        </extensions>
      </trkpt>
      <trkpt lat="28.232444703295613" lon="112.90267605955381">
        <ele>60.295992627739906</ele>
        <time>2026-08-17T22:09:45.500000Z</time>
        <extensions>
          <gpxtpx:TrackPointExtension>
            <gpxtpx:hr>105</gpxtpx:hr>
          </gpxtpx:TrackPointExtension>
        </extensions>
      </trkpt>
      <trkpt lat="28.232455057170583" lon="112.902671277083">
        <ele>60.3026383202523</ele>
        <time>2026-08-17T22:09:46.500000Z</time>
        <extensions>
          <gpxtpx:TrackPointExtension>
            <gpxtpx:hr>105</gpxtpx:hr>
          </gpxtpx:TrackPointExtension>
        </extensions>
      </trkpt>
      <trkpt lat="28.232465451741568" lon="112.90266660933013">
        <ele>60.3096492709592</ele>
        <time>2026-08-17T22:09:47.500000Z</time>
        <extensions>
          <gpxtpx:TrackPointExtension>
            <gpxtpx:hr>105</gpxtpx:hr>
          </gpxtpx:TrackPointExtension>
        </extensions>
      </trkpt>
      <trkpt lat="28.232475908127025" lon="112.90266199063201">
        <ele>60.31708038318902</ele>
        <time>2026-08-17T22:09:48.500000Z</time>
        <extensions>
          <gpxtpx:TrackPointExtension>
            <gpxtpx:hr>106</gpxtpx:hr>
          </gpxtpx:TrackPointExtension>
        </extensions>
      </trkpt>
      <trkpt lat="28.23248639488246" lon="112.9026573498692">
        <ele>60.324973090551794</ele>
        <time>2026-08-17T22:09:49.500000Z</time>
        <extensions>
          <gpxtpx:TrackPointExtension>
            <gpxtpx:hr>106</gpxtpx:hr>
          </gpxtpx:TrackPointExtension>
        </extensions>
      </trkpt>
      <trkpt lat="28.232496931101256" lon="112.90265254399436">
        <ele>60.33327051438391</ele>
        <time>2026-08-17T22:09:50.500000Z</time>
        <extensions>
          <gpxtpx:TrackPointExtension>
            <gpxtpx:hr>106</gpxtpx:hr>
          </gpxtpx:TrackPointExtension>
        </extensions>
      </trkpt>
      <trkpt lat="28.232507404574303" lon="112.90264752468201">
        <ele>60.341876425780356</ele>
        <time>2026-08-17T22:09:51.500000Z</time>
        <extensions>
          <gpxtpx:TrackPointExtension>
            <gpxtpx:hr>106</gpxtpx:hr>
          </gpxtpx:TrackPointExtension>
        </extensions>
      </trkpt>
      <trkpt lat="28.232517725129284" lon="112.90264230115343">
        <ele>60.3504906706512</ele>
        <time>2026-08-17T22:09:52.500000Z</time>
        <extensions>
          <gpxtpx:TrackPointExtension>
            <gpxtpx:hr>106</gpxtpx:hr>
          </gpxtpx:TrackPointExtension>
        </extensions>
      </trkpt>
      <trkpt lat="28.232527898721507" lon="112.90263684971073">
        <ele>60.35859171953052</ele>
        <time>2026-08-17T22:09:53.500000Z</time>
        <extensions>
          <gpxtpx:TrackPointExtension>
            <gpxtpx:hr>105</gpxtpx:hr>
          </gpxtpx:TrackPointExtension>
        </extensions>
      </trkpt>
      <trkpt lat="28.23253793407009" lon="112.90263116544709">
        <ele>60.36526358220726</ele>
        <time>2026-08-17T22:09:54.500000Z</time>
        <extensions>
          <gpxtpx:TrackPointExtension>
            <gpxtpx:hr>105</gpxtpx:hr>
          </gpxtpx:TrackPointExtension>
        </extensions>
      </trkpt>
      <trkpt lat="28.232547793137293" lon="112.90262526951692">
        <ele>60.36919711343944</ele>
        <time>2026-08-17T22:09:55.500000Z</time>
        <extensions>
          <gpxtpx:TrackPointExtension>
            <gpxtpx:hr>105</gpxtpx:hr>
          </gpxtpx:TrackPointExtension>
        </extensions>
      </trkpt>
      <trkpt lat="28.232557534802233" lon="112.90261913105465">
        <ele>60.36862670071423</ele>
        <time>2026-08-17T22:09:56.500000Z</time>
        <extensions>
          <gpxtpx:TrackPointExtension>
            <gpxtpx:hr>105</gpxtpx:hr>
          </gpxtpx:TrackPointExtension>
        </extensions>
      </trkpt>
      <trkpt lat="28.232567256719" lon="112.90261274268042">
        <ele>60.361349523067474</ele>
        <time>2026-08-17T22:09:57.500000Z</time>
        <extensions>
          <gpxtpx:TrackPointExtension>
            <gpxtpx:hr>105</gpxtpx:hr>
          </gpxtpx:TrackPointExtension>
        </extensions>
      </trkpt>
      <trkpt lat="28.23257676433002" lon="112.90260630685117">
        <ele>60.344843111000955</ele>
        <time>2026-08-17T22:09:58.500000Z</time>
        <extensions>
          <gpxtpx:TrackPointExtension>
            <gpxtpx:hr>105</gpxtpx:hr>
          </gpxtpx:TrackPointExtension>
        </extensions>
      </trkpt>
      <trkpt lat="28.232585689202363" lon="112.90260020398406">
        <ele>60.31663216650486</ele>
        <time>2026-08-17T22:09:59.500000Z</time>
        <extensions>
          <gpxtpx:TrackPointExtension>
            <gpxtpx:hr>105</gpxtpx:hr>
          </gpxtpx:TrackPointExtension>
        </extensions>
      </trkpt>
      <trkpt lat="28.232593890676288" lon="112.90259478314384">
        <ele>60.2747734002769</ele>
        <time>2026-08-17T22:10:00.500000Z</time>
        <extensions>
          <gpxtpx:TrackPointExtension>
            <gpxtpx:hr>105</gpxtpx:hr>
          </gpxtpx:TrackPointExtension>
        </extensions>
      </trkpt>
      <trkpt lat="28.2326017895375" lon="112.90259012451749">
        <ele>60.218484081327915</ele>
        <time>2026-08-17T22:10:01.500000Z</time>
        <extensions>
          <gpxtpx:TrackPointExtension>
            <gpxtpx:hr>105</gpxtpx:hr>
          </gpxtpx:TrackPointExtension>
        </extensions>
      </trkpt>
      <trkpt lat="28.23261093106977" lon="112.90258598335308">
        <ele>60.14210616145283</ele>
        <time>2026-08-17T22:10:02.600000Z</time>
        <extensions>
          <gpxtpx:TrackPointExtension>
            <gpxtpx:hr>105</gpxtpx:hr>
          </gpxtpx:TrackPointExtension>
        </extensions>
      </trkpt>
      <trkpt lat="28.23261999309088" lon="112.90258289001838">
        <ele>60.06316897645593</ele>
        <time>2026-08-17T22:10:03.600000Z</time>
        <extensions>
          <gpxtpx:TrackPointExtension>
            <gpxtpx:hr>105</gpxtpx:hr>
          </gpxtpx:TrackPointExtension>
        </extensions>
      </trkpt>
      <trkpt lat="28.232629608075086" lon="112.90258004426092">
        <ele>59.980113436467946</ele>
        <time>2026-08-17T22:10:04.600000Z</time>
        <extensions>
          <gpxtpx:TrackPointExtension>
            <gpxtpx:hr>105</gpxtpx:hr>
          </gpxtpx:TrackPointExtension>
        </extensions>
      </trkpt>
      <trkpt lat="28.23263972929415" lon="112.90257737703602">
        <ele>59.90197509620339</ele>
        <time>2026-08-17T22:10:05.600000Z</time>
        <extensions>
          <gpxtpx:TrackPointExtension>
            <gpxtpx:hr>105</gpxtpx:hr>
          </gpxtpx:TrackPointExtension>
        </extensions>
      </trkpt>
      <trkpt lat="28.232650096103377" lon="112.90257496658398">
        <ele>59.820331261493266</ele>
        <time>2026-08-17T22:10:06.600000Z</time>
        <extensions>
          <gpxtpx:TrackPointExtension>
            <gpxtpx:hr>105</gpxtpx:hr>
          </gpxtpx:TrackPointExtension>
        </extensions>
      </trkpt>
      <trkpt lat="28.232660183135156" lon="112.90257294106337">
        <ele>59.74116157181561</ele>
        <time>2026-08-17T22:10:07.600000Z</time>
        <extensions>
          <gpxtpx:TrackPointExtension>
            <gpxtpx:hr>105</gpxtpx:hr>
          </gpxtpx:TrackPointExtension>
        </extensions>
      </trkpt>
      <trkpt lat="28.232669262294756" lon="112.90257094481447">
        <ele>59.66554494574666</ele>
        <time>2026-08-17T22:10:08.600000Z</time>
        <extensions>
          <gpxtpx:TrackPointExtension>
            <gpxtpx:hr>105</gpxtpx:hr>
          </gpxtpx:TrackPointExtension>
        </extensions>
      </trkpt>
      <trkpt lat="28.232676796819067" lon="112.902568385132">
        <ele>59.59431694447994</ele>
        <time>2026-08-17T22:10:09.600000Z</time>
        <extensions>
          <gpxtpx:TrackPointExtension>
            <gpxtpx:hr>105</gpxtpx:hr>
          </gpxtpx:TrackPointExtension>
        </extensions>
      </trkpt>
      <trkpt lat="28.232682686824667" lon="112.90256546917198">
        <ele>59.528005679138005</ele>
        <time>2026-08-17T22:10:10.600000Z</time>
        <extensions>
          <gpxtpx:TrackPointExtension>
            <gpxtpx:hr>106</gpxtpx:hr>
          </gpxtpx:TrackPointExtension>
        </extensions>
      </trkpt>
      <trkpt lat="28.232686569882894" lon="112.90256299305916">
        <ele>59.46708326693624</ele>
        <time>2026-08-17T22:10:11.600000Z</time>
        <extensions>
          <gpxtpx:TrackPointExtension>
            <gpxtpx:hr>106</gpxtpx:hr>
          </gpxtpx:TrackPointExtension>
        </extensions>
      </trkpt>
      <trkpt lat="28.232690309742758" lon="112.90256050412773">
        <ele>59.41179902199656</ele>
        <time>2026-08-17T22:10:12.600000Z</time>
        <extensions>
          <gpxtpx:TrackPointExtension>
            <gpxtpx:hr>106</gpxtpx:hr>
          </gpxtpx:TrackPointExtension>
        </extensions>
      </trkpt>
      <trkpt lat="28.232695639439285" lon="112.90255748080003">
        <ele>59.36234839539975</ele>
        <time>2026-08-17T22:10:13.600000Z</time>
        <extensions>
          <gpxtpx:TrackPointExtension>
            <gpxtpx:hr>106</gpxtpx:hr>
          </gpxtpx:TrackPointExtension>
        </extensions>
      </trkpt>
      <trkpt lat="28.232701867987956" lon="112.90255469384847">
        <ele>59.31881488952786</ele>
        <time>2026-08-17T22:10:14.600000Z</time>
        <extensions>
          <gpxtpx:TrackPointExtension>
            <gpxtpx:hr>106</gpxtpx:hr>
          </gpxtpx:TrackPointExtension>
        </extensions>
      </trkpt>
      <trkpt lat="28.232708873134243" lon="112.90255272232595">
        <ele>59.281115845777094</ele>
        <time>2026-08-17T22:10:15.600000Z</time>
        <extensions>
          <gpxtpx:TrackPointExtension>
            <gpxtpx:hr>106</gpxtpx:hr>
          </gpxtpx:TrackPointExtension>
        </extensions>
      </trkpt>
      <trkpt lat="28.232716863420872" lon="112.90255165445443">
        <ele>59.24909102637321</ele>
        <time>2026-08-17T22:10:16.600000Z</time>
        <extensions>
          <gpxtpx:TrackPointExtension>
            <gpxtpx:hr>114</gpxtpx:hr>
          </gpxtpx:TrackPointExtension>
        </extensions>
      </trkpt>
      <trkpt lat="28.232725850010652" lon="112.90255120341368">
        <ele>59.22255928721279</ele>
        <time>2026-08-17T22:10:17.600000Z</time>
        <extensions>
          <gpxtpx:TrackPointExtension>
            <gpxtpx:hr>114</gpxtpx:hr>
          </gpxtpx:TrackPointExtension>
        </extensions>
      </trkpt>
      <trkpt lat="28.23273564490085" lon="112.90255099474929">
        <ele>59.20151714514941</ele>
        <time>2026-08-17T22:10:18.600000Z</time>
        <extensions>
          <gpxtpx:TrackPointExtension>
            <gpxtpx:hr>114</gpxtpx:hr>
          </gpxtpx:TrackPointExtension>
        </extensions>
      </trkpt>
      <trkpt lat="28.232745933534364" lon="112.90255074600937">
        <ele>59.18594591598958</ele>
        <time>2026-08-17T22:10:19.600000Z</time>
        <extensions>
          <gpxtpx:TrackPointExtension>
            <gpxtpx:hr>114</gpxtpx:hr>
          </gpxtpx:TrackPointExtension>
        </extensions>
      </trkpt>
      <trkpt lat="28.23275625212821" lon="112.90255029783202">
        <ele>59.175820196047425</ele>
        <time>2026-08-17T22:10:20.600000Z</time>
        <extensions>
          <gpxtpx:TrackPointExtension>
            <gpxtpx:hr>114</gpxtpx:hr>
          </gpxtpx:TrackPointExtension>
        </extensions>
      </trkpt>
      <trkpt lat="28.23276637903414" lon="112.9025493846586">
        <ele>59.171042861416936</ele>
        <time>2026-08-17T22:10:21.600000Z</time>
        <extensions>
          <gpxtpx:TrackPointExtension>
            <gpxtpx:hr>114</gpxtpx:hr>
          </gpxtpx:TrackPointExtension>
        </extensions>
      </trkpt>
      <trkpt lat="28.232776498353314" lon="112.90254795753648">
        <ele>59.17152447625995</ele>
        <time>2026-08-17T22:10:22.600000Z</time>
        <extensions>
          <gpxtpx:TrackPointExtension>
            <gpxtpx:hr>114</gpxtpx:hr>
          </gpxtpx:TrackPointExtension>
        </extensions>
      </trkpt>
      <trkpt lat="28.232786891999357" lon="112.90254616643104">
        <ele>59.17719116341323</ele>
        <time>2026-08-17T22:10:23.600000Z</time>
        <extensions>
          <gpxtpx:TrackPointExtension>
            <gpxtpx:hr>113</gpxtpx:hr>
          </gpxtpx:TrackPointExtension>
        </extensions>
      </trkpt>
      <trkpt lat="28.23279805476562" lon="112.90254394398207">
        <ele>59.187901858240366</ele>
        <time>2026-08-17T22:10:24.600000Z</time>
        <extensions>
          <gpxtpx:TrackPointExtension>
            <gpxtpx:hr>113</gpxtpx:hr>
          </gpxtpx:TrackPointExtension>
        </extensions>
      </trkpt>
      <trkpt lat="28.232810213705424" lon="112.90254142219104">
        <ele>59.203250295482576</ele>
        <time>2026-08-17T22:10:25.600000Z</time>
        <extensions>
          <gpxtpx:TrackPointExtension>
            <gpxtpx:hr>113</gpxtpx:hr>
          </gpxtpx:TrackPointExtension>
        </extensions>
      </trkpt>
      <trkpt lat="28.23282283572922" lon="112.90253861661859">
        <ele>59.22259225603193</ele>
        <time>2026-08-17T22:10:26.600000Z</time>
        <extensions>
          <gpxtpx:TrackPointExtension>
            <gpxtpx:hr>113</gpxtpx:hr>
          </gpxtpx:TrackPointExtension>
        </extensions>
      </trkpt>
      <trkpt lat="28.23283576335579" lon="112.90253519993479">
        <ele>59.2451306451112</ele>
        <time>2026-08-17T22:10:27.600000Z</time>
        <extensions>
          <gpxtpx:TrackPointExtension>
            <gpxtpx:hr>113</gpxtpx:hr>
          </gpxtpx:TrackPointExtension>
        </extensions>
      </trkpt>
      <trkpt lat="28.232849324339938" lon="112.90253104129219">
        <ele>59.2699711676687</ele>
        <time>2026-08-17T22:10:28.600000Z</time>
        <extensions>
          <gpxtpx:TrackPointExtension>
            <gpxtpx:hr>113</gpxtpx:hr>
          </gpxtpx:TrackPointExtension>
        </extensions>
      </trkpt>
      <trkpt lat="28.23286366653401" lon="112.90252568985468">
        <ele>59.296144902706146</ele>
        <time>2026-08-17T22:10:29.600000Z</time>
        <extensions>
          <gpxtpx:TrackPointExtension>
            <gpxtpx:hr>109</gpxtpx:hr>
          </gpxtpx:TrackPointExtension>
        </extensions>
      </trkpt>
      <trkpt lat="28.23287844002617" lon="112.90251910127297">
        <ele>59.322693733498454</ele>
        <time>2026-08-17T22:10:30.600000Z</time>
        <extensions>
          <gpxtpx:TrackPointExtension>
            <gpxtpx:hr>109</gpxtpx:hr>
          </gpxtpx:TrackPointExtension>
        </extensions>
      </trkpt>
      <trkpt lat="28.232893212610826" lon="112.90251186296511">
        <ele>59.34878408256918</ele>
        <time>2026-08-17T22:10:31.600000Z</time>
        <extensions>
          <gpxtpx:TrackPointExtension>
            <gpxtpx:hr>109</gpxtpx:hr>
          </gpxtpx:TrackPointExtension>
        </extensions>
      </trkpt>
      <trkpt lat="28.23290788218563" lon="112.90250420935516">
        <ele>59.373842783272266</ele>
        <time>2026-08-17T22:10:32.600000Z</time>
        <extensions>
          <gpxtpx:TrackPointExtension>
            <gpxtpx:hr>109</gpxtpx:hr>
          </gpxtpx:TrackPointExtension>
        </extensions>
      </trkpt>
      <trkpt lat="28.232922356559882" lon="112.90249643833336">
        <ele>59.397600749507546</ele>
        <time>2026-08-17T22:10:33.600000Z</time>
        <extensions>
          <gpxtpx:TrackPointExtension>
            <gpxtpx:hr>109</gpxtpx:hr>
          </gpxtpx:TrackPointExtension>
        </extensions>
      </trkpt>
      <trkpt lat="28.23293678993741" lon="112.90248881684963">
        <ele>59.420021910220385</ele>
        <time>2026-08-17T22:10:34.600000Z</time>
        <extensions>
          <gpxtpx:TrackPointExtension>
            <gpxtpx:hr>113</gpxtpx:hr>
          </gpxtpx:TrackPointExtension>
        </extensions>
      </trkpt>
      <trkpt lat="28.232951155521295" lon="112.90248145829605">
        <ele>59.44117769226432</ele>
        <time>2026-08-17T22:10:35.600000Z</time>
        <extensions>
          <gpxtpx:TrackPointExtension>
            <gpxtpx:hr>113</gpxtpx:hr>
          </gpxtpx:TrackPointExtension>
        </extensions>
      </trkpt>
      <trkpt lat="28.2329657265801" lon="112.90247387826987">
        <ele>59.4613401805982</ele>
        <time>2026-08-17T22:10:36.600000Z</time>
        <extensions>
          <gpxtpx:TrackPointExtension>
            <gpxtpx:hr>113</gpxtpx:hr>
          </gpxtpx:TrackPointExtension>
        </extensions>
      </trkpt>
      <trkpt lat="28.232980599232583" lon="112.90246558314125">
        <ele>59.480785955674946</ele>
        <time>2026-08-17T22:10:37.600000Z</time>
        <extensions>
          <gpxtpx:TrackPointExtension>
            <gpxtpx:hr>113</gpxtpx:hr>
          </gpxtpx:TrackPointExtension>
        </extensions>
      </trkpt>
      <trkpt lat="28.232996207671526" lon="112.90245615614735">
        <ele>59.49980776384473</ele>
        <time>2026-08-17T22:10:38.600000Z</time>
        <extensions>
          <gpxtpx:TrackPointExtension>
            <gpxtpx:hr>113</gpxtpx:hr>
          </gpxtpx:TrackPointExtension>
        </extensions>
      </trkpt>
      <trkpt lat="28.233013102506394" lon="112.90244530345382">
        <ele>59.518616487272084</ele>
        <time>2026-08-17T22:10:39.600000Z</time>
        <extensions>
          <gpxtpx:TrackPointExtension>
            <gpxtpx:hr>113</gpxtpx:hr>
          </gpxtpx:TrackPointExtension>
        </extensions>
      </trkpt>
      <trkpt lat="28.23303102574177" lon="112.90243358327757">
        <ele>59.537431416101754</ele>
        <time>2026-08-17T22:10:40.600000Z</time>
        <extensions>
          <gpxtpx:TrackPointExtension>
            <gpxtpx:hr>113</gpxtpx:hr>
          </gpxtpx:TrackPointExtension>
        </extensions>
      </trkpt>
      <trkpt lat="28.233049598458805" lon="112.90242169004716">
        <ele>59.55637575034052</ele>
        <time>2026-08-17T22:10:41.600000Z</time>
        <extensions>
          <gpxtpx:TrackPointExtension>
            <gpxtpx:hr>116</gpxtpx:hr>
          </gpxtpx:TrackPointExtension>
        </extensions>
      </trkpt>
      <trkpt lat="28.233068468914198" lon="112.90240963786792">
        <ele>59.57551783788949</ele>
        <time>2026-08-17T22:10:42.600000Z</time>
        <extensions>
          <gpxtpx:TrackPointExtension>
            <gpxtpx:hr>116</gpxtpx:hr>
          </gpxtpx:TrackPointExtension>
        </extensions>
      </trkpt>
      <trkpt lat="28.23308742997347" lon="112.90239738285459">
        <ele>59.59489282872528</ele>
        <time>2026-08-17T22:10:43.600000Z</time>
        <extensions>
          <gpxtpx:TrackPointExtension>
            <gpxtpx:hr>116</gpxtpx:hr>
          </gpxtpx:TrackPointExtension>
        </extensions>
      </trkpt>
      <trkpt lat="28.233106091935007" lon="112.90238482601717">
        <ele>59.614522151649</ele>
        <time>2026-08-17T22:10:44.600000Z</time>
        <extensions>
          <gpxtpx:TrackPointExtension>
            <gpxtpx:hr>116</gpxtpx:hr>
          </gpxtpx:TrackPointExtension>
        </extensions>
      </trkpt>
      <trkpt lat="28.233124222298173" lon="112.90237196839159">
        <ele>59.634282249026</ele>
        <time>2026-08-17T22:10:45.600000Z</time>
        <extensions>
          <gpxtpx:TrackPointExtension>
            <gpxtpx:hr>116</gpxtpx:hr>
          </gpxtpx:TrackPointExtension>
        </extensions>
      </trkpt>
      <trkpt lat="28.23314225226651" lon="112.90235937594484">
        <ele>59.65390590950847</ele>
        <time>2026-08-17T22:10:46.600000Z</time>
        <extensions>
          <gpxtpx:TrackPointExtension>
            <gpxtpx:hr>116</gpxtpx:hr>
          </gpxtpx:TrackPointExtension>
        </extensions>
      </trkpt>
      <trkpt lat="28.233160626446047" lon="112.90234692953364">
        <ele>59.67297454830259</ele>
        <time>2026-08-17T22:10:47.600000Z</time>
        <extensions>
          <gpxtpx:TrackPointExtension>
            <gpxtpx:hr>116</gpxtpx:hr>
          </gpxtpx:TrackPointExtension>
        </extensions>
      </trkpt>
      <trkpt lat="28.233179476711342" lon="112.90233441089897">
        <ele>59.69083104562014</ele>
        <time>2026-08-17T22:10:48.600000Z</time>
        <extensions>
          <gpxtpx:TrackPointExtension>
            <gpxtpx:hr>118</gpxtpx:hr>
          </gpxtpx:TrackPointExtension>
        </extensions>
      </trkpt>
      <trkpt lat="28.23319899573892" lon="112.90232204055057">
        <ele>59.706424752250314</ele>
        <time>2026-08-17T22:10:49.600000Z</time>
        <extensions>
          <gpxtpx:TrackPointExtension>
            <gpxtpx:hr>118</gpxtpx:hr>
          </gpxtpx:TrackPointExtension>
        </extensions>
      </trkpt>
      <trkpt lat="28.23321899447633" lon="112.90231012992807">
        <ele>59.71827787719667</ele>
        <time>2026-08-17T22:10:50.600000Z</time>
        <extensions>
          <gpxtpx:TrackPointExtension>
            <gpxtpx:hr>118</gpxtpx:hr>
          </gpxtpx:TrackPointExtension>
        </extensions>
      </trkpt>
      <trkpt lat="28.233239090759206" lon="112.90229864993057">
        <ele>59.7245899066329</ele>
        <time>2026-08-17T22:10:51.600000Z</time>
        <extensions>
          <gpxtpx:TrackPointExtension>
            <gpxtpx:hr>119</gpxtpx:hr>
          </gpxtpx:TrackPointExtension>
        </extensions>
      </trkpt>
      <trkpt lat="28.233259243970956" lon="112.9022871888582">
        <ele>59.72318531665951</ele>
        <time>2026-08-17T22:10:52.600000Z</time>
        <extensions>
          <gpxtpx:TrackPointExtension>
            <gpxtpx:hr>119</gpxtpx:hr>
          </gpxtpx:TrackPointExtension>
        </extensions>
      </trkpt>
      <trkpt lat="28.23327963187865" lon="112.9022759635984">
        <ele>59.71117602009326</ele>
        <time>2026-08-17T22:10:53.500000Z</time>
        <extensions>
          <gpxtpx:TrackPointExtension>
            <gpxtpx:hr>119</gpxtpx:hr>
          </gpxtpx:TrackPointExtension>
        </extensions>
      </trkpt>
      <trkpt lat="28.23330045788374" lon="112.9022653209493">
        <ele>59.68423003423959</ele>
        <time>2026-08-17T22:10:54.500000Z</time>
        <extensions>
          <gpxtpx:TrackPointExtension>
            <gpxtpx:hr>119</gpxtpx:hr>
          </gpxtpx:TrackPointExtension>
        </extensions>
      </trkpt>
      <trkpt lat="28.23332155803809" lon="112.90225524124628">
        <ele>59.635929013602436</ele>
        <time>2026-08-17T22:10:55.500000Z</time>
        <extensions>
          <gpxtpx:TrackPointExtension>
            <gpxtpx:hr>119</gpxtpx:hr>
          </gpxtpx:TrackPointExtension>
        </extensions>
      </trkpt>
      <trkpt lat="28.233342349984028" lon="112.90224513288774">
        <ele>59.56278839893639</ele>
        <time>2026-08-17T22:10:56.500000Z</time>
        <extensions>
          <gpxtpx:TrackPointExtension>
            <gpxtpx:hr>119</gpxtpx:hr>
          </gpxtpx:TrackPointExtension>
        </extensions>
      </trkpt>
      <trkpt lat="28.233362603635015" lon="112.90223442989398">
        <ele>59.46987659111619</ele>
        <time>2026-08-17T22:10:57.500000Z</time>
        <extensions>
          <gpxtpx:TrackPointExtension>
            <gpxtpx:hr>122</gpxtpx:hr>
          </gpxtpx:TrackPointExtension>
        </extensions>
      </trkpt>
      <trkpt lat="28.233382552129427" lon="112.90222274808701">
        <ele>59.365569055080414</ele>
        <time>2026-08-17T22:10:58.500000Z</time>
        <extensions>
          <gpxtpx:TrackPointExtension>
            <gpxtpx:hr>122</gpxtpx:hr>
          </gpxtpx:TrackPointExtension>
        </extensions>
      </trkpt>
      <trkpt lat="28.233402557575694" lon="112.90220988553601">
        <ele>59.25496181007475</ele>
        <time>2026-08-17T22:10:59.500000Z</time>
        <extensions>
          <gpxtpx:TrackPointExtension>
            <gpxtpx:hr>122</gpxtpx:hr>
          </gpxtpx:TrackPointExtension>
        </extensions>
      </trkpt>
      <trkpt lat="28.233422688517635" lon="112.90219612100792">
        <ele>59.14215654972941</ele>
        <time>2026-08-17T22:11:00.500000Z</time>
        <extensions>
          <gpxtpx:TrackPointExtension>
            <gpxtpx:hr>122</gpxtpx:hr>
          </gpxtpx:TrackPointExtension>
        </extensions>
      </trkpt>
      <trkpt lat="28.233442826254056" lon="112.90218174190792">
        <ele>59.03031438868493</ele>
        <time>2026-08-17T22:11:01.500000Z</time>
        <extensions>
          <gpxtpx:TrackPointExtension>
            <gpxtpx:hr>122</gpxtpx:hr>
          </gpxtpx:TrackPointExtension>
        </extensions>
      </trkpt>
      <trkpt lat="28.233462975633554" lon="112.90216727176016">
        <ele>58.922189611941576</ele>
        <time>2026-08-17T22:11:02.500000Z</time>
        <extensions>
          <gpxtpx:TrackPointExtension>
            <gpxtpx:hr>122</gpxtpx:hr>
          </gpxtpx:TrackPointExtension>
        </extensions>
      </trkpt>
      <trkpt lat="28.23348318160392" lon="112.90215317829227">
        <ele>58.81810538843274</ele>
        <time>2026-08-17T22:11:03.500000Z</time>
        <extensions>
          <gpxtpx:TrackPointExtension>
            <gpxtpx:hr>122</gpxtpx:hr>
          </gpxtpx:TrackPointExtension>
        </extensions>
      </trkpt>
      <trkpt lat="28.23350338293777" lon="112.90213958688157">
        <ele>58.72011229861528</ele>
        <time>2026-08-17T22:11:04.500000Z</time>
        <extensions>
          <gpxtpx:TrackPointExtension>
            <gpxtpx:hr>122</gpxtpx:hr>
          </gpxtpx:TrackPointExtension>
        </extensions>
      </trkpt>
      <trkpt lat="28.2335235014916" lon="112.9021263544747">
        <ele>58.62749173119664</ele>
        <time>2026-08-17T22:11:05.500000Z</time>
        <extensions>
          <gpxtpx:TrackPointExtension>
            <gpxtpx:hr>122</gpxtpx:hr>
          </gpxtpx:TrackPointExtension>
        </extensions>
      </trkpt>
      <trkpt lat="28.233543668573198" lon="112.90211336378685">
        <ele>58.540013388730586</ele>
        <time>2026-08-17T22:11:06.500000Z</time>
        <extensions>
          <gpxtpx:TrackPointExtension>
            <gpxtpx:hr>122</gpxtpx:hr>
          </gpxtpx:TrackPointExtension>
        </extensions>
      </trkpt>
      <trkpt lat="28.23356379665826" lon="112.90210053391854">
        <ele>58.45719196461141</ele>
        <time>2026-08-17T22:11:07.500000Z</time>
        <extensions>
          <gpxtpx:TrackPointExtension>
            <gpxtpx:hr>122</gpxtpx:hr>
          </gpxtpx:TrackPointExtension>
        </extensions>
      </trkpt>
      <trkpt lat="28.233583914761333" lon="112.90208757489866">
        <ele>58.37855760380626</ele>
        <time>2026-08-17T22:11:08.500000Z</time>
        <extensions>
          <gpxtpx:TrackPointExtension>
            <gpxtpx:hr>122</gpxtpx:hr>
          </gpxtpx:TrackPointExtension>
        </extensions>
      </trkpt>
      <trkpt lat="28.23360437646641" lon="112.90207430569181">
        <ele>58.303677649237216</ele>
        <time>2026-08-17T22:11:09.500000Z</time>
        <extensions>
          <gpxtpx:TrackPointExtension>
            <gpxtpx:hr>122</gpxtpx:hr>
          </gpxtpx:TrackPointExtension>
        </extensions>
      </trkpt>
      <trkpt lat="28.2336255039481" lon="112.90206077001005">
        <ele>58.232322389259934</ele>
        <time>2026-08-17T22:11:10.500000Z</time>
        <extensions>
          <gpxtpx:TrackPointExtension>
            <gpxtpx:hr>124</gpxtpx:hr>
          </gpxtpx:TrackPointExtension>
        </extensions>
      </trkpt>
      <trkpt lat="28.233647292092034" lon="112.90204734370481">
        <ele>58.163733595982194</ele>
        <time>2026-08-17T22:11:11.500000Z</time>
        <extensions>
          <gpxtpx:TrackPointExtension>
            <gpxtpx:hr>124</gpxtpx:hr>
          </gpxtpx:TrackPointExtension>
        </extensions>
      </trkpt>
      <trkpt lat="28.233669440559396" lon="112.90203430027438">
        <ele>58.09762076009065</ele>
        <time>2026-08-17T22:11:12.500000Z</time>
        <extensions>
          <gpxtpx:TrackPointExtension>
            <gpxtpx:hr>124</gpxtpx:hr>
          </gpxtpx:TrackPointExtension>
        </extensions>
      </trkpt>
      <trkpt lat="28.233691542612362" lon="112.90202162636122">
        <ele>58.034270693548024</ele>
        <time>2026-08-17T22:11:13.500000Z</time>
        <extensions>
          <gpxtpx:TrackPointExtension>
            <gpxtpx:hr>124</gpxtpx:hr>
          </gpxtpx:TrackPointExtension>
        </extensions>
      </trkpt>
      <trkpt lat="28.233713089080336" lon="112.90200903141942">
        <ele>57.97328471951187</ele>
        <time>2026-08-17T22:11:14.500000Z</time>
        <extensions>
          <gpxtpx:TrackPointExtension>
            <gpxtpx:hr>124</gpxtpx:hr>
          </gpxtpx:TrackPointExtension>
        </extensions>
      </trkpt>
      <trkpt lat="28.233733874766298" lon="112.90199563814382">
        <ele>57.91454629227519</ele>
        <time>2026-08-17T22:11:15.500000Z</time>
        <extensions>
          <gpxtpx:TrackPointExtension>
            <gpxtpx:hr>127</gpxtpx:hr>
          </gpxtpx:TrackPointExtension>
        </extensions>
      </trkpt>
      <trkpt lat="28.23375397998791" lon="112.90198091221929">
        <ele>57.85906328819692</ele>
        <time>2026-08-17T22:11:16.500000Z</time>
        <extensions>
          <gpxtpx:TrackPointExtension>
            <gpxtpx:hr>127</gpxtpx:hr>
          </gpxtpx:TrackPointExtension>
        </extensions>
      </trkpt>
      <trkpt lat="28.233773534890744" lon="112.9019650175491">
        <ele>57.80623587500304</ele>
        <time>2026-08-17T22:11:17.500000Z</time>
        <extensions>
          <gpxtpx:TrackPointExtension>
            <gpxtpx:hr>127</gpxtpx:hr>
          </gpxtpx:TrackPointExtension>
        </extensions>
      </trkpt>
      <trkpt lat="28.233792840113452" lon="112.90194830715994">
        <ele>57.75620019622147</ele>
        <time>2026-08-17T22:11:18.500000Z</time>
        <extensions>
          <gpxtpx:TrackPointExtension>
            <gpxtpx:hr>127</gpxtpx:hr>
          </gpxtpx:TrackPointExtension>
        </extensions>
      </trkpt>
      <trkpt lat="28.233812362596847" lon="112.9019310164227">
        <ele>57.70910890493542</ele>
        <time>2026-08-17T22:11:19.500000Z</time>
        <extensions>
          <gpxtpx:TrackPointExtension>
            <gpxtpx:hr>127</gpxtpx:hr>
          </gpxtpx:TrackPointExtension>
        </extensions>
      </trkpt>
      <trkpt lat="28.23383223261217" lon="112.90191357277159">
        <ele>57.66495588235557</ele>
        <time>2026-08-17T22:11:20.500000Z</time>
        <extensions>
          <gpxtpx:TrackPointExtension>
            <gpxtpx:hr>127</gpxtpx:hr>
          </gpxtpx:TrackPointExtension>
        </extensions>
      </trkpt>
      <trkpt lat="28.23385238490799" lon="112.90189643393944">
        <ele>57.62347649503499</ele>
        <time>2026-08-17T22:11:21.500000Z</time>
        <extensions>
          <gpxtpx:TrackPointExtension>
            <gpxtpx:hr>130</gpxtpx:hr>
          </gpxtpx:TrackPointExtension>
        </extensions>
      </trkpt>
      <trkpt lat="28.233872805909055" lon="112.90187962481417">
        <ele>57.58478825725615</ele>
        <time>2026-08-17T22:11:22.500000Z</time>
        <extensions>
          <gpxtpx:TrackPointExtension>
            <gpxtpx:hr>130</gpxtpx:hr>
          </gpxtpx:TrackPointExtension>
        </extensions>
      </trkpt>
      <trkpt lat="28.233893363953186" lon="112.90186289916076">
        <ele>57.549335659481585</ele>
        <time>2026-08-17T22:11:23.500000Z</time>
        <extensions>
          <gpxtpx:TrackPointExtension>
            <gpxtpx:hr>130</gpxtpx:hr>
          </gpxtpx:TrackPointExtension>
        </extensions>
      </trkpt>
      <trkpt lat="28.23391371028802" lon="112.90184601738919">
        <ele>57.516867803409696</ele>
        <time>2026-08-17T22:11:24.500000Z</time>
        <extensions>
          <gpxtpx:TrackPointExtension>
            <gpxtpx:hr>130</gpxtpx:hr>
          </gpxtpx:TrackPointExtension>
        </extensions>
      </trkpt>
      <trkpt lat="28.23393356587932" lon="112.90182903686083">
        <ele>57.488165837712586</ele>
        <time>2026-08-17T22:11:25.500000Z</time>
        <extensions>
          <gpxtpx:TrackPointExtension>
            <gpxtpx:hr>130</gpxtpx:hr>
          </gpxtpx:TrackPointExtension>
        </extensions>
      </trkpt>
      <trkpt lat="28.233953176497273" lon="112.90181213715834">
        <ele>57.462464245036244</ele>
        <time>2026-08-17T22:11:26.500000Z</time>
        <extensions>
          <gpxtpx:TrackPointExtension>
            <gpxtpx:hr>130</gpxtpx:hr>
          </gpxtpx:TrackPointExtension>
        </extensions>
      </trkpt>
      <trkpt lat="28.233973017264365" lon="112.9017954817323">
        <ele>57.440595930442214</ele>
        <time>2026-08-17T22:11:27.500000Z</time>
        <extensions>
          <gpxtpx:TrackPointExtension>
            <gpxtpx:hr>133</gpxtpx:hr>
          </gpxtpx:TrackPointExtension>
        </extensions>
      </trkpt>
      <trkpt lat="28.233993519268093" lon="112.90177925803438">
        <ele>57.423802614212036</ele>
        <time>2026-08-17T22:11:28.500000Z</time>
        <extensions>
          <gpxtpx:TrackPointExtension>
            <gpxtpx:hr>133</gpxtpx:hr>
          </gpxtpx:TrackPointExtension>
        </extensions>
      </trkpt>
      <trkpt lat="28.23401477316105" lon="112.90176356236282">
        <ele>57.4106098273769</ele>
        <time>2026-08-17T22:11:29.500000Z</time>
        <extensions>
          <gpxtpx:TrackPointExtension>
            <gpxtpx:hr>133</gpxtpx:hr>
          </gpxtpx:TrackPointExtension>
        </extensions>
      </trkpt>
      <trkpt lat="28.23403650967972" lon="112.90174829712649">
        <ele>57.40146247204393</ele>
        <time>2026-08-17T22:11:30.500000Z</time>
        <extensions>
          <gpxtpx:TrackPointExtension>
            <gpxtpx:hr>133</gpxtpx:hr>
          </gpxtpx:TrackPointExtension>
        </extensions>
      </trkpt>
      <trkpt lat="28.234058526753554" lon="112.90173350403315">
        <ele>57.39541362132877</ele>
        <time>2026-08-17T22:11:31.500000Z</time>
        <extensions>
          <gpxtpx:TrackPointExtension>
            <gpxtpx:hr>133</gpxtpx:hr>
          </gpxtpx:TrackPointExtension>
        </extensions>
      </trkpt>
      <trkpt lat="28.23408088223249" lon="112.9017193728434">
        <ele>57.39297991897911</ele>
        <time>2026-08-17T22:11:32.500000Z</time>
        <extensions>
          <gpxtpx:TrackPointExtension>
            <gpxtpx:hr>138</gpxtpx:hr>
          </gpxtpx:TrackPointExtension>
        </extensions>
      </trkpt>
      <trkpt lat="28.234103681408442" lon="112.90170609955433">
        <ele>57.39353187195957</ele>
        <time>2026-08-17T22:11:33.500000Z</time>
        <extensions>
          <gpxtpx:TrackPointExtension>
            <gpxtpx:hr>138</gpxtpx:hr>
          </gpxtpx:TrackPointExtension>
        </extensions>
      </trkpt>
      <trkpt lat="28.23412695215032" lon="112.90169363133842">
        <ele>57.396249077282846</ele>
        <time>2026-08-17T22:11:34.500000Z</time>
        <extensions>
          <gpxtpx:TrackPointExtension>
            <gpxtpx:hr>138</gpxtpx:hr>
          </gpxtpx:TrackPointExtension>
        </extensions>
      </trkpt>
      <trkpt lat="28.234150542354325" lon="112.90168213642727">
        <ele>57.40005907975137</ele>
        <time>2026-08-17T22:11:35.500000Z</time>
        <extensions>
          <gpxtpx:TrackPointExtension>
            <gpxtpx:hr>138</gpxtpx:hr>
          </gpxtpx:TrackPointExtension>
        </extensions>
      </trkpt>
      <trkpt lat="28.234174038952595" lon="112.9016716581699">
        <ele>57.40472063422203</ele>
        <time>2026-08-17T22:11:36.500000Z</time>
        <extensions>
          <gpxtpx:TrackPointExtension>
            <gpxtpx:hr>138</gpxtpx:hr>
          </gpxtpx:TrackPointExtension>
        </extensions>
      </trkpt>
      <trkpt lat="28.2341968501588" lon="112.90166116601931">
        <ele>57.40887793339789</ele>
        <time>2026-08-17T22:11:37.500000Z</time>
        <extensions>
          <gpxtpx:TrackPointExtension>
            <gpxtpx:hr>138</gpxtpx:hr>
          </gpxtpx:TrackPointExtension>
        </extensions>
      </trkpt>
      <trkpt lat="28.234218707293135" lon="112.9016496470107">
        <ele>57.41238227393478</ele>
        <time>2026-08-17T22:11:38.500000Z</time>
        <extensions>
          <gpxtpx:TrackPointExtension>
            <gpxtpx:hr>141</gpxtpx:hr>
          </gpxtpx:TrackPointExtension>
        </extensions>
      </trkpt>
      <trkpt lat="28.23423956203782" lon="112.90163694248756">
        <ele>57.41529878322035</ele>
        <time>2026-08-17T22:11:39.500000Z</time>
        <extensions>
          <gpxtpx:TrackPointExtension>
            <gpxtpx:hr>141</gpxtpx:hr>
          </gpxtpx:TrackPointExtension>
        </extensions>
      </trkpt>
      <trkpt lat="28.234259173970965" lon="112.90162341155997">
        <ele>57.4178550997749</ele>
        <time>2026-08-17T22:11:40.500000Z</time>
        <extensions>
          <gpxtpx:TrackPointExtension>
            <gpxtpx:hr>141</gpxtpx:hr>
          </gpxtpx:TrackPointExtension>
        </extensions>
      </trkpt>
      <trkpt lat="28.23427735724106" lon="112.90160953725803">
        <ele>57.419381809420884</ele>
        <time>2026-08-17T22:11:41.500000Z</time>
        <extensions>
          <gpxtpx:TrackPointExtension>
            <gpxtpx:hr>141</gpxtpx:hr>
          </gpxtpx:TrackPointExtension>
        </extensions>
      </trkpt>
      <trkpt lat="28.234294396342886" lon="112.90159541632933">
        <ele>57.42002828326076</ele>
        <time>2026-08-17T22:11:42.500000Z</time>
        <extensions>
          <gpxtpx:TrackPointExtension>
            <gpxtpx:hr>141</gpxtpx:hr>
          </gpxtpx:TrackPointExtension>
        </extensions>
      </trkpt>
      <trkpt lat="28.234310743164965" lon="112.90158078241478">
        <ele>57.42023253347725</ele>
        <time>2026-08-17T22:11:43.500000Z</time>
        <extensions>
          <gpxtpx:TrackPointExtension>
            <gpxtpx:hr>143</gpxtpx:hr>
          </gpxtpx:TrackPointExtension>
        </extensions>
      </trkpt>
      <trkpt lat="28.234326691441602" lon="112.90156576427086">
        <ele>57.41964646242559</ele>
        <time>2026-08-17T22:11:44.500000Z</time>
        <extensions>
          <gpxtpx:TrackPointExtension>
            <gpxtpx:hr>143</gpxtpx:hr>
          </gpxtpx:TrackPointExtension>
        </extensions>
      </trkpt>
      <trkpt lat="28.23434269838568" lon="112.90155042065932">
        <ele>57.41953868698329</ele>
        <time>2026-08-17T22:11:45.500000Z</time>
        <extensions>
          <gpxtpx:TrackPointExtension>
            <gpxtpx:hr>143</gpxtpx:hr>
          </gpxtpx:TrackPointExtension>
        </extensions>
      </trkpt>
      <trkpt lat="28.234359012587856" lon="112.90153480974257">
        <ele>57.41987826116383</ele>
        <time>2026-08-17T22:11:46.500000Z</time>
        <extensions>
          <gpxtpx:TrackPointExtension>
            <gpxtpx:hr>143</gpxtpx:hr>
          </gpxtpx:TrackPointExtension>
        </extensions>
      </trkpt>
      <trkpt lat="28.2343756471342" lon="112.90151926632147">
        <ele>57.42104490660131</ele>
        <time>2026-08-17T22:11:47.500000Z</time>
        <extensions>
          <gpxtpx:TrackPointExtension>
            <gpxtpx:hr>143</gpxtpx:hr>
          </gpxtpx:TrackPointExtension>
        </extensions>
      </trkpt>
      <trkpt lat="28.234392578064664" lon="112.90150387944232">
        <ele>57.421693353913724</ele>
        <time>2026-08-17T22:11:48.500000Z</time>
        <extensions>
          <gpxtpx:TrackPointExtension>
            <gpxtpx:hr>144</gpxtpx:hr>
          </gpxtpx:TrackPointExtension>
        </extensions>
      </trkpt>
      <trkpt lat="28.234409713103332" lon="112.90148849739361">
        <ele>57.423073306679726</ele>
        <time>2026-08-17T22:11:49.500000Z</time>
        <extensions>
          <gpxtpx:TrackPointExtension>
            <gpxtpx:hr>144</gpxtpx:hr>
          </gpxtpx:TrackPointExtension>
        </extensions>
      </trkpt>
      <trkpt lat="28.234426808411083" lon="112.90147301960265">
        <ele>57.42354790959507</ele>
        <time>2026-08-17T22:11:50.400000Z</time>
        <extensions>
          <gpxtpx:TrackPointExtension>
            <gpxtpx:hr>144</gpxtpx:hr>
          </gpxtpx:TrackPointExtension>
        </extensions>
      </trkpt>
      <trkpt lat="28.23444385473273" lon="112.90145740337255">
        <ele>57.42467229720205</ele>
        <time>2026-08-17T22:11:51.400000Z</time>
        <extensions>
          <gpxtpx:TrackPointExtension>
            <gpxtpx:hr>145</gpxtpx:hr>
          </gpxtpx:TrackPointExtension>
        </extensions>
      </trkpt>
      <trkpt lat="28.23446111085858" lon="112.90144155301105">
        <ele>57.42605783045292</ele>
        <time>2026-08-17T22:11:52.400000Z</time>
        <extensions>
          <gpxtpx:TrackPointExtension>
            <gpxtpx:hr>145</gpxtpx:hr>
          </gpxtpx:TrackPointExtension>
        </extensions>
      </trkpt>
      <trkpt lat="28.23447846973194" lon="112.90142560504533">
        <ele>57.427899279631674</ele>
        <time>2026-08-17T22:11:53.400000Z</time>
        <extensions>
          <gpxtpx:TrackPointExtension>
            <gpxtpx:hr>145</gpxtpx:hr>
          </gpxtpx:TrackPointExtension>
        </extensions>
      </trkpt>
      <trkpt lat="28.234495534790426" lon="112.90140966402056">
        <ele>57.42811667267233</ele>
        <time>2026-08-17T22:11:54.400000Z</time>
        <extensions>
          <gpxtpx:TrackPointExtension>
            <gpxtpx:hr>145</gpxtpx:hr>
          </gpxtpx:TrackPointExtension>
        </extensions>
      </trkpt>
      <trkpt lat="28.234511999567005" lon="112.901393738777">
        <ele>57.42877259012312</ele>
        <time>2026-08-17T22:11:55.400000Z</time>
        <extensions>
          <gpxtpx:TrackPointExtension>
            <gpxtpx:hr>145</gpxtpx:hr>
          </gpxtpx:TrackPointExtension>
        </extensions>
      </trkpt>
      <trkpt lat="28.23452783316401" lon="112.90137768595174">
        <ele>57.42845787014812</ele>
        <time>2026-08-17T22:11:56.400000Z</time>
        <extensions>
          <gpxtpx:TrackPointExtension>
            <gpxtpx:hr>146</gpxtpx:hr>
          </gpxtpx:TrackPointExtension>
        </extensions>
      </trkpt>
      <trkpt lat="28.234543246882726" lon="112.901361286399">
        <ele>57.42809845507145</ele>
        <time>2026-08-17T22:11:57.400000Z</time>
        <extensions>
          <gpxtpx:TrackPointExtension>
            <gpxtpx:hr>146</gpxtpx:hr>
          </gpxtpx:TrackPointExtension>
        </extensions>
      </trkpt>
      <trkpt lat="28.23455871596227" lon="112.90134453368073">
        <ele>57.4272348433733</ele>
        <time>2026-08-17T22:11:58.400000Z</time>
        <extensions>
          <gpxtpx:TrackPointExtension>
            <gpxtpx:hr>146</gpxtpx:hr>
          </gpxtpx:TrackPointExtension>
        </extensions>
      </trkpt>
      <trkpt lat="28.234574540937633" lon="112.90132767862329">
        <ele>57.42524253856391</ele>
        <time>2026-08-17T22:11:59.400000Z</time>
        <extensions>
          <gpxtpx:TrackPointExtension>
            <gpxtpx:hr>146</gpxtpx:hr>
          </gpxtpx:TrackPointExtension>
        </extensions>
      </trkpt>
      <trkpt lat="28.234590816065147" lon="112.9013111353525">
        <ele>57.4220017073676</ele>
        <time>2026-08-17T22:12:00.400000Z</time>
        <extensions>
          <gpxtpx:TrackPointExtension>
            <gpxtpx:hr>146</gpxtpx:hr>
          </gpxtpx:TrackPointExtension>
        </extensions>
      </trkpt>
      <trkpt lat="28.23460751765282" lon="112.90129519456241">
        <ele>57.41819823347032</ele>
        <time>2026-08-17T22:12:01.400000Z</time>
        <extensions>
          <gpxtpx:TrackPointExtension>
            <gpxtpx:hr>146</gpxtpx:hr>
          </gpxtpx:TrackPointExtension>
        </extensions>
      </trkpt>
      <trkpt lat="28.234624446190697" lon="112.90128010265488">
        <ele>57.41360650770366</ele>
        <time>2026-08-17T22:12:02.400000Z</time>
        <extensions>
          <gpxtpx:TrackPointExtension>
            <gpxtpx:hr>146</gpxtpx:hr>
          </gpxtpx:TrackPointExtension>
        </extensions>
      </trkpt>
      <trkpt lat="28.2346415116199" lon="112.90126603881164">
        <ele>57.408213559538126</ele>
        <time>2026-08-17T22:12:03.400000Z</time>
        <extensions>
          <gpxtpx:TrackPointExtension>
            <gpxtpx:hr>146</gpxtpx:hr>
          </gpxtpx:TrackPointExtension>
        </extensions>
      </trkpt>
      <trkpt lat="28.23465878375926" lon="112.90125275981657">
        <ele>57.401692101731896</ele>
        <time>2026-08-17T22:12:04.400000Z</time>
        <extensions>
          <gpxtpx:TrackPointExtension>
            <gpxtpx:hr>146</gpxtpx:hr>
          </gpxtpx:TrackPointExtension>
        </extensions>
      </trkpt>
      <trkpt lat="28.23467644534255" lon="112.90123948145066">
        <ele>57.394531063735485</ele>
        <time>2026-08-17T22:12:05.400000Z</time>
        <extensions>
          <gpxtpx:TrackPointExtension>
            <gpxtpx:hr>146</gpxtpx:hr>
          </gpxtpx:TrackPointExtension>
        </extensions>
      </trkpt>
      <trkpt lat="28.23469437153641" lon="112.90122554568973">
        <ele>57.387073401361704</ele>
        <time>2026-08-17T22:12:06.400000Z</time>
        <extensions>
          <gpxtpx:TrackPointExtension>
            <gpxtpx:hr>145</gpxtpx:hr>
          </gpxtpx:TrackPointExtension>
        </extensions>
      </trkpt>
      <trkpt lat="28.234712532867388" lon="112.90121091183454">
        <ele>57.379559971392155</ele>
        <time>2026-08-17T22:12:07.400000Z</time>
        <extensions>
          <gpxtpx:TrackPointExtension>
            <gpxtpx:hr>145</gpxtpx:hr>
          </gpxtpx:TrackPointExtension>
        </extensions>
      </trkpt>
      <trkpt lat="28.234731096485092" lon="112.90119586741437">
        <ele>57.37219330202788</ele>
        <time>2026-08-17T22:12:08.400000Z</time>
        <extensions>
          <gpxtpx:TrackPointExtension>
            <gpxtpx:hr>145</gpxtpx:hr>
          </gpxtpx:TrackPointExtension>
        </extensions>
      </trkpt>
      <trkpt lat="28.234749932380154" lon="112.90118045889587">
        <ele>57.36563645768911</ele>
        <time>2026-08-17T22:12:09.400000Z</time>
        <extensions>
          <gpxtpx:TrackPointExtension>
            <gpxtpx:hr>145</gpxtpx:hr>
          </gpxtpx:TrackPointExtension>
        </extensions>
      </trkpt>
      <trkpt lat="28.234768611055255" lon="112.90116461790275">
        <ele>57.35907156486064</ele>
        <time>2026-08-17T22:12:10.400000Z</time>
        <extensions>
          <gpxtpx:TrackPointExtension>
            <gpxtpx:hr>146</gpxtpx:hr>
          </gpxtpx:TrackPointExtension>
        </extensions>
      </trkpt>
      <trkpt lat="28.23478666972147" lon="112.90114863248368">
        <ele>57.35541673563421</ele>
        <time>2026-08-17T22:12:11.400000Z</time>
        <extensions>
          <gpxtpx:TrackPointExtension>
            <gpxtpx:hr>146</gpxtpx:hr>
          </gpxtpx:TrackPointExtension>
        </extensions>
      </trkpt>
      <trkpt lat="28.234803605753818" lon="112.90113252980925">
        <ele>57.352490599267185</ele>
        <time>2026-08-17T22:12:12.400000Z</time>
        <extensions>
          <gpxtpx:TrackPointExtension>
            <gpxtpx:hr>146</gpxtpx:hr>
          </gpxtpx:TrackPointExtension>
        </extensions>
      </trkpt>
      <trkpt lat="28.23481911714279" lon="112.90111590592413">
        <ele>57.35160789079964</ele>
        <time>2026-08-17T22:12:13.400000Z</time>
        <extensions>
          <gpxtpx:TrackPointExtension>
            <gpxtpx:hr>146</gpxtpx:hr>
          </gpxtpx:TrackPointExtension>
        </extensions>
      </trkpt>
      <trkpt lat="28.23483355994604" lon="112.90109834040123">
        <ele>57.35095421876758</ele>
        <time>2026-08-17T22:12:14.400000Z</time>
        <extensions>
          <gpxtpx:TrackPointExtension>
            <gpxtpx:hr>146</gpxtpx:hr>
          </gpxtpx:TrackPointExtension>
        </extensions>
      </trkpt>
      <trkpt lat="28.23484781612986" lon="112.90107969678421">
        <ele>57.352393257431686</ele>
        <time>2026-08-17T22:12:15.400000Z</time>
        <extensions>
          <gpxtpx:TrackPointExtension>
            <gpxtpx:hr>146</gpxtpx:hr>
          </gpxtpx:TrackPointExtension>
        </extensions>
      </trkpt>
      <trkpt lat="28.234862910829044" lon="112.90106036618104">
        <ele>57.35347414948046</ele>
        <time>2026-08-17T22:12:16.400000Z</time>
        <extensions>
          <gpxtpx:TrackPointExtension>
            <gpxtpx:hr>147</gpxtpx:hr>
          </gpxtpx:TrackPointExtension>
        </extensions>
      </trkpt>
      <trkpt lat="28.23487903070897" lon="112.90104097243933">
        <ele>57.35615543927997</ele>
        <time>2026-08-17T22:12:17.400000Z</time>
        <extensions>
          <gpxtpx:TrackPointExtension>
            <gpxtpx:hr>147</gpxtpx:hr>
          </gpxtpx:TrackPointExtension>
        </extensions>
      </trkpt>
      <trkpt lat="28.234895791496566" lon="112.901021601024">
        <ele>57.35776351392269</ele>
        <time>2026-08-17T22:12:18.400000Z</time>
        <extensions>
          <gpxtpx:TrackPointExtension>
            <gpxtpx:hr>147</gpxtpx:hr>
          </gpxtpx:TrackPointExtension>
        </extensions>
      </trkpt>
      <trkpt lat="28.23491272425736" lon="112.90100205216123">
        <ele>57.3597970046103</ele>
        <time>2026-08-17T22:12:19.400000Z</time>
        <extensions>
          <gpxtpx:TrackPointExtension>
            <gpxtpx:hr>147</gpxtpx:hr>
          </gpxtpx:TrackPointExtension>
        </extensions>
      </trkpt>
      <trkpt lat="28.23492959879518" lon="112.90098233550675">
        <ele>57.35943657439202</ele>
        <time>2026-08-17T22:12:20.400000Z</time>
        <extensions>
          <gpxtpx:TrackPointExtension>
            <gpxtpx:hr>147</gpxtpx:hr>
          </gpxtpx:TrackPointExtension>
        </extensions>
      </trkpt>
      <trkpt lat="28.234946298192096" lon="112.90096229802968">
        <ele>57.35821167100221</ele>
        <time>2026-08-17T22:12:21.400000Z</time>
        <extensions>
          <gpxtpx:TrackPointExtension>
            <gpxtpx:hr>147</gpxtpx:hr>
          </gpxtpx:TrackPointExtension>
        </extensions>
      </trkpt>
      <trkpt lat="28.234962579645767" lon="112.90094183896183">
        <ele>57.35524568799883</ele>
        <time>2026-08-17T22:12:22.400000Z</time>
        <extensions>
          <gpxtpx:TrackPointExtension>
            <gpxtpx:hr>147</gpxtpx:hr>
          </gpxtpx:TrackPointExtension>
        </extensions>
      </trkpt>
      <trkpt lat="28.23497812370126" lon="112.90092099989093">
        <ele>57.35259012132883</ele>
        <time>2026-08-17T22:12:23.400000Z</time>
        <extensions>
          <gpxtpx:TrackPointExtension>
            <gpxtpx:hr>151</gpxtpx:hr>
          </gpxtpx:TrackPointExtension>
        </extensions>
      </trkpt>
      <trkpt lat="28.234992919164885" lon="112.90090018477636">
        <ele>57.357112172059715</ele>
        <time>2026-08-17T22:12:24.400000Z</time>
        <extensions>
          <gpxtpx:TrackPointExtension>
            <gpxtpx:hr>151</gpxtpx:hr>
          </gpxtpx:TrackPointExtension>
        </extensions>
      </trkpt>
      <trkpt lat="28.235007278768272" lon="112.90087981064644">
        <ele>57.360500456765294</ele>
        <time>2026-08-17T22:12:25.400000Z</time>
        <extensions>
          <gpxtpx:TrackPointExtension>
            <gpxtpx:hr>151</gpxtpx:hr>
          </gpxtpx:TrackPointExtension>
        </extensions>
      </trkpt>
      <trkpt lat="28.235021300234422" lon="112.90086011365207">
        <ele>57.36091556400061</ele>
        <time>2026-08-17T22:12:26.400000Z</time>
        <extensions>
          <gpxtpx:TrackPointExtension>
            <gpxtpx:hr>151</gpxtpx:hr>
          </gpxtpx:TrackPointExtension>
        </extensions>
      </trkpt>
      <trkpt lat="28.23503516033091" lon="112.90084114803511">
        <ele>57.388669427484274</ele>
        <time>2026-08-17T22:12:27.400000Z</time>
        <extensions>
          <gpxtpx:TrackPointExtension>
            <gpxtpx:hr>152</gpxtpx:hr>
          </gpxtpx:TrackPointExtension>
        </extensions>
      </trkpt>
      <trkpt lat="28.235048843593177" lon="112.90082277473681">
        <ele>57.388673754408956</ele>
        <time>2026-08-17T22:12:28.400000Z</time>
        <extensions>
          <gpxtpx:TrackPointExtension>
            <gpxtpx:hr>152</gpxtpx:hr>
          </gpxtpx:TrackPointExtension>
        </extensions>
      </trkpt>
      <trkpt lat="28.235062249060977" lon="112.90080495609895">
        <ele>57.38139726500958</ele>
        <time>2026-08-17T22:12:29.400000Z</time>
        <extensions>
          <gpxtpx:TrackPointExtension>
            <gpxtpx:hr>152</gpxtpx:hr>
          </gpxtpx:TrackPointExtension>
        </extensions>
      </trkpt>
      <trkpt lat="28.235075410977867" lon="112.90078749074873">
        <ele>57.370220351964235</ele>
        <time>2026-08-17T22:12:30.400000Z</time>
        <extensions>
          <gpxtpx:TrackPointExtension>
            <gpxtpx:hr>152</gpxtpx:hr>
          </gpxtpx:TrackPointExtension>
        </extensions>
      </trkpt>
      <trkpt lat="28.23508835347758" lon="112.90077032318217">
        <ele>57.35827848035842</ele>
        <time>2026-08-17T22:12:31.400000Z</time>
        <extensions>
          <gpxtpx:TrackPointExtension>
            <gpxtpx:hr>152</gpxtpx:hr>
          </gpxtpx:TrackPointExtension>
        </extensions>
      </trkpt>
      <trkpt lat="28.23510126056668" lon="112.90075363058651">
        <ele>57.346363122574985</ele>
        <time>2026-08-17T22:12:32.400000Z</time>
        <extensions>
          <gpxtpx:TrackPointExtension>
            <gpxtpx:hr>153</gpxtpx:hr>
          </gpxtpx:TrackPointExtension>
        </extensions>
      </trkpt>
      <trkpt lat="28.23511456699812" lon="112.90073758693309">
        <ele>57.33531189337373</ele>
        <time>2026-08-17T22:12:33.400000Z</time>
        <extensions>
          <gpxtpx:TrackPointExtension>
            <gpxtpx:hr>153</gpxtpx:hr>
          </gpxtpx:TrackPointExtension>
        </extensions>
      </trkpt>
      <trkpt lat="28.235128230020084" lon="112.90072184637542">
        <ele>57.325864002108574</ele>
        <time>2026-08-17T22:12:34.400000Z</time>
        <extensions>
          <gpxtpx:TrackPointExtension>
            <gpxtpx:hr>153</gpxtpx:hr>
          </gpxtpx:TrackPointExtension>
        </extensions>
      </trkpt>
      <trkpt lat="28.23514173131726" lon="112.90070582428949">
        <ele>57.31867104768753</ele>
        <time>2026-08-17T22:12:35.400000Z</time>
        <extensions>
          <gpxtpx:TrackPointExtension>
            <gpxtpx:hr>153</gpxtpx:hr>
          </gpxtpx:TrackPointExtension>
        </extensions>
      </trkpt>
      <trkpt lat="28.23515490672968" lon="112.90068929309744">
        <ele>57.31403215415776</ele>
        <time>2026-08-17T22:12:36.400000Z</time>
        <extensions>
          <gpxtpx:TrackPointExtension>
            <gpxtpx:hr>153</gpxtpx:hr>
          </gpxtpx:TrackPointExtension>
        </extensions>
      </trkpt>
      <trkpt lat="28.235167908893544" lon="112.90067253529463">
        <ele>57.312309470027685</ele>
        <time>2026-08-17T22:12:37.400000Z</time>
        <extensions>
          <gpxtpx:TrackPointExtension>
            <gpxtpx:hr>154</gpxtpx:hr>
          </gpxtpx:TrackPointExtension>
        </extensions>
      </trkpt>
      <trkpt lat="28.235180973136416" lon="112.90065579649789">
        <ele>57.313569161109626</ele>
        <time>2026-08-17T22:12:38.400000Z</time>
        <extensions>
          <gpxtpx:TrackPointExtension>
            <gpxtpx:hr>154</gpxtpx:hr>
          </gpxtpx:TrackPointExtension>
        </extensions>
      </trkpt>
      <trkpt lat="28.235194056824458" lon="112.90063906660872">
        <ele>57.318229829892516</ele>
        <time>2026-08-17T22:12:39.400000Z</time>
        <extensions>
          <gpxtpx:TrackPointExtension>
            <gpxtpx:hr>154</gpxtpx:hr>
          </gpxtpx:TrackPointExtension>
        </extensions>
      </trkpt>
      <trkpt lat="28.235207092686704" lon="112.90062263208567">
        <ele>57.32625866495073</ele>
        <time>2026-08-17T22:12:40.400000Z</time>
        <extensions>
          <gpxtpx:TrackPointExtension>
            <gpxtpx:hr>154</gpxtpx:hr>
          </gpxtpx:TrackPointExtension>
        </extensions>
      </trkpt>
      <trkpt lat="28.235220166611402" lon="112.90060669313931">
        <ele>57.33819462638348</ele>
        <time>2026-08-17T22:12:41.400000Z</time>
        <extensions>
          <gpxtpx:TrackPointExtension>
            <gpxtpx:hr>154</gpxtpx:hr>
          </gpxtpx:TrackPointExtension>
        </extensions>
      </trkpt>
      <trkpt lat="28.235233234067373" lon="112.90059105378587">
        <ele>57.353967221453786</ele>
        <time>2026-08-17T22:12:42.400000Z</time>
        <extensions>
          <gpxtpx:TrackPointExtension>
            <gpxtpx:hr>155</gpxtpx:hr>
          </gpxtpx:TrackPointExtension>
        </extensions>
      </trkpt>
      <trkpt lat="28.23524618170935" lon="112.90057542094692">
        <ele>57.37373683787882</ele>
        <time>2026-08-17T22:12:43.400000Z</time>
        <extensions>
          <gpxtpx:TrackPointExtension>
            <gpxtpx:hr>155</gpxtpx:hr>
          </gpxtpx:TrackPointExtension>
        </extensions>
      </trkpt>
      <trkpt lat="28.235259054405905" lon="112.90055950154066">
        <ele>57.39774817042053</ele>
        <time>2026-08-17T22:12:44.400000Z</time>
        <extensions>
          <gpxtpx:TrackPointExtension>
            <gpxtpx:hr>155</gpxtpx:hr>
          </gpxtpx:TrackPointExtension>
        </extensions>
      </trkpt>
      <trkpt lat="28.23527206330653" lon="112.90054304089445">
        <ele>57.426525360904634</ele>
        <time>2026-08-17T22:12:45.400000Z</time>
        <extensions>
          <gpxtpx:TrackPointExtension>
            <gpxtpx:hr>155</gpxtpx:hr>
          </gpxtpx:TrackPointExtension>
        </extensions>
      </trkpt>
      <trkpt lat="28.235285218068213" lon="112.90052623331216">
        <ele>57.46028469875455</ele>
        <time>2026-08-17T22:12:46.300000Z</time>
        <extensions>
          <gpxtpx:TrackPointExtension>
            <gpxtpx:hr>155</gpxtpx:hr>
          </gpxtpx:TrackPointExtension>
        </extensions>
      </trkpt>
      <trkpt lat="28.23529838715545" lon="112.90050937972622">
        <ele>57.499314023181796</ele>
        <time>2026-08-17T22:12:47.300000Z</time>
        <extensions>
          <gpxtpx:TrackPointExtension>
            <gpxtpx:hr>155</gpxtpx:hr>
          </gpxtpx:TrackPointExtension>
        </extensions>
      </trkpt>
      <trkpt lat="28.235311899004866" lon="112.90049264468439">
        <ele>57.54374014772475</ele>
        <time>2026-08-17T22:12:48.300000Z</time>
        <extensions>
          <gpxtpx:TrackPointExtension>
            <gpxtpx:hr>155</gpxtpx:hr>
          </gpxtpx:TrackPointExtension>
        </extensions>
      </trkpt>
      <trkpt lat="28.23532642495966" lon="112.90047596009805">
        <ele>57.59361744578928</ele>
        <time>2026-08-17T22:12:49.300000Z</time>
        <extensions>
          <gpxtpx:TrackPointExtension>
            <gpxtpx:hr>155</gpxtpx:hr>
          </gpxtpx:TrackPointExtension>
        </extensions>
      </trkpt>
      <trkpt lat="28.235342087131297" lon="112.9004593905738">
        <ele>57.649070222862065</ele>
        <time>2026-08-17T22:12:50.300000Z</time>
        <extensions>
          <gpxtpx:TrackPointExtension>
            <gpxtpx:hr>157</gpxtpx:hr>
          </gpxtpx:TrackPointExtension>
        </extensions>
      </trkpt>
      <trkpt lat="28.23535865465855" lon="112.90044326319587">
        <ele>57.71082749031484</ele>
        <time>2026-08-17T22:12:51.300000Z</time>
        <extensions>
          <gpxtpx:TrackPointExtension>
            <gpxtpx:hr>157</gpxtpx:hr>
          </gpxtpx:TrackPointExtension>
        </extensions>
      </trkpt>
      <trkpt lat="28.235375811100745" lon="112.90042746049305">
        <ele>57.77814560197294</ele>
        <time>2026-08-17T22:12:52.300000Z</time>
        <extensions>
          <gpxtpx:TrackPointExtension>
            <gpxtpx:hr>157</gpxtpx:hr>
          </gpxtpx:TrackPointExtension>
        </extensions>
      </trkpt>
      <trkpt lat="28.235393029843" lon="112.90041179104466">
        <ele>57.8518104320392</ele>
        <time>2026-08-17T22:12:53.300000Z</time>
        <extensions>
          <gpxtpx:TrackPointExtension>
            <gpxtpx:hr>157</gpxtpx:hr>
          </gpxtpx:TrackPointExtension>
        </extensions>
      </trkpt>
      <trkpt lat="28.235410102016466" lon="112.9003961247798">
        <ele>57.9325800165534</ele>
        <time>2026-08-17T22:12:54.300000Z</time>
        <extensions>
          <gpxtpx:TrackPointExtension>
            <gpxtpx:hr>157</gpxtpx:hr>
          </gpxtpx:TrackPointExtension>
        </extensions>
      </trkpt>
      <trkpt lat="28.235427209142458" lon="112.90038028563386">
        <ele>58.02147550787777</ele>
        <time>2026-08-17T22:12:55.300000Z</time>
        <extensions>
          <gpxtpx:TrackPointExtension>
            <gpxtpx:hr>157</gpxtpx:hr>
          </gpxtpx:TrackPointExtension>
        </extensions>
      </trkpt>
      <trkpt lat="28.235444390018557" lon="112.90036404128308">
        <ele>58.11970067862421</ele>
        <time>2026-08-17T22:12:56.300000Z</time>
        <extensions>
          <gpxtpx:TrackPointExtension>
            <gpxtpx:hr>156</gpxtpx:hr>
          </gpxtpx:TrackPointExtension>
        </extensions>
      </trkpt>
      <trkpt lat="28.235461430280292" lon="112.90034722775974">
        <ele>58.228573106229305</ele>
        <time>2026-08-17T22:12:57.300000Z</time>
        <extensions>
          <gpxtpx:TrackPointExtension>
            <gpxtpx:hr>156</gpxtpx:hr>
          </gpxtpx:TrackPointExtension>
        </extensions>
      </trkpt>
      <trkpt lat="28.235478194735535" lon="112.90032979414596">
        <ele>58.349495637230575</ele>
        <time>2026-08-17T22:12:58.300000Z</time>
        <extensions>
          <gpxtpx:TrackPointExtension>
            <gpxtpx:hr>156</gpxtpx:hr>
          </gpxtpx:TrackPointExtension>
        </extensions>
      </trkpt>
      <trkpt lat="28.23549459855371" lon="112.90031176388686">
        <ele>58.48389467224479</ele>
        <time>2026-08-17T22:12:59.300000Z</time>
        <extensions>
          <gpxtpx:TrackPointExtension>
            <gpxtpx:hr>156</gpxtpx:hr>
          </gpxtpx:TrackPointExtension>
        </extensions>
      </trkpt>
      <trkpt lat="28.235510535355836" lon="112.90029333066754">
        <ele>58.63316846545786</ele>
        <time>2026-08-17T22:13:00.300000Z</time>
        <extensions>
          <gpxtpx:TrackPointExtension>
            <gpxtpx:hr>156</gpxtpx:hr>
          </gpxtpx:TrackPointExtension>
        </extensions>
      </trkpt>
      <trkpt lat="28.23552609014978" lon="112.90027476526677">
        <ele>58.79852029122412</ele>
        <time>2026-08-17T22:13:01.300000Z</time>
        <extensions>
          <gpxtpx:TrackPointExtension>
            <gpxtpx:hr>156</gpxtpx:hr>
          </gpxtpx:TrackPointExtension>
        </extensions>
      </trkpt>
      <trkpt lat="28.23554152960198" lon="112.90025618279097">
        <ele>58.98085427843034</ele>
        <time>2026-08-17T22:13:02.300000Z</time>
        <extensions>
          <gpxtpx:TrackPointExtension>
            <gpxtpx:hr>156</gpxtpx:hr>
          </gpxtpx:TrackPointExtension>
        </extensions>
      </trkpt>
      <trkpt lat="28.2355570813789" lon="112.90023751141084">
        <ele>59.180910436436534</ele>
        <time>2026-08-17T22:13:03.300000Z</time>
        <extensions>
          <gpxtpx:TrackPointExtension>
            <gpxtpx:hr>156</gpxtpx:hr>
          </gpxtpx:TrackPointExtension>
        </extensions>
      </trkpt>
      <trkpt lat="28.235572748111803" lon="112.90021845520357">
        <ele>59.39933426771313</ele>
        <time>2026-08-17T22:13:04.300000Z</time>
        <extensions>
          <gpxtpx:TrackPointExtension>
            <gpxtpx:hr>156</gpxtpx:hr>
          </gpxtpx:TrackPointExtension>
        </extensions>
      </trkpt>
      <trkpt lat="28.235588270485895" lon="112.90019836950138">
        <ele>59.63661629334092</ele>
        <time>2026-08-17T22:13:05.300000Z</time>
        <extensions>
          <gpxtpx:TrackPointExtension>
            <gpxtpx:hr>156</gpxtpx:hr>
          </gpxtpx:TrackPointExtension>
        </extensions>
      </trkpt>
      <trkpt lat="28.235603179281775" lon="112.90017705970828">
        <ele>59.89309283718467</ele>
        <time>2026-08-17T22:13:06.300000Z</time>
        <extensions>
          <gpxtpx:TrackPointExtension>
            <gpxtpx:hr>156</gpxtpx:hr>
          </gpxtpx:TrackPointExtension>
        </extensions>
      </trkpt>
      <trkpt lat="28.23561710233736" lon="112.9001548033427">
        <ele>60.16886960808188</ele>
        <time>2026-08-17T22:13:07.300000Z</time>
        <extensions>
          <gpxtpx:TrackPointExtension>
            <gpxtpx:hr>156</gpxtpx:hr>
          </gpxtpx:TrackPointExtension>
        </extensions>
      </trkpt>
      <trkpt lat="28.23562958591408" lon="112.90013179027132">
        <ele>60.463794734328985</ele>
        <time>2026-08-17T22:13:08.300000Z</time>
        <extensions>
          <gpxtpx:TrackPointExtension>
            <gpxtpx:hr>156</gpxtpx:hr>
          </gpxtpx:TrackPointExtension>
        </extensions>
      </trkpt>
      <trkpt lat="28.235640594517367" lon="112.90010818683031">
        <ele>60.777445015497506</ele>
        <time>2026-08-17T22:13:09.300000Z</time>
        <extensions>
          <gpxtpx:TrackPointExtension>
            <gpxtpx:hr>156</gpxtpx:hr>
          </gpxtpx:TrackPointExtension>
        </extensions>
      </trkpt>
      <trkpt lat="28.2356507932138" lon="112.90008430993505">
        <ele>61.10897321347147</ele>
        <time>2026-08-17T22:13:10.300000Z</time>
        <extensions>
          <gpxtpx:TrackPointExtension>
            <gpxtpx:hr>156</gpxtpx:hr>
          </gpxtpx:TrackPointExtension>
        </extensions>
      </trkpt>
      <trkpt lat="28.235660955058357" lon="112.90006051441462">
        <ele>61.45681921206415</ele>
        <time>2026-08-17T22:13:11.300000Z</time>
        <extensions>
          <gpxtpx:TrackPointExtension>
            <gpxtpx:hr>156</gpxtpx:hr>
          </gpxtpx:TrackPointExtension>
        </extensions>
      </trkpt>
      <trkpt lat="28.23567182761984" lon="112.90003723341383">
        <ele>61.81819026079029</ele>
        <time>2026-08-17T22:13:12.300000Z</time>
        <extensions>
          <gpxtpx:TrackPointExtension>
            <gpxtpx:hr>159</gpxtpx:hr>
          </gpxtpx:TrackPointExtension>
        </extensions>
      </trkpt>
      <trkpt lat="28.23568408135133" lon="112.90001509133421">
        <ele>62.18846123944968</ele>
        <time>2026-08-17T22:13:13.300000Z</time>
        <extensions>
          <gpxtpx:TrackPointExtension>
            <gpxtpx:hr>159</gpxtpx:hr>
          </gpxtpx:TrackPointExtension>
        </extensions>
      </trkpt>
      <trkpt lat="28.235698298668858" lon="112.89999483805886">
        <ele>62.56081984564662</ele>
        <time>2026-08-17T22:13:14.300000Z</time>
        <extensions>
          <gpxtpx:TrackPointExtension>
            <gpxtpx:hr>159</gpxtpx:hr>
          </gpxtpx:TrackPointExtension>
        </extensions>
      </trkpt>
      <trkpt lat="28.235714509471116" lon="112.89997688427795">
        <ele>62.926558875478804</ele>
        <time>2026-08-17T22:13:15.300000Z</time>
        <extensions>
          <gpxtpx:TrackPointExtension>
            <gpxtpx:hr>159</gpxtpx:hr>
          </gpxtpx:TrackPointExtension>
        </extensions>
      </trkpt>
      <trkpt lat="28.235732376440545" lon="112.89996118009343">
        <ele>63.275766988284886</ele>
        <time>2026-08-17T22:13:16.300000Z</time>
        <extensions>
          <gpxtpx:TrackPointExtension>
            <gpxtpx:hr>159</gpxtpx:hr>
          </gpxtpx:TrackPointExtension>
        </extensions>
      </trkpt>
      <trkpt lat="28.235751510101124" lon="112.8999479119169">
        <ele>63.59742438327521</ele>
        <time>2026-08-17T22:13:17.300000Z</time>
        <extensions>
          <gpxtpx:TrackPointExtension>
            <gpxtpx:hr>160</gpxtpx:hr>
          </gpxtpx:TrackPointExtension>
        </extensions>
      </trkpt>
      <trkpt lat="28.235771094163677" lon="112.89993600445321">
        <ele>63.88202230632305</ele>
        <time>2026-08-17T22:13:18.300000Z</time>
        <extensions>
          <gpxtpx:TrackPointExtension>
            <gpxtpx:hr>160</gpxtpx:hr>
          </gpxtpx:TrackPointExtension>
        </extensions>
      </trkpt>
      <trkpt lat="28.23578951881954" lon="112.89992202746194">
        <ele>64.12638936936855</ele>
        <time>2026-08-17T22:13:19.300000Z</time>
        <extensions>
          <gpxtpx:TrackPointExtension>
            <gpxtpx:hr>160</gpxtpx:hr>
          </gpxtpx:TrackPointExtension>
        </extensions>
      </trkpt>
      <trkpt lat="28.235806201897372" lon="112.89990486411234">
        <ele>64.33410018216819</ele>
        <time>2026-08-17T22:13:20.300000Z</time>
        <extensions>
          <gpxtpx:TrackPointExtension>
            <gpxtpx:hr>160</gpxtpx:hr>
          </gpxtpx:TrackPointExtension>
        </extensions>
      </trkpt>
      <trkpt lat="28.23582170026162" lon="112.8998860838741">
        <ele>64.51138511486351</ele>
        <time>2026-08-17T22:13:21.300000Z</time>
        <extensions>
          <gpxtpx:TrackPointExtension>
            <gpxtpx:hr>160</gpxtpx:hr>
          </gpxtpx:TrackPointExtension>
        </extensions>
      </trkpt>
      <trkpt lat="28.235836201500252" lon="112.8998661949598">
        <ele>64.66330032795668</ele>
        <time>2026-08-17T22:13:22.300000Z</time>
        <extensions>
          <gpxtpx:TrackPointExtension>
            <gpxtpx:hr>160</gpxtpx:hr>
          </gpxtpx:TrackPointExtension>
        </extensions>
      </trkpt>
      <trkpt lat="28.235850069073347" lon="112.89984530282211">
        <ele>64.79292003810406</ele>
        <time>2026-08-17T22:13:23.300000Z</time>
        <extensions>
          <gpxtpx:TrackPointExtension>
            <gpxtpx:hr>161</gpxtpx:hr>
          </gpxtpx:TrackPointExtension>
        </extensions>
      </trkpt>
      <trkpt lat="28.235863780702562" lon="112.89982395038172">
        <ele>64.90232421830297</ele>
        <time>2026-08-17T22:13:24.300000Z</time>
        <extensions>
          <gpxtpx:TrackPointExtension>
            <gpxtpx:hr>161</gpxtpx:hr>
          </gpxtpx:TrackPointExtension>
        </extensions>
      </trkpt>
      <trkpt lat="28.235877633553965" lon="112.89980272717686">
        <ele>64.99341241456568</ele>
        <time>2026-08-17T22:13:25.300000Z</time>
        <extensions>
          <gpxtpx:TrackPointExtension>
            <gpxtpx:hr>161</gpxtpx:hr>
          </gpxtpx:TrackPointExtension>
        </extensions>
      </trkpt>
      <trkpt lat="28.235891856404567" lon="112.89978205977852">
        <ele>65.06826649978757</ele>
        <time>2026-08-17T22:13:26.300000Z</time>
        <extensions>
          <gpxtpx:TrackPointExtension>
            <gpxtpx:hr>161</gpxtpx:hr>
          </gpxtpx:TrackPointExtension>
        </extensions>
      </trkpt>
      <trkpt lat="28.235906759009485" lon="112.89976228234845">
        <ele>65.12887886632234</ele>
        <time>2026-08-17T22:13:27.300000Z</time>
        <extensions>
          <gpxtpx:TrackPointExtension>
            <gpxtpx:hr>161</gpxtpx:hr>
          </gpxtpx:TrackPointExtension>
        </extensions>
      </trkpt>
      <trkpt lat="28.235922458274654" lon="112.89974320358051">
        <ele>65.1770631223917</ele>
        <time>2026-08-17T22:13:28.300000Z</time>
        <extensions>
          <gpxtpx:TrackPointExtension>
            <gpxtpx:hr>161</gpxtpx:hr>
          </gpxtpx:TrackPointExtension>
        </extensions>
      </trkpt>
      <trkpt lat="28.23593894850554" lon="112.89972436309732">
        <ele>65.21428164001554</ele>
        <time>2026-08-17T22:13:29.300000Z</time>
        <extensions>
          <gpxtpx:TrackPointExtension>
            <gpxtpx:hr>163</gpxtpx:hr>
          </gpxtpx:TrackPointExtension>
        </extensions>
      </trkpt>
      <trkpt lat="28.235955714876066" lon="112.89970540380554">
        <ele>65.24153866991401</ele>
        <time>2026-08-17T22:13:30.300000Z</time>
        <extensions>
          <gpxtpx:TrackPointExtension>
            <gpxtpx:hr>163</gpxtpx:hr>
          </gpxtpx:TrackPointExtension>
        </extensions>
      </trkpt>
      <trkpt lat="28.235972115695358" lon="112.89968623992263">
        <ele>65.25945529341698</ele>
        <time>2026-08-17T22:13:31.300000Z</time>
        <extensions>
          <gpxtpx:TrackPointExtension>
            <gpxtpx:hr>163</gpxtpx:hr>
          </gpxtpx:TrackPointExtension>
        </extensions>
      </trkpt>
      <trkpt lat="28.23598785461038" lon="112.8996672429662">
        <ele>65.26852416899055</ele>
        <time>2026-08-17T22:13:32.300000Z</time>
        <extensions>
          <gpxtpx:TrackPointExtension>
            <gpxtpx:hr>163</gpxtpx:hr>
          </gpxtpx:TrackPointExtension>
        </extensions>
      </trkpt>
      <trkpt lat="28.236002711808226" lon="112.89964897431786">
        <ele>65.2688930798322</ele>
        <time>2026-08-17T22:13:33.300000Z</time>
        <extensions>
          <gpxtpx:TrackPointExtension>
            <gpxtpx:hr>163</gpxtpx:hr>
          </gpxtpx:TrackPointExtension>
        </extensions>
      </trkpt>
      <trkpt lat="28.236016435258247" lon="112.89963210584442">
        <ele>65.26032944396138</ele>
        <time>2026-08-17T22:13:34.300000Z</time>
        <extensions>
          <gpxtpx:TrackPointExtension>
            <gpxtpx:hr>163</gpxtpx:hr>
          </gpxtpx:TrackPointExtension>
        </extensions>
      </trkpt>
      <trkpt lat="28.23602872542787" lon="112.89961740674529">
        <ele>65.24272533785552</ele>
        <time>2026-08-17T22:13:35.300000Z</time>
        <extensions>
          <gpxtpx:TrackPointExtension>
            <gpxtpx:hr>163</gpxtpx:hr>
          </gpxtpx:TrackPointExtension>
        </extensions>
      </trkpt>
      <trkpt lat="28.23603959656826" lon="112.89960520616289">
        <ele>65.21647193655372</ele>
        <time>2026-08-17T22:13:36.300000Z</time>
        <extensions>
          <gpxtpx:TrackPointExtension>
            <gpxtpx:hr>163</gpxtpx:hr>
          </gpxtpx:TrackPointExtension>
        </extensions>
      </trkpt>
      <trkpt lat="28.23604934105998" lon="112.89959539945093">
        <ele>65.1826261645183</ele>
        <time>2026-08-17T22:13:37.300000Z</time>
        <extensions>
          <gpxtpx:TrackPointExtension>
            <gpxtpx:hr>165</gpxtpx:hr>
          </gpxtpx:TrackPointExtension>
        </extensions>
      </trkpt>
      <trkpt lat="28.236058333805087" lon="112.8995877990933">
        <ele>65.14328278321773</ele>
        <time>2026-08-17T22:13:38.300000Z</time>
        <extensions>
          <gpxtpx:TrackPointExtension>
            <gpxtpx:hr>165</gpxtpx:hr>
          </gpxtpx:TrackPointExtension>
        </extensions>
      </trkpt>
      <trkpt lat="28.236066756035953" lon="112.89958170614014">
        <ele>65.10186408553272</ele>
        <time>2026-08-17T22:13:39.300000Z</time>
        <extensions>
          <gpxtpx:TrackPointExtension>
            <gpxtpx:hr>165</gpxtpx:hr>
          </gpxtpx:TrackPointExtension>
        </extensions>
      </trkpt>
      <trkpt lat="28.236074698687982" lon="112.89957602391267">
        <ele>65.06317228544503</ele>
        <time>2026-08-17T22:13:40.300000Z</time>
        <extensions>
          <gpxtpx:TrackPointExtension>
            <gpxtpx:hr>165</gpxtpx:hr>
          </gpxtpx:TrackPointExtension>
        </extensions>
      </trkpt>
      <trkpt lat="28.236085012252907" lon="112.89956868567805">
        <ele>65.03198495693505</ele>
        <time>2026-08-17T22:13:41.500000Z</time>
        <extensions>
          <gpxtpx:TrackPointExtension>
            <gpxtpx:hr>165</gpxtpx:hr>
          </gpxtpx:TrackPointExtension>
        </extensions>
      </trkpt>
      <trkpt lat="28.23609306972288" lon="112.89956285584361">
        <ele>65.03081214148551</ele>
        <time>2026-08-17T22:13:42.500000Z</time>
        <extensions>
          <gpxtpx:TrackPointExtension>
            <gpxtpx:hr>165</gpxtpx:hr>
          </gpxtpx:TrackPointExtension>
        </extensions>
      </trkpt>
      <trkpt lat="28.23610057890095" lon="112.89955603907103">
        <ele>65.05289297085255</ele>
        <time>2026-08-17T22:13:43.500000Z</time>
        <extensions>
          <gpxtpx:TrackPointExtension>
            <gpxtpx:hr>165</gpxtpx:hr>
          </gpxtpx:TrackPointExtension>
        </extensions>
      </trkpt>
      <trkpt lat="28.236107210086484" lon="112.89954749431675">
        <ele>65.09867112524807</ele>
        <time>2026-08-17T22:13:44.500000Z</time>
        <extensions>
          <gpxtpx:TrackPointExtension>
            <gpxtpx:hr>165</gpxtpx:hr>
          </gpxtpx:TrackPointExtension>
        </extensions>
      </trkpt>
      <trkpt lat="28.236111527959675" lon="112.8995405777544">
        <ele>65.1420072754845</ele>
        <time>2026-08-17T22:13:45.200000Z</time>
        <extensions>
          <gpxtpx:TrackPointExtension>
            <gpxtpx:hr>165</gpxtpx:hr>
          </gpxtpx:TrackPointExtension>
        </extensions>
      </trkpt>
      <trkpt lat="28.236118084985403" lon="112.89952948029688">
        <ele>65.21569980774075</ele>
        <time>2026-08-17T22:13:46.200000Z</time>
        <extensions>
          <gpxtpx:TrackPointExtension>
            <gpxtpx:hr>165</gpxtpx:hr>
          </gpxtpx:TrackPointExtension>
        </extensions>
      </trkpt>
      <trkpt lat="28.236126059977835" lon="112.89951677439059">
        <ele>65.30075316689909</ele>
        <time>2026-08-17T22:13:47.200000Z</time>
        <extensions>
          <gpxtpx:TrackPointExtension>
            <gpxtpx:hr>165</gpxtpx:hr>
          </gpxtpx:TrackPointExtension>
        </extensions>
      </trkpt>
      <trkpt lat="28.236135981563432" lon="112.89950278515069">
        <ele>65.39258122071624</ele>
        <time>2026-08-17T22:13:48.200000Z</time>
        <extensions>
          <gpxtpx:TrackPointExtension>
            <gpxtpx:hr>165</gpxtpx:hr>
          </gpxtpx:TrackPointExtension>
        </extensions>
      </trkpt>
      <trkpt lat="28.236147160160748" lon="112.89948853603912">
        <ele>65.48791540879756</ele>
        <time>2026-08-17T22:13:49.200000Z</time>
        <extensions>
          <gpxtpx:TrackPointExtension>
            <gpxtpx:hr>165</gpxtpx:hr>
          </gpxtpx:TrackPointExtension>
        </extensions>
      </trkpt>
      <trkpt lat="28.236159031511246" lon="112.8994741783349">
        <ele>65.58456608001143</ele>
        <time>2026-08-17T22:13:50.200000Z</time>
        <extensions>
          <gpxtpx:TrackPointExtension>
            <gpxtpx:hr>165</gpxtpx:hr>
          </gpxtpx:TrackPointExtension>
        </extensions>
      </trkpt>
      <trkpt lat="28.23617100776191" lon="112.89945951753877">
        <ele>65.68094099126756</ele>
        <time>2026-08-17T22:13:51.200000Z</time>
        <extensions>
          <gpxtpx:TrackPointExtension>
            <gpxtpx:hr>165</gpxtpx:hr>
          </gpxtpx:TrackPointExtension>
        </extensions>
      </trkpt>
      <trkpt lat="28.23618293695239" lon="112.89944472974656">
        <ele>65.77574263233691</ele>
        <time>2026-08-17T22:13:52.200000Z</time>
        <extensions>
          <gpxtpx:TrackPointExtension>
            <gpxtpx:hr>163</gpxtpx:hr>
          </gpxtpx:TrackPointExtension>
        </extensions>
      </trkpt>
      <trkpt lat="28.236194938692748" lon="112.89942997937396">
        <ele>65.8679480291903</ele>
        <time>2026-08-17T22:13:53.200000Z</time>
        <extensions>
          <gpxtpx:TrackPointExtension>
            <gpxtpx:hr>163</gpxtpx:hr>
          </gpxtpx:TrackPointExtension>
        </extensions>
      </trkpt>
      <trkpt lat="28.23620720629835" lon="112.89941519348297">
        <ele>65.95666256546974</ele>
        <time>2026-08-17T22:13:54.200000Z</time>
        <extensions>
          <gpxtpx:TrackPointExtension>
            <gpxtpx:hr>163</gpxtpx:hr>
          </gpxtpx:TrackPointExtension>
        </extensions>
      </trkpt>
      <trkpt lat="28.236220007863785" lon="112.89940025643403">
        <ele>66.04124017897993</ele>
        <time>2026-08-17T22:13:55.200000Z</time>
        <extensions>
          <gpxtpx:TrackPointExtension>
            <gpxtpx:hr>163</gpxtpx:hr>
          </gpxtpx:TrackPointExtension>
        </extensions>
      </trkpt>
      <trkpt lat="28.23623363785852" lon="112.89938465461522">
        <ele>66.12125161010772</ele>
        <time>2026-08-17T22:13:56.200000Z</time>
        <extensions>
          <gpxtpx:TrackPointExtension>
            <gpxtpx:hr>162</gpxtpx:hr>
          </gpxtpx:TrackPointExtension>
        </extensions>
      </trkpt>
      <trkpt lat="28.23624861224665" lon="112.89936747779942">
        <ele>66.19639461115003</ele>
        <time>2026-08-17T22:13:57.200000Z</time>
        <extensions>
          <gpxtpx:TrackPointExtension>
            <gpxtpx:hr>162</gpxtpx:hr>
          </gpxtpx:TrackPointExtension>
        </extensions>
      </trkpt>
      <trkpt lat="28.236264716265854" lon="112.89934887631608">
        <ele>66.26667882036418</ele>
        <time>2026-08-17T22:13:58.200000Z</time>
        <extensions>
          <gpxtpx:TrackPointExtension>
            <gpxtpx:hr>162</gpxtpx:hr>
          </gpxtpx:TrackPointExtension>
        </extensions>
      </trkpt>
      <trkpt lat="28.236281670745196" lon="112.89932942613972">
        <ele>66.33259835001081</ele>
        <time>2026-08-17T22:13:59.200000Z</time>
        <extensions>
          <gpxtpx:TrackPointExtension>
            <gpxtpx:hr>162</gpxtpx:hr>
          </gpxtpx:TrackPointExtension>
        </extensions>
      </trkpt>
      <trkpt lat="28.23629891259274" lon="112.89930991202573">
        <ele>66.39488421753049</ele>
        <time>2026-08-17T22:14:00.200000Z</time>
        <extensions>
          <gpxtpx:TrackPointExtension>
            <gpxtpx:hr>162</gpxtpx:hr>
          </gpxtpx:TrackPointExtension>
        </extensions>
      </trkpt>
      <trkpt lat="28.236315771827808" lon="112.89929093088956">
        <ele>66.45430491957814</ele>
        <time>2026-08-17T22:14:01.200000Z</time>
        <extensions>
          <gpxtpx:TrackPointExtension>
            <gpxtpx:hr>159</gpxtpx:hr>
          </gpxtpx:TrackPointExtension>
        </extensions>
      </trkpt>
      <trkpt lat="28.236331891616032" lon="112.89927227086655">
        <ele>66.51151304598898</ele>
        <time>2026-08-17T22:14:02.200000Z</time>
        <extensions>
          <gpxtpx:TrackPointExtension>
            <gpxtpx:hr>159</gpxtpx:hr>
          </gpxtpx:TrackPointExtension>
        </extensions>
      </trkpt>
      <trkpt lat="28.23634737703739" lon="112.89925334418578">
        <ele>66.56681928317994</ele>
        <time>2026-08-17T22:14:03.200000Z</time>
        <extensions>
          <gpxtpx:TrackPointExtension>
            <gpxtpx:hr>159</gpxtpx:hr>
          </gpxtpx:TrackPointExtension>
        </extensions>
      </trkpt>
      <trkpt lat="28.236362812603495" lon="112.89923380199787">
        <ele>66.62043501716107</ele>
        <time>2026-08-17T22:14:04.200000Z</time>
        <extensions>
          <gpxtpx:TrackPointExtension>
            <gpxtpx:hr>159</gpxtpx:hr>
          </gpxtpx:TrackPointExtension>
        </extensions>
      </trkpt>
      <trkpt lat="28.236378412813774" lon="112.89921368320277">
        <ele>66.67258615419269</ele>
        <time>2026-08-17T22:14:05.200000Z</time>
        <extensions>
          <gpxtpx:TrackPointExtension>
            <gpxtpx:hr>159</gpxtpx:hr>
          </gpxtpx:TrackPointExtension>
        </extensions>
      </trkpt>
      <trkpt lat="28.23639409017136" lon="112.89919343245717">
        <ele>66.72359937615693</ele>
        <time>2026-08-17T22:14:06.200000Z</time>
        <extensions>
          <gpxtpx:TrackPointExtension>
            <gpxtpx:hr>158</gpxtpx:hr>
          </gpxtpx:TrackPointExtension>
        </extensions>
      </trkpt>
      <trkpt lat="28.236409656774807" lon="112.89917326993701">
        <ele>66.77398386131972</ele>
        <time>2026-08-17T22:14:07.200000Z</time>
        <extensions>
          <gpxtpx:TrackPointExtension>
            <gpxtpx:hr>158</gpxtpx:hr>
          </gpxtpx:TrackPointExtension>
        </extensions>
      </trkpt>
      <trkpt lat="28.236425070536345" lon="112.89915321144314">
        <ele>66.82417949475348</ele>
        <time>2026-08-17T22:14:08.200000Z</time>
        <extensions>
          <gpxtpx:TrackPointExtension>
            <gpxtpx:hr>158</gpxtpx:hr>
          </gpxtpx:TrackPointExtension>
        </extensions>
      </trkpt>
      <trkpt lat="28.23644023607564" lon="112.89913336580344">
        <ele>66.87417350523174</ele>
        <time>2026-08-17T22:14:09.200000Z</time>
        <extensions>
          <gpxtpx:TrackPointExtension>
            <gpxtpx:hr>158</gpxtpx:hr>
          </gpxtpx:TrackPointExtension>
        </extensions>
      </trkpt>
      <trkpt lat="28.2364550860371" lon="112.89911369392539">
        <ele>66.92355832923204</ele>
        <time>2026-08-17T22:14:10.200000Z</time>
        <extensions>
          <gpxtpx:TrackPointExtension>
            <gpxtpx:hr>158</gpxtpx:hr>
          </gpxtpx:TrackPointExtension>
        </extensions>
      </trkpt>
      <trkpt lat="28.236469836509276" lon="112.89909424094931">
        <ele>66.97194308508188</ele>
        <time>2026-08-17T22:14:11.200000Z</time>
        <extensions>
          <gpxtpx:TrackPointExtension>
            <gpxtpx:hr>161</gpxtpx:hr>
          </gpxtpx:TrackPointExtension>
        </extensions>
      </trkpt>
      <trkpt lat="28.236484738828906" lon="112.89907510393935">
        <ele>67.01921572163701</ele>
        <time>2026-08-17T22:14:12.200000Z</time>
        <extensions>
          <gpxtpx:TrackPointExtension>
            <gpxtpx:hr>161</gpxtpx:hr>
          </gpxtpx:TrackPointExtension>
        </extensions>
      </trkpt>
      <trkpt lat="28.236499750295184" lon="112.89905612025204">
        <ele>67.06550568621606</ele>
        <time>2026-08-17T22:14:13.200000Z</time>
        <extensions>
          <gpxtpx:TrackPointExtension>
            <gpxtpx:hr>161</gpxtpx:hr>
          </gpxtpx:TrackPointExtension>
        </extensions>
      </trkpt>
      <trkpt lat="28.23651475457001" lon="112.89903695191065">
        <ele>67.11087169777602</ele>
        <time>2026-08-17T22:14:14.200000Z</time>
        <extensions>
          <gpxtpx:TrackPointExtension>
            <gpxtpx:hr>161</gpxtpx:hr>
          </gpxtpx:TrackPointExtension>
        </extensions>
      </trkpt>
      <trkpt lat="28.236529808742475" lon="112.89901726359912">
        <ele>67.15494928508997</ele>
        <time>2026-08-17T22:14:15.200000Z</time>
        <extensions>
          <gpxtpx:TrackPointExtension>
            <gpxtpx:hr>161</gpxtpx:hr>
          </gpxtpx:TrackPointExtension>
        </extensions>
      </trkpt>
      <trkpt lat="28.236545033779485" lon="112.8989970901079">
        <ele>67.19708474632353</ele>
        <time>2026-08-17T22:14:16.200000Z</time>
        <extensions>
          <gpxtpx:TrackPointExtension>
            <gpxtpx:hr>161</gpxtpx:hr>
          </gpxtpx:TrackPointExtension>
        </extensions>
      </trkpt>
      <trkpt lat="28.236560396265336" lon="112.89897688761482">
        <ele>67.23682404216379</ele>
        <time>2026-08-17T22:14:17.200000Z</time>
        <extensions>
          <gpxtpx:TrackPointExtension>
            <gpxtpx:hr>161</gpxtpx:hr>
          </gpxtpx:TrackPointExtension>
        </extensions>
      </trkpt>
      <trkpt lat="28.23657556776282" lon="112.89895726141003">
        <ele>67.2741553420201</ele>
        <time>2026-08-17T22:14:18.200000Z</time>
        <extensions>
          <gpxtpx:TrackPointExtension>
            <gpxtpx:hr>160</gpxtpx:hr>
          </gpxtpx:TrackPointExtension>
        </extensions>
      </trkpt>
      <trkpt lat="28.236590336321203" lon="112.8989382649833">
        <ele>67.30972032807767</ele>
        <time>2026-08-17T22:14:19.200000Z</time>
        <extensions>
          <gpxtpx:TrackPointExtension>
            <gpxtpx:hr>160</gpxtpx:hr>
          </gpxtpx:TrackPointExtension>
        </extensions>
      </trkpt>
      <trkpt lat="28.236604557964736" lon="112.89891965718454">
        <ele>67.3446640484035</ele>
        <time>2026-08-17T22:14:20.200000Z</time>
        <extensions>
          <gpxtpx:TrackPointExtension>
            <gpxtpx:hr>160</gpxtpx:hr>
          </gpxtpx:TrackPointExtension>
        </extensions>
      </trkpt>
      <trkpt lat="28.236618336445307" lon="112.89890118057991">
        <ele>67.3801666693762</ele>
        <time>2026-08-17T22:14:21.200000Z</time>
        <extensions>
          <gpxtpx:TrackPointExtension>
            <gpxtpx:hr>160</gpxtpx:hr>
          </gpxtpx:TrackPointExtension>
        </extensions>
      </trkpt>
      <trkpt lat="28.23663254244384" lon="112.89888250408808">
        <ele>67.41703393403441</ele>
        <time>2026-08-17T22:14:22.200000Z</time>
        <extensions>
          <gpxtpx:TrackPointExtension>
            <gpxtpx:hr>161</gpxtpx:hr>
          </gpxtpx:TrackPointExtension>
        </extensions>
      </trkpt>
      <trkpt lat="28.23664796409433" lon="112.89886345640804">
        <ele>67.45578188542277</ele>
        <time>2026-08-17T22:14:23.200000Z</time>
        <extensions>
          <gpxtpx:TrackPointExtension>
            <gpxtpx:hr>161</gpxtpx:hr>
          </gpxtpx:TrackPointExtension>
        </extensions>
      </trkpt>
      <trkpt lat="28.23666441010167" lon="112.89884410007566">
        <ele>67.49712054245174</ele>
        <time>2026-08-17T22:14:24.200000Z</time>
        <extensions>
          <gpxtpx:TrackPointExtension>
            <gpxtpx:hr>161</gpxtpx:hr>
          </gpxtpx:TrackPointExtension>
        </extensions>
      </trkpt>
      <trkpt lat="28.236681405196766" lon="112.89882494162677">
        <ele>67.5422561597079</ele>
        <time>2026-08-17T22:14:25.200000Z</time>
        <extensions>
          <gpxtpx:TrackPointExtension>
            <gpxtpx:hr>161</gpxtpx:hr>
          </gpxtpx:TrackPointExtension>
        </extensions>
      </trkpt>
      <trkpt lat="28.23669858026224" lon="112.89880638059755">
        <ele>67.59267297573388</ele>
        <time>2026-08-17T22:14:26.200000Z</time>
        <extensions>
          <gpxtpx:TrackPointExtension>
            <gpxtpx:hr>161</gpxtpx:hr>
          </gpxtpx:TrackPointExtension>
        </extensions>
      </trkpt>
      <trkpt lat="28.236715777719375" lon="112.8987883679372">
        <ele>67.64952153153718</ele>
        <time>2026-08-17T22:14:27.200000Z</time>
        <extensions>
          <gpxtpx:TrackPointExtension>
            <gpxtpx:hr>161</gpxtpx:hr>
          </gpxtpx:TrackPointExtension>
        </extensions>
      </trkpt>
      <trkpt lat="28.23673298320785" lon="112.8987705499434">
        <ele>67.71316793840379</ele>
        <time>2026-08-17T22:14:28.200000Z</time>
        <extensions>
          <gpxtpx:TrackPointExtension>
            <gpxtpx:hr>161</gpxtpx:hr>
          </gpxtpx:TrackPointExtension>
        </extensions>
      </trkpt>
      <trkpt lat="28.23675013223299" lon="112.89875285491334">
        <ele>67.7832243014127</ele>
        <time>2026-08-17T22:14:29.200000Z</time>
        <extensions>
          <gpxtpx:TrackPointExtension>
            <gpxtpx:hr>161</gpxtpx:hr>
          </gpxtpx:TrackPointExtension>
        </extensions>
      </trkpt>
      <trkpt lat="28.236767063397682" lon="112.89873530167075">
        <ele>67.85876586195081</ele>
        <time>2026-08-17T22:14:30.200000Z</time>
        <extensions>
          <gpxtpx:TrackPointExtension>
            <gpxtpx:hr>161</gpxtpx:hr>
          </gpxtpx:TrackPointExtension>
        </extensions>
      </trkpt>
      <trkpt lat="28.236783634193745" lon="112.89871775703017">
        <ele>67.93842631950974</ele>
        <time>2026-08-17T22:14:31.200000Z</time>
        <extensions>
          <gpxtpx:TrackPointExtension>
            <gpxtpx:hr>161</gpxtpx:hr>
          </gpxtpx:TrackPointExtension>
        </extensions>
      </trkpt>
      <trkpt lat="28.23679979494824" lon="112.89870039734342">
        <ele>68.02076980564743</ele>
        <time>2026-08-17T22:14:32.200000Z</time>
        <extensions>
          <gpxtpx:TrackPointExtension>
            <gpxtpx:hr>161</gpxtpx:hr>
          </gpxtpx:TrackPointExtension>
        </extensions>
      </trkpt>
      <trkpt lat="28.236815562743026" lon="112.89868323730359">
        <ele>68.10475234687328</ele>
        <time>2026-08-17T22:14:33.200000Z</time>
        <extensions>
          <gpxtpx:TrackPointExtension>
            <gpxtpx:hr>163</gpxtpx:hr>
          </gpxtpx:TrackPointExtension>
        </extensions>
      </trkpt>
      <trkpt lat="28.23683099646428" lon="112.89866597227862">
        <ele>68.18988465610892</ele>
        <time>2026-08-17T22:14:34.200000Z</time>
        <extensions>
          <gpxtpx:TrackPointExtension>
            <gpxtpx:hr>163</gpxtpx:hr>
          </gpxtpx:TrackPointExtension>
        </extensions>
      </trkpt>
      <trkpt lat="28.236846338581273" lon="112.8986483959468">
        <ele>68.27597166318446</ele>
        <time>2026-08-17T22:14:35.200000Z</time>
        <extensions>
          <gpxtpx:TrackPointExtension>
            <gpxtpx:hr>163</gpxtpx:hr>
          </gpxtpx:TrackPointExtension>
        </extensions>
      </trkpt>
      <trkpt lat="28.23686176343846" lon="112.89863021934222">
        <ele>68.36266612820327</ele>
        <time>2026-08-17T22:14:36.200000Z</time>
        <extensions>
          <gpxtpx:TrackPointExtension>
            <gpxtpx:hr>163</gpxtpx:hr>
          </gpxtpx:TrackPointExtension>
        </extensions>
      </trkpt>
      <trkpt lat="28.236877193055285" lon="112.89861095695446">
        <ele>68.4491358762607</ele>
        <time>2026-08-17T22:14:37.200000Z</time>
        <extensions>
          <gpxtpx:TrackPointExtension>
            <gpxtpx:hr>163</gpxtpx:hr>
          </gpxtpx:TrackPointExtension>
        </extensions>
      </trkpt>
      <trkpt lat="28.236892401459304" lon="112.89859047235447">
        <ele>68.53428712394089</ele>
        <time>2026-08-17T22:14:38.100000Z</time>
        <extensions>
          <gpxtpx:TrackPointExtension>
            <gpxtpx:hr>163</gpxtpx:hr>
          </gpxtpx:TrackPointExtension>
        </extensions>
      </trkpt>
      <trkpt lat="28.236907423688777" lon="112.89856935744297">
        <ele>68.61713870055974</ele>
        <time>2026-08-17T22:14:39.100000Z</time>
        <extensions>
          <gpxtpx:TrackPointExtension>
            <gpxtpx:hr>165</gpxtpx:hr>
          </gpxtpx:TrackPointExtension>
        </extensions>
      </trkpt>
      <trkpt lat="28.23692260410224" lon="112.89854841581479">
        <ele>68.6967239677906</ele>
        <time>2026-08-17T22:14:40.100000Z</time>
        <extensions>
          <gpxtpx:TrackPointExtension>
            <gpxtpx:hr>165</gpxtpx:hr>
          </gpxtpx:TrackPointExtension>
        </extensions>
      </trkpt>
      <trkpt lat="28.23693819305822" lon="112.89852801459364">
        <ele>68.77227178867906</ele>
        <time>2026-08-17T22:14:41.100000Z</time>
        <extensions>
          <gpxtpx:TrackPointExtension>
            <gpxtpx:hr>165</gpxtpx:hr>
          </gpxtpx:TrackPointExtension>
        </extensions>
      </trkpt>
      <trkpt lat="28.236954291998007" lon="112.89850802487037">
        <ele>68.84332611132413</ele>
        <time>2026-08-17T22:14:42.100000Z</time>
        <extensions>
          <gpxtpx:TrackPointExtension>
            <gpxtpx:hr>165</gpxtpx:hr>
          </gpxtpx:TrackPointExtension>
        </extensions>
      </trkpt>
      <trkpt lat="28.23697076987559" lon="112.89848825767872">
        <ele>68.91003071796149</ele>
        <time>2026-08-17T22:14:43.100000Z</time>
        <extensions>
          <gpxtpx:TrackPointExtension>
            <gpxtpx:hr>165</gpxtpx:hr>
          </gpxtpx:TrackPointExtension>
        </extensions>
      </trkpt>
      <trkpt lat="28.236987388215" lon="112.89846860114136">
        <ele>68.97345188073814</ele>
        <time>2026-08-17T22:14:44.100000Z</time>
        <extensions>
          <gpxtpx:TrackPointExtension>
            <gpxtpx:hr>165</gpxtpx:hr>
          </gpxtpx:TrackPointExtension>
        </extensions>
      </trkpt>
      <trkpt lat="28.237003836563744" lon="112.89844876835706">
        <ele>69.03525544889271</ele>
        <time>2026-08-17T22:14:45.100000Z</time>
        <extensions>
          <gpxtpx:TrackPointExtension>
            <gpxtpx:hr>165</gpxtpx:hr>
          </gpxtpx:TrackPointExtension>
        </extensions>
      </trkpt>
      <trkpt lat="28.237019816974446" lon="112.89842844859638">
        <ele>69.09723474364728</ele>
        <time>2026-08-17T22:14:46.100000Z</time>
        <extensions>
          <gpxtpx:TrackPointExtension>
            <gpxtpx:hr>166</gpxtpx:hr>
          </gpxtpx:TrackPointExtension>
        </extensions>
      </trkpt>
      <trkpt lat="28.237035185126548" lon="112.89840741085236">
        <ele>69.16084097418934</ele>
        <time>2026-08-17T22:14:47.100000Z</time>
        <extensions>
          <gpxtpx:TrackPointExtension>
            <gpxtpx:hr>166</gpxtpx:hr>
          </gpxtpx:TrackPointExtension>
        </extensions>
      </trkpt>
      <trkpt lat="28.237049955747835" lon="112.89838537483655">
        <ele>69.2268469389528</ele>
        <time>2026-08-17T22:14:48.100000Z</time>
        <extensions>
          <gpxtpx:TrackPointExtension>
            <gpxtpx:hr>166</gpxtpx:hr>
          </gpxtpx:TrackPointExtension>
        </extensions>
      </trkpt>
      <trkpt lat="28.237064169309832" lon="112.89836239251625">
        <ele>69.29540941305459</ele>
        <time>2026-08-17T22:14:49.100000Z</time>
        <extensions>
          <gpxtpx:TrackPointExtension>
            <gpxtpx:hr>166</gpxtpx:hr>
          </gpxtpx:TrackPointExtension>
        </extensions>
      </trkpt>
      <trkpt lat="28.237077995162196" lon="112.89833918214678">
        <ele>69.36644749622792</ele>
        <time>2026-08-17T22:14:50.100000Z</time>
        <extensions>
          <gpxtpx:TrackPointExtension>
            <gpxtpx:hr>166</gpxtpx:hr>
          </gpxtpx:TrackPointExtension>
        </extensions>
      </trkpt>
      <trkpt lat="28.237091761589237" lon="112.8983163784845">
        <ele>69.43986622896045</ele>
        <time>2026-08-17T22:14:51.100000Z</time>
        <extensions>
          <gpxtpx:TrackPointExtension>
            <gpxtpx:hr>166</gpxtpx:hr>
          </gpxtpx:TrackPointExtension>
        </extensions>
      </trkpt>
      <trkpt lat="28.237105669926557" lon="112.89829384062995">
        <ele>69.51560054346919</ele>
        <time>2026-08-17T22:14:52.100000Z</time>
        <extensions>
          <gpxtpx:TrackPointExtension>
            <gpxtpx:hr>167</gpxtpx:hr>
          </gpxtpx:TrackPointExtension>
        </extensions>
      </trkpt>
      <trkpt lat="28.237119743299868" lon="112.8982710660972">
        <ele>69.5934512251988</ele>
        <time>2026-08-17T22:14:53.100000Z</time>
        <extensions>
          <gpxtpx:TrackPointExtension>
            <gpxtpx:hr>167</gpxtpx:hr>
          </gpxtpx:TrackPointExtension>
        </extensions>
      </trkpt>
      <trkpt lat="28.237133981706418" lon="112.89824790537327">
        <ele>69.67294558230788</ele>
        <time>2026-08-17T22:14:54.100000Z</time>
        <extensions>
          <gpxtpx:TrackPointExtension>
            <gpxtpx:hr>167</gpxtpx:hr>
          </gpxtpx:TrackPointExtension>
        </extensions>
      </trkpt>
      <trkpt lat="28.237148420185896" lon="112.89822462793346">
        <ele>69.75352919101715</ele>
        <time>2026-08-17T22:14:55.100000Z</time>
        <extensions>
          <gpxtpx:TrackPointExtension>
            <gpxtpx:hr>167</gpxtpx:hr>
          </gpxtpx:TrackPointExtension>
        </extensions>
      </trkpt>
      <trkpt lat="28.237163104582912" lon="112.89820145598783">
        <ele>69.83466244023293</ele>
        <time>2026-08-17T22:14:56.100000Z</time>
        <extensions>
          <gpxtpx:TrackPointExtension>
            <gpxtpx:hr>167</gpxtpx:hr>
          </gpxtpx:TrackPointExtension>
        </extensions>
      </trkpt>
      <trkpt lat="28.237178097210872" lon="112.89817840433652">
        <ele>69.9158538216725</ele>
        <time>2026-08-17T22:14:57.100000Z</time>
        <extensions>
          <gpxtpx:TrackPointExtension>
            <gpxtpx:hr>167</gpxtpx:hr>
          </gpxtpx:TrackPointExtension>
        </extensions>
      </trkpt>
      <trkpt lat="28.237193183082844" lon="112.89815554443683">
        <ele>69.99660191126168</ele>
        <time>2026-08-17T22:14:58.100000Z</time>
        <extensions>
          <gpxtpx:TrackPointExtension>
            <gpxtpx:hr>167</gpxtpx:hr>
          </gpxtpx:TrackPointExtension>
        </extensions>
      </trkpt>
      <trkpt lat="28.237208047962568" lon="112.89813295920126">
        <ele>70.07643929403275</ele>
        <time>2026-08-17T22:14:59.100000Z</time>
        <extensions>
          <gpxtpx:TrackPointExtension>
            <gpxtpx:hr>167</gpxtpx:hr>
          </gpxtpx:TrackPointExtension>
        </extensions>
      </trkpt>
      <trkpt lat="28.237222666354203" lon="112.89811035499078">
        <ele>70.15511774178594</ele>
        <time>2026-08-17T22:15:00.100000Z</time>
        <extensions>
          <gpxtpx:TrackPointExtension>
            <gpxtpx:hr>167</gpxtpx:hr>
          </gpxtpx:TrackPointExtension>
        </extensions>
      </trkpt>
      <trkpt lat="28.237237065382104" lon="112.89808745931312">
        <ele>70.23264095559716</ele>
        <time>2026-08-17T22:15:01.100000Z</time>
        <extensions>
          <gpxtpx:TrackPointExtension>
            <gpxtpx:hr>167</gpxtpx:hr>
          </gpxtpx:TrackPointExtension>
        </extensions>
      </trkpt>
      <trkpt lat="28.237251211022965" lon="112.89806435473056">
        <ele>70.30906920041889</ele>
        <time>2026-08-17T22:15:02.100000Z</time>
        <extensions>
          <gpxtpx:TrackPointExtension>
            <gpxtpx:hr>167</gpxtpx:hr>
          </gpxtpx:TrackPointExtension>
        </extensions>
      </trkpt>
      <trkpt lat="28.237265028186528" lon="112.89804110268145">
        <ele>70.38431000895798</ele>
        <time>2026-08-17T22:15:03.100000Z</time>
        <extensions>
          <gpxtpx:TrackPointExtension>
            <gpxtpx:hr>167</gpxtpx:hr>
          </gpxtpx:TrackPointExtension>
        </extensions>
      </trkpt>
      <trkpt lat="28.237278470019778" lon="112.89801760049207">
        <ele>70.45816828589886</ele>
        <time>2026-08-17T22:15:04.100000Z</time>
        <extensions>
          <gpxtpx:TrackPointExtension>
            <gpxtpx:hr>167</gpxtpx:hr>
          </gpxtpx:TrackPointExtension>
        </extensions>
      </trkpt>
      <trkpt lat="28.23729159382524" lon="112.89799382416051">
        <ele>70.530543288216</ele>
        <time>2026-08-17T22:15:05.100000Z</time>
        <extensions>
          <gpxtpx:TrackPointExtension>
            <gpxtpx:hr>167</gpxtpx:hr>
          </gpxtpx:TrackPointExtension>
        </extensions>
      </trkpt>
      <trkpt lat="28.23730452219822" lon="112.89797001127712">
        <ele>70.60145978908986</ele>
        <time>2026-08-17T22:15:06.100000Z</time>
        <extensions>
          <gpxtpx:TrackPointExtension>
            <gpxtpx:hr>167</gpxtpx:hr>
          </gpxtpx:TrackPointExtension>
        </extensions>
      </trkpt>
      <trkpt lat="28.237317418157705" lon="112.89794668199359">
        <ele>70.67111674230546</ele>
        <time>2026-08-17T22:15:07.100000Z</time>
        <extensions>
          <gpxtpx:TrackPointExtension>
            <gpxtpx:hr>167</gpxtpx:hr>
          </gpxtpx:TrackPointExtension>
        </extensions>
      </trkpt>
      <trkpt lat="28.237330414368092" lon="112.89792385821697">
        <ele>70.73979311902076</ele>
        <time>2026-08-17T22:15:08.100000Z</time>
        <extensions>
          <gpxtpx:TrackPointExtension>
            <gpxtpx:hr>167</gpxtpx:hr>
          </gpxtpx:TrackPointExtension>
        </extensions>
      </trkpt>
      <trkpt lat="28.237343708670732" lon="112.89790099191771">
        <ele>70.80739915557206</ele>
        <time>2026-08-17T22:15:09.100000Z</time>
        <extensions>
          <gpxtpx:TrackPointExtension>
            <gpxtpx:hr>167</gpxtpx:hr>
          </gpxtpx:TrackPointExtension>
        </extensions>
      </trkpt>
      <trkpt lat="28.237357520355665" lon="112.8978778945805">
        <ele>70.87322551943362</ele>
        <time>2026-08-17T22:15:10.100000Z</time>
        <extensions>
          <gpxtpx:TrackPointExtension>
            <gpxtpx:hr>167</gpxtpx:hr>
          </gpxtpx:TrackPointExtension>
        </extensions>
      </trkpt>
      <trkpt lat="28.23737191715726" lon="112.89785504149074">
        <ele>70.93626092839986</ele>
        <time>2026-08-17T22:15:11.100000Z</time>
        <extensions>
          <gpxtpx:TrackPointExtension>
            <gpxtpx:hr>167</gpxtpx:hr>
          </gpxtpx:TrackPointExtension>
        </extensions>
      </trkpt>
      <trkpt lat="28.23738673900434" lon="112.89783290192511">
        <ele>70.99575970787555</ele>
        <time>2026-08-17T22:15:12.100000Z</time>
        <extensions>
          <gpxtpx:TrackPointExtension>
            <gpxtpx:hr>167</gpxtpx:hr>
          </gpxtpx:TrackPointExtension>
        </extensions>
      </trkpt>
      <trkpt lat="28.237401778482848" lon="112.89781140356527">
        <ele>71.05090406630188</ele>
        <time>2026-08-17T22:15:13.100000Z</time>
        <extensions>
          <gpxtpx:TrackPointExtension>
            <gpxtpx:hr>167</gpxtpx:hr>
          </gpxtpx:TrackPointExtension>
        </extensions>
      </trkpt>
      <trkpt lat="28.23741697929449" lon="112.8977907938156">
        <ele>71.10123687051237</ele>
        <time>2026-08-17T22:15:14.100000Z</time>
        <extensions>
          <gpxtpx:TrackPointExtension>
            <gpxtpx:hr>167</gpxtpx:hr>
          </gpxtpx:TrackPointExtension>
        </extensions>
      </trkpt>
      <trkpt lat="28.237432111101242" lon="112.8977717531597">
        <ele>71.14684978779405</ele>
        <time>2026-08-17T22:15:15.100000Z</time>
        <extensions>
          <gpxtpx:TrackPointExtension>
            <gpxtpx:hr>167</gpxtpx:hr>
          </gpxtpx:TrackPointExtension>
        </extensions>
      </trkpt>
      <trkpt lat="28.237446748195634" lon="112.89775486931019">
        <ele>71.1884016180411</ele>
        <time>2026-08-17T22:15:16.100000Z</time>
        <extensions>
          <gpxtpx:TrackPointExtension>
            <gpxtpx:hr>167</gpxtpx:hr>
          </gpxtpx:TrackPointExtension>
        </extensions>
      </trkpt>
      <trkpt lat="28.237460750070806" lon="112.89774035532568">
        <ele>71.22671348880976</ele>
        <time>2026-08-17T22:15:17.100000Z</time>
        <extensions>
          <gpxtpx:TrackPointExtension>
            <gpxtpx:hr>167</gpxtpx:hr>
          </gpxtpx:TrackPointExtension>
        </extensions>
      </trkpt>
      <trkpt lat="28.23747410805298" lon="112.89772813092726">
        <ele>71.26256092637777</ele>
        <time>2026-08-17T22:15:18.100000Z</time>
        <extensions>
          <gpxtpx:TrackPointExtension>
            <gpxtpx:hr>169</gpxtpx:hr>
          </gpxtpx:TrackPointExtension>
        </extensions>
      </trkpt>
      <trkpt lat="28.237486713254306" lon="112.8977180367791">
        <ele>71.29674501158297</ele>
        <time>2026-08-17T22:15:19.100000Z</time>
        <extensions>
          <gpxtpx:TrackPointExtension>
            <gpxtpx:hr>169</gpxtpx:hr>
          </gpxtpx:TrackPointExtension>
        </extensions>
      </trkpt>
      <trkpt lat="28.2374986478772" lon="112.89770975586981">
        <ele>71.33001307491213</ele>
        <time>2026-08-17T22:15:20.100000Z</time>
        <extensions>
          <gpxtpx:TrackPointExtension>
            <gpxtpx:hr>169</gpxtpx:hr>
          </gpxtpx:TrackPointExtension>
        </extensions>
      </trkpt>
      <trkpt lat="28.237510000449973" lon="112.89770309234882">
        <ele>71.36299874726683</ele>
        <time>2026-08-17T22:15:21.100000Z</time>
        <extensions>
          <gpxtpx:TrackPointExtension>
            <gpxtpx:hr>169</gpxtpx:hr>
          </gpxtpx:TrackPointExtension>
        </extensions>
      </trkpt>
      <trkpt lat="28.237520789843092" lon="112.89769803319787">
        <ele>71.39639223646373</ele>
        <time>2026-08-17T22:15:22.100000Z</time>
        <extensions>
          <gpxtpx:TrackPointExtension>
            <gpxtpx:hr>169</gpxtpx:hr>
          </gpxtpx:TrackPointExtension>
        </extensions>
      </trkpt>
      <trkpt lat="28.237531374686753" lon="112.89769448823799">
        <ele>71.43103033397347</ele>
        <time>2026-08-17T22:15:23.100000Z</time>
        <extensions>
          <gpxtpx:TrackPointExtension>
            <gpxtpx:hr>169</gpxtpx:hr>
          </gpxtpx:TrackPointExtension>
        </extensions>
      </trkpt>
      <trkpt lat="28.237541990336624" lon="112.89769211725361">
        <ele>71.46766040660441</ele>
        <time>2026-08-17T22:15:24.100000Z</time>
        <extensions>
          <gpxtpx:TrackPointExtension>
            <gpxtpx:hr>171</gpxtpx:hr>
          </gpxtpx:TrackPointExtension>
        </extensions>
      </trkpt>
      <trkpt lat="28.23755240229658" lon="112.89769053788947">
        <ele>71.50678010843694</ele>
        <time>2026-08-17T22:15:25.100000Z</time>
        <extensions>
          <gpxtpx:TrackPointExtension>
            <gpxtpx:hr>171</gpxtpx:hr>
          </gpxtpx:TrackPointExtension>
        </extensions>
      </trkpt>
      <trkpt lat="28.23756209042491" lon="112.8976894771029">
        <ele>71.54871697444469</ele>
        <time>2026-08-17T22:15:26.100000Z</time>
        <extensions>
          <gpxtpx:TrackPointExtension>
            <gpxtpx:hr>171</gpxtpx:hr>
          </gpxtpx:TrackPointExtension>
        </extensions>
      </trkpt>
      <trkpt lat="28.237570723305936" lon="112.89768833366092">
        <ele>71.59361855778843</ele>
        <time>2026-08-17T22:15:27.100000Z</time>
        <extensions>
          <gpxtpx:TrackPointExtension>
            <gpxtpx:hr>171</gpxtpx:hr>
          </gpxtpx:TrackPointExtension>
        </extensions>
      </trkpt>
      <trkpt lat="28.23757841944155" lon="112.8976861341078">
        <ele>71.64153099432588</ele>
        <time>2026-08-17T22:15:28.100000Z</time>
        <extensions>
          <gpxtpx:TrackPointExtension>
            <gpxtpx:hr>171</gpxtpx:hr>
          </gpxtpx:TrackPointExtension>
        </extensions>
      </trkpt>
      <trkpt lat="28.23758515767655" lon="112.89768194882132">
        <ele>71.69257886055857</ele>
        <time>2026-08-17T22:15:29.100000Z</time>
        <extensions>
          <gpxtpx:TrackPointExtension>
            <gpxtpx:hr>171</gpxtpx:hr>
          </gpxtpx:TrackPointExtension>
        </extensions>
      </trkpt>
      <trkpt lat="28.23759074679277" lon="112.89767452385759">
        <ele>71.74676785990596</ele>
        <time>2026-08-17T22:15:30.100000Z</time>
        <extensions>
          <gpxtpx:TrackPointExtension>
            <gpxtpx:hr>171</gpxtpx:hr>
          </gpxtpx:TrackPointExtension>
        </extensions>
      </trkpt>
      <trkpt lat="28.23759559415265" lon="112.89766377193881">
        <ele>71.8037692727521</ele>
        <time>2026-08-17T22:15:31.100000Z</time>
        <extensions>
          <gpxtpx:TrackPointExtension>
            <gpxtpx:hr>171</gpxtpx:hr>
          </gpxtpx:TrackPointExtension>
        </extensions>
      </trkpt>
      <trkpt lat="28.237601067513918" lon="112.89765156661764">
        <ele>71.86311559099704</ele>
        <time>2026-08-17T22:15:32.100000Z</time>
        <extensions>
          <gpxtpx:TrackPointExtension>
            <gpxtpx:hr>168</gpxtpx:hr>
          </gpxtpx:TrackPointExtension>
        </extensions>
      </trkpt>
      <trkpt lat="28.237607758661387" lon="112.8976397222756">
        <ele>71.92424321640283</ele>
        <time>2026-08-17T22:15:33Z</time>
        <extensions>
          <gpxtpx:TrackPointExtension>
            <gpxtpx:hr>168</gpxtpx:hr>
          </gpxtpx:TrackPointExtension>
        </extensions>
      </trkpt>
      <trkpt lat="28.237615158788262" lon="112.8976290747771">
        <ele>71.98654554784298</ele>
        <time>2026-08-17T22:15:34Z</time>
        <extensions>
          <gpxtpx:TrackPointExtension>
            <gpxtpx:hr>168</gpxtpx:hr>
          </gpxtpx:TrackPointExtension>
        </extensions>
      </trkpt>
      <trkpt lat="28.23762289396678" lon="112.89761965563726">
        <ele>72.04960119258612</ele>
        <time>2026-08-17T22:15:35Z</time>
        <extensions>
          <gpxtpx:TrackPointExtension>
            <gpxtpx:hr>168</gpxtpx:hr>
          </gpxtpx:TrackPointExtension>
        </extensions>
      </trkpt>
      <trkpt lat="28.237630844197945" lon="112.89761117098824">
        <ele>72.11316406540573</ele>
        <time>2026-08-17T22:15:36Z</time>
        <extensions>
          <gpxtpx:TrackPointExtension>
            <gpxtpx:hr>168</gpxtpx:hr>
          </gpxtpx:TrackPointExtension>
        </extensions>
      </trkpt>
      <trkpt lat="28.237639012005353" lon="112.89760351628624">
        <ele>72.1769480779767</ele>
        <time>2026-08-17T22:15:37Z</time>
        <extensions>
          <gpxtpx:TrackPointExtension>
            <gpxtpx:hr>167</gpxtpx:hr>
          </gpxtpx:TrackPointExtension>
        </extensions>
      </trkpt>
      <trkpt lat="28.237647404195634" lon="112.89759678392022">
        <ele>72.24058349989355</ele>
        <time>2026-08-17T22:15:38Z</time>
        <extensions>
          <gpxtpx:TrackPointExtension>
            <gpxtpx:hr>167</gpxtpx:hr>
          </gpxtpx:TrackPointExtension>
        </extensions>
      </trkpt>
      <trkpt lat="28.237656252141825" lon="112.89759117087884">
        <ele>72.30372166913003</ele>
        <time>2026-08-17T22:15:39Z</time>
        <extensions>
          <gpxtpx:TrackPointExtension>
            <gpxtpx:hr>167</gpxtpx:hr>
          </gpxtpx:TrackPointExtension>
        </extensions>
      </trkpt>
      <trkpt lat="28.237665781701015" lon="112.89758734475252">
        <ele>72.36606406513602</ele>
        <time>2026-08-17T22:15:40Z</time>
        <extensions>
          <gpxtpx:TrackPointExtension>
            <gpxtpx:hr>167</gpxtpx:hr>
          </gpxtpx:TrackPointExtension>
        </extensions>
      </trkpt>
      <trkpt lat="28.237675660935434" lon="112.89758454515706">
        <ele>72.4273529658094</ele>
        <time>2026-08-17T22:15:41Z</time>
        <extensions>
          <gpxtpx:TrackPointExtension>
            <gpxtpx:hr>167</gpxtpx:hr>
          </gpxtpx:TrackPointExtension>
        </extensions>
      </trkpt>
      <trkpt lat="28.23768530293524" lon="112.8975813199618">
        <ele>72.4872633330524</ele>
        <time>2026-08-17T22:15:42Z</time>
        <extensions>
          <gpxtpx:TrackPointExtension>
            <gpxtpx:hr>160</gpxtpx:hr>
          </gpxtpx:TrackPointExtension>
        </extensions>
      </trkpt>
      <trkpt lat="28.237694186973695" lon="112.89757730658027">
        <ele>72.54536239709705</ele>
        <time>2026-08-17T22:15:43Z</time>
        <extensions>
          <gpxtpx:TrackPointExtension>
            <gpxtpx:hr>160</gpxtpx:hr>
          </gpxtpx:TrackPointExtension>
        </extensions>
      </trkpt>
      <trkpt lat="28.237702610544343" lon="112.89757259408424">
        <ele>72.60100979078561</ele>
        <time>2026-08-17T22:15:44Z</time>
        <extensions>
          <gpxtpx:TrackPointExtension>
            <gpxtpx:hr>160</gpxtpx:hr>
          </gpxtpx:TrackPointExtension>
        </extensions>
      </trkpt>
      <trkpt lat="28.23771154412136" lon="112.89756759228338">
        <ele>72.65310685429722</ele>
        <time>2026-08-17T22:15:45Z</time>
        <extensions>
          <gpxtpx:TrackPointExtension>
            <gpxtpx:hr>160</gpxtpx:hr>
          </gpxtpx:TrackPointExtension>
        </extensions>
      </trkpt>
      <trkpt lat="28.2377213202221" lon="112.89756248937682">
        <ele>72.70005882531404</ele>
        <time>2026-08-17T22:15:46Z</time>
        <extensions>
          <gpxtpx:TrackPointExtension>
            <gpxtpx:hr>160</gpxtpx:hr>
          </gpxtpx:TrackPointExtension>
        </extensions>
      </trkpt>
      <trkpt lat="28.2377315777997" lon="112.89755739419729">
        <ele>72.73991627432406</ele>
        <time>2026-08-17T22:15:47Z</time>
        <extensions>
          <gpxtpx:TrackPointExtension>
            <gpxtpx:hr>160</gpxtpx:hr>
          </gpxtpx:TrackPointExtension>
        </extensions>
      </trkpt>
      <trkpt lat="28.237742231885278" lon="112.89755195138265">
        <ele>72.77048480696976</ele>
        <time>2026-08-17T22:15:48Z</time>
        <extensions>
          <gpxtpx:TrackPointExtension>
            <gpxtpx:hr>158</gpxtpx:hr>
          </gpxtpx:TrackPointExtension>
        </extensions>
      </trkpt>
      <trkpt lat="28.237753137251342" lon="112.8975457267512">
        <ele>72.78947153128684</ele>
        <time>2026-08-17T22:15:49Z</time>
        <extensions>
          <gpxtpx:TrackPointExtension>
            <gpxtpx:hr>158</gpxtpx:hr>
          </gpxtpx:TrackPointExtension>
        </extensions>
      </trkpt>
      <trkpt lat="28.237763441683622" lon="112.89753891197195">
        <ele>72.79466232098639</ele>
        <time>2026-08-17T22:15:50Z</time>
        <extensions>
          <gpxtpx:TrackPointExtension>
            <gpxtpx:hr>158</gpxtpx:hr>
          </gpxtpx:TrackPointExtension>
        </extensions>
      </trkpt>
      <trkpt lat="28.23777310819981" lon="112.89753145567695">
        <ele>72.78399639297277</ele>
        <time>2026-08-17T22:15:51Z</time>
        <extensions>
          <gpxtpx:TrackPointExtension>
            <gpxtpx:hr>158</gpxtpx:hr>
          </gpxtpx:TrackPointExtension>
        </extensions>
      </trkpt>
      <trkpt lat="28.23778256385803" lon="112.89752314555619">
        <ele>72.75567995291203</ele>
        <time>2026-08-17T22:15:52Z</time>
        <extensions>
          <gpxtpx:TrackPointExtension>
            <gpxtpx:hr>158</gpxtpx:hr>
          </gpxtpx:TrackPointExtension>
        </extensions>
      </trkpt>
      <trkpt lat="28.2377918405513" lon="112.89751416358658">
        <ele>72.7084176056087</ele>
        <time>2026-08-17T22:15:53Z</time>
        <extensions>
          <gpxtpx:TrackPointExtension>
            <gpxtpx:hr>157</gpxtpx:hr>
          </gpxtpx:TrackPointExtension>
        </extensions>
      </trkpt>
      <trkpt lat="28.237801234645232" lon="112.89750479661826">
        <ele>72.64160767570138</ele>
        <time>2026-08-17T22:15:54Z</time>
        <extensions>
          <gpxtpx:TrackPointExtension>
            <gpxtpx:hr>157</gpxtpx:hr>
          </gpxtpx:TrackPointExtension>
        </extensions>
      </trkpt>
      <trkpt lat="28.23781096538766" lon="112.89749532368276">
        <ele>72.55521586164832</ele>
        <time>2026-08-17T22:15:55Z</time>
        <extensions>
          <gpxtpx:TrackPointExtension>
            <gpxtpx:hr>157</gpxtpx:hr>
          </gpxtpx:TrackPointExtension>
        </extensions>
      </trkpt>
      <trkpt lat="28.23782104179005" lon="112.89748586537218">
        <ele>72.44960030633956</ele>
        <time>2026-08-17T22:15:56Z</time>
        <extensions>
          <gpxtpx:TrackPointExtension>
            <gpxtpx:hr>157</gpxtpx:hr>
          </gpxtpx:TrackPointExtension>
        </extensions>
      </trkpt>
      <trkpt lat="28.237831514976744" lon="112.89747634214292">
        <ele>72.32587394025177</ele>
        <time>2026-08-17T22:15:57Z</time>
        <extensions>
          <gpxtpx:TrackPointExtension>
            <gpxtpx:hr>157</gpxtpx:hr>
          </gpxtpx:TrackPointExtension>
        </extensions>
      </trkpt>
      <trkpt lat="28.237842429630817" lon="112.89746644424369">
        <ele>72.18656974565238</ele>
        <time>2026-08-17T22:15:58Z</time>
        <extensions>
          <gpxtpx:TrackPointExtension>
            <gpxtpx:hr>158</gpxtpx:hr>
          </gpxtpx:TrackPointExtension>
        </extensions>
      </trkpt>
      <trkpt lat="28.23785356199623" lon="112.89745589200768">
        <ele>72.03607692569494</ele>
        <time>2026-08-17T22:15:59Z</time>
        <extensions>
          <gpxtpx:TrackPointExtension>
            <gpxtpx:hr>158</gpxtpx:hr>
          </gpxtpx:TrackPointExtension>
        </extensions>
      </trkpt>
      <trkpt lat="28.23786430122178" lon="112.89744470301814">
        <ele>71.88097005151212</ele>
        <time>2026-08-17T22:16:00Z</time>
        <extensions>
          <gpxtpx:TrackPointExtension>
            <gpxtpx:hr>158</gpxtpx:hr>
          </gpxtpx:TrackPointExtension>
        </extensions>
      </trkpt>
      <trkpt lat="28.237873817891575" lon="112.89743264375271">
        <ele>71.73036225885153</ele>
        <time>2026-08-17T22:16:01Z</time>
        <extensions>
          <gpxtpx:TrackPointExtension>
            <gpxtpx:hr>158</gpxtpx:hr>
          </gpxtpx:TrackPointExtension>
        </extensions>
      </trkpt>
      <trkpt lat="28.237878430259244" lon="112.89742572313185">
        <ele>71.65273150801659</ele>
        <time>2026-08-17T22:16:01.500000Z</time>
        <extensions>
          <gpxtpx:TrackPointExtension>
            <gpxtpx:hr>158</gpxtpx:hr>
          </gpxtpx:TrackPointExtension>
        </extensions>
      </trkpt>
      <trkpt lat="28.237886653076924" lon="112.89741268243448">
        <ele>71.52566212322563</ele>
        <time>2026-08-17T22:16:02.500000Z</time>
        <extensions>
          <gpxtpx:TrackPointExtension>
            <gpxtpx:hr>158</gpxtpx:hr>
          </gpxtpx:TrackPointExtension>
        </extensions>
      </trkpt>
      <trkpt lat="28.23789467205177" lon="112.89739932684573">
        <ele>71.42608306184411</ele>
        <time>2026-08-17T22:16:03.500000Z</time>
        <extensions>
          <gpxtpx:TrackPointExtension>
            <gpxtpx:hr>158</gpxtpx:hr>
          </gpxtpx:TrackPointExtension>
        </extensions>
      </trkpt>
      <trkpt lat="28.237902169926056" lon="112.89738617157334">
        <ele>71.35611988604069</ele>
        <time>2026-08-17T22:16:04.500000Z</time>
        <extensions>
          <gpxtpx:TrackPointExtension>
            <gpxtpx:hr>158</gpxtpx:hr>
          </gpxtpx:TrackPointExtension>
        </extensions>
      </trkpt>
      <trkpt lat="28.237908703335926" lon="112.8973739907083">
        <ele>71.31458662543446</ele>
        <time>2026-08-17T22:16:05.500000Z</time>
        <extensions>
          <gpxtpx:TrackPointExtension>
            <gpxtpx:hr>158</gpxtpx:hr>
          </gpxtpx:TrackPointExtension>
        </extensions>
      </trkpt>
      <trkpt lat="28.237914698853775" lon="112.89736236979105">
        <ele>71.29917002934963</ele>
        <time>2026-08-17T22:16:06.500000Z</time>
        <extensions>
          <gpxtpx:TrackPointExtension>
            <gpxtpx:hr>157</gpxtpx:hr>
          </gpxtpx:TrackPointExtension>
        </extensions>
      </trkpt>
      <trkpt lat="28.237921166238916" lon="112.89735059066909">
        <ele>71.30795465037227</ele>
        <time>2026-08-17T22:16:07.500000Z</time>
        <extensions>
          <gpxtpx:TrackPointExtension>
            <gpxtpx:hr>157</gpxtpx:hr>
          </gpxtpx:TrackPointExtension>
        </extensions>
      </trkpt>
      <trkpt lat="28.237928237918037" lon="112.89733902982168">
        <ele>71.34044168982655</ele>
        <time>2026-08-17T22:16:08.500000Z</time>
        <extensions>
          <gpxtpx:TrackPointExtension>
            <gpxtpx:hr>157</gpxtpx:hr>
          </gpxtpx:TrackPointExtension>
        </extensions>
      </trkpt>
      <trkpt lat="28.237935598982983" lon="112.89732812985659">
        <ele>71.39807434659451</ele>
        <time>2026-08-17T22:16:09.500000Z</time>
        <extensions>
          <gpxtpx:TrackPointExtension>
            <gpxtpx:hr>157</gpxtpx:hr>
          </gpxtpx:TrackPointExtension>
        </extensions>
      </trkpt>
      <trkpt lat="28.237943268284866" lon="112.89731828478007">
        <ele>71.48426621686667</ele>
        <time>2026-08-17T22:16:10.500000Z</time>
        <extensions>
          <gpxtpx:TrackPointExtension>
            <gpxtpx:hr>157</gpxtpx:hr>
          </gpxtpx:TrackPointExtension>
        </extensions>
      </trkpt>
      <trkpt lat="28.23795111739019" lon="112.89730952291309">
        <ele>71.60387156531215</ele>
        <time>2026-08-17T22:16:11.500000Z</time>
        <extensions>
          <gpxtpx:TrackPointExtension>
            <gpxtpx:hr>157</gpxtpx:hr>
          </gpxtpx:TrackPointExtension>
        </extensions>
      </trkpt>
      <trkpt lat="28.2379588260605" lon="112.89730159568168">
        <ele>71.76211706083268</ele>
        <time>2026-08-17T22:16:12.500000Z</time>
        <extensions>
          <gpxtpx:TrackPointExtension>
            <gpxtpx:hr>157</gpxtpx:hr>
          </gpxtpx:TrackPointExtension>
        </extensions>
      </trkpt>
      <trkpt lat="28.23796640210831" lon="112.89729439743388">
        <ele>71.96291057765484</ele>
        <time>2026-08-17T22:16:13.500000Z</time>
        <extensions>
          <gpxtpx:TrackPointExtension>
            <gpxtpx:hr>159</gpxtpx:hr>
          </gpxtpx:TrackPointExtension>
        </extensions>
      </trkpt>
      <trkpt lat="28.2379739860114" lon="112.897287972275">
        <ele>72.20631114952266</ele>
        <time>2026-08-17T22:16:14.500000Z</time>
        <extensions>
          <gpxtpx:TrackPointExtension>
            <gpxtpx:hr>159</gpxtpx:hr>
          </gpxtpx:TrackPointExtension>
        </extensions>
      </trkpt>
      <trkpt lat="28.237985201487906" lon="112.89728062859267">
        <ele>72.6139231659472</ele>
        <time>2026-08-17T22:16:16Z</time>
        <extensions>
          <gpxtpx:TrackPointExtension>
            <gpxtpx:hr>159</gpxtpx:hr>
          </gpxtpx:TrackPointExtension>
        </extensions>
      </trkpt>
      <trkpt lat="28.23799339100868" lon="112.89727670022995">
        <ele>72.92067134007812</ele>
        <time>2026-08-17T22:16:17Z</time>
        <extensions>
          <gpxtpx:TrackPointExtension>
            <gpxtpx:hr>159</gpxtpx:hr>
          </gpxtpx:TrackPointExtension>
        </extensions>
      </trkpt>
      <trkpt lat="28.23800172007521" lon="112.89727328177278">
        <ele>73.22309446334839</ele>
        <time>2026-08-17T22:16:18Z</time>
        <extensions>
          <gpxtpx:TrackPointExtension>
            <gpxtpx:hr>159</gpxtpx:hr>
          </gpxtpx:TrackPointExtension>
        </extensions>
      </trkpt>
      <trkpt lat="28.23801015384212" lon="112.89727005927621">
        <ele>73.51451496873051</ele>
        <time>2026-08-17T22:16:19Z</time>
        <extensions>
          <gpxtpx:TrackPointExtension>
            <gpxtpx:hr>159</gpxtpx:hr>
          </gpxtpx:TrackPointExtension>
        </extensions>
      </trkpt>
      <trkpt lat="28.238018585046774" lon="112.89726682488936">
        <ele>73.79091933649033</ele>
        <time>2026-08-17T22:16:20Z</time>
        <extensions>
          <gpxtpx:TrackPointExtension>
            <gpxtpx:hr>157</gpxtpx:hr>
          </gpxtpx:TrackPointExtension>
        </extensions>
      </trkpt>
      <trkpt lat="28.23802697189356" lon="112.89726338628388">
        <ele>74.04993371572345</ele>
        <time>2026-08-17T22:16:21Z</time>
        <extensions>
          <gpxtpx:TrackPointExtension>
            <gpxtpx:hr>157</gpxtpx:hr>
          </gpxtpx:TrackPointExtension>
        </extensions>
      </trkpt>
      <trkpt lat="28.238035387637858" lon="112.89725961637761">
        <ele>74.29032051190734</ele>
        <time>2026-08-17T22:16:22Z</time>
        <extensions>
          <gpxtpx:TrackPointExtension>
            <gpxtpx:hr>157</gpxtpx:hr>
          </gpxtpx:TrackPointExtension>
        </extensions>
      </trkpt>
      <trkpt lat="28.238043879436162" lon="112.89725549158695">
        <ele>74.5118052251637</ele>
        <time>2026-08-17T22:16:23Z</time>
        <extensions>
          <gpxtpx:TrackPointExtension>
            <gpxtpx:hr>157</gpxtpx:hr>
          </gpxtpx:TrackPointExtension>
        </extensions>
      </trkpt>
      <trkpt lat="28.238052519640664" lon="112.89725106772508">
        <ele>74.71485012210906</ele>
        <time>2026-08-17T22:16:24Z</time>
        <extensions>
          <gpxtpx:TrackPointExtension>
            <gpxtpx:hr>157</gpxtpx:hr>
          </gpxtpx:TrackPointExtension>
        </extensions>
      </trkpt>
      <trkpt lat="28.238061287906813" lon="112.89724645696658">
        <ele>74.90013178996742</ele>
        <time>2026-08-17T22:16:25Z</time>
        <extensions>
          <gpxtpx:TrackPointExtension>
            <gpxtpx:hr>157</gpxtpx:hr>
          </gpxtpx:TrackPointExtension>
        </extensions>
      </trkpt>
      <trkpt lat="28.23806982373537" lon="112.89724164615316">
        <ele>75.06869485136122</ele>
        <time>2026-08-17T22:16:26Z</time>
        <extensions>
          <gpxtpx:TrackPointExtension>
            <gpxtpx:hr>157</gpxtpx:hr>
          </gpxtpx:TrackPointExtension>
        </extensions>
      </trkpt>
      <trkpt lat="28.23807771772901" lon="112.8972364320575">
        <ele>75.22173563670367</ele>
        <time>2026-08-17T22:16:27Z</time>
        <extensions>
          <gpxtpx:TrackPointExtension>
            <gpxtpx:hr>152</gpxtpx:hr>
          </gpxtpx:TrackPointExtension>
        </extensions>
      </trkpt>
      <trkpt lat="28.23808500578902" lon="112.89723069170235">
        <ele>75.36041216924787</ele>
        <time>2026-08-17T22:16:27.900000Z</time>
        <extensions>
          <gpxtpx:TrackPointExtension>
            <gpxtpx:hr>152</gpxtpx:hr>
          </gpxtpx:TrackPointExtension>
        </extensions>
      </trkpt>
      <trkpt lat="28.238092156806747" lon="112.89722455777782">
        <ele>75.48559452220798</ele>
        <time>2026-08-17T22:16:28.900000Z</time>
        <extensions>
          <gpxtpx:TrackPointExtension>
            <gpxtpx:hr>152</gpxtpx:hr>
          </gpxtpx:TrackPointExtension>
        </extensions>
      </trkpt>
      <trkpt lat="28.238099485569524" lon="112.89721846232464">
        <ele>75.59809937793761</ele>
        <time>2026-08-17T22:16:29.900000Z</time>
        <extensions>
          <gpxtpx:TrackPointExtension>
            <gpxtpx:hr>152</gpxtpx:hr>
          </gpxtpx:TrackPointExtension>
        </extensions>
      </trkpt>
      <trkpt lat="28.23810724545027" lon="112.89721300655178">
        <ele>75.69900844246149</ele>
        <time>2026-08-17T22:16:30.900000Z</time>
        <extensions>
          <gpxtpx:TrackPointExtension>
            <gpxtpx:hr>152</gpxtpx:hr>
          </gpxtpx:TrackPointExtension>
        </extensions>
      </trkpt>
      <trkpt lat="28.238115838170835" lon="112.89720842374726">
        <ele>75.78948441240937</ele>
        <time>2026-08-17T22:16:31.900000Z</time>
        <extensions>
          <gpxtpx:TrackPointExtension>
            <gpxtpx:hr>152</gpxtpx:hr>
          </gpxtpx:TrackPointExtension>
        </extensions>
      </trkpt>
      <trkpt lat="28.23812546278789" lon="112.89720502993339">
        <ele>75.87043731380254</ele>
        <time>2026-08-17T22:16:32.900000Z</time>
        <extensions>
          <gpxtpx:TrackPointExtension>
            <gpxtpx:hr>152</gpxtpx:hr>
          </gpxtpx:TrackPointExtension>
        </extensions>
      </trkpt>
      <trkpt lat="28.238135838651957" lon="112.89720279948766">
        <ele>75.94260967429727</ele>
        <time>2026-08-17T22:16:33.900000Z</time>
        <extensions>
          <gpxtpx:TrackPointExtension>
            <gpxtpx:hr>150</gpxtpx:hr>
          </gpxtpx:TrackPointExtension>
        </extensions>
      </trkpt>
      <trkpt lat="28.23814651123456" lon="112.89720135745844">
        <ele>76.00647224579006</ele>
        <time>2026-08-17T22:16:34.900000Z</time>
        <extensions>
          <gpxtpx:TrackPointExtension>
            <gpxtpx:hr>150</gpxtpx:hr>
          </gpxtpx:TrackPointExtension>
        </extensions>
      </trkpt>
      <trkpt lat="28.238157154005567" lon="112.89720106743212">
        <ele>76.06244826689363</ele>
        <time>2026-08-17T22:16:35.900000Z</time>
        <extensions>
          <gpxtpx:TrackPointExtension>
            <gpxtpx:hr>150</gpxtpx:hr>
          </gpxtpx:TrackPointExtension>
        </extensions>
      </trkpt>
      <trkpt lat="28.23816762401742" lon="112.89720229576716">
        <ele>76.11095584370196</ele>
        <time>2026-08-17T22:16:36.900000Z</time>
        <extensions>
          <gpxtpx:TrackPointExtension>
            <gpxtpx:hr>150</gpxtpx:hr>
          </gpxtpx:TrackPointExtension>
        </extensions>
      </trkpt>
      <trkpt lat="28.238178108462463" lon="112.89720420658519">
        <ele>76.15225826669484</ele>
        <time>2026-08-17T22:16:37.900000Z</time>
        <extensions>
          <gpxtpx:TrackPointExtension>
            <gpxtpx:hr>149</gpxtpx:hr>
          </gpxtpx:TrackPointExtension>
        </extensions>
      </trkpt>
      <trkpt lat="28.23818854458714" lon="112.89720541132269">
        <ele>76.18656115885824</ele>
        <time>2026-08-17T22:16:38.900000Z</time>
        <extensions>
          <gpxtpx:TrackPointExtension>
            <gpxtpx:hr>149</gpxtpx:hr>
          </gpxtpx:TrackPointExtension>
        </extensions>
      </trkpt>
      <trkpt lat="28.238198754115867" lon="112.89720553345487">
        <ele>76.21403769217432</ele>
        <time>2026-08-17T22:16:39.900000Z</time>
        <extensions>
          <gpxtpx:TrackPointExtension>
            <gpxtpx:hr>149</gpxtpx:hr>
          </gpxtpx:TrackPointExtension>
        </extensions>
      </trkpt>
      <trkpt lat="28.238208877318797" lon="112.89720536850551">
        <ele>76.23486498184502</ele>
        <time>2026-08-17T22:16:40.900000Z</time>
        <extensions>
          <gpxtpx:TrackPointExtension>
            <gpxtpx:hr>149</gpxtpx:hr>
          </gpxtpx:TrackPointExtension>
        </extensions>
      </trkpt>
      <trkpt lat="28.238218938492867" lon="112.89720545660913">
        <ele>76.24919955153018</ele>
        <time>2026-08-17T22:16:41.900000Z</time>
        <extensions>
          <gpxtpx:TrackPointExtension>
            <gpxtpx:hr>149</gpxtpx:hr>
          </gpxtpx:TrackPointExtension>
        </extensions>
      </trkpt>
      <trkpt lat="28.238228918562875" lon="112.8972061713478">
        <ele>76.25714238453656</ele>
        <time>2026-08-17T22:16:42.900000Z</time>
        <extensions>
          <gpxtpx:TrackPointExtension>
            <gpxtpx:hr>149</gpxtpx:hr>
          </gpxtpx:TrackPointExtension>
        </extensions>
      </trkpt>
      <trkpt lat="28.238238495276104" lon="112.89720843669217">
        <ele>76.25878313276917</ele>
        <time>2026-08-17T22:16:43.900000Z</time>
        <extensions>
          <gpxtpx:TrackPointExtension>
            <gpxtpx:hr>149</gpxtpx:hr>
          </gpxtpx:TrackPointExtension>
        </extensions>
      </trkpt>
      <trkpt lat="28.238246997555258" lon="112.8972123564173">
        <ele>76.25419862847775</ele>
        <time>2026-08-17T22:16:44.900000Z</time>
        <extensions>
          <gpxtpx:TrackPointExtension>
            <gpxtpx:hr>148</gpxtpx:hr>
          </gpxtpx:TrackPointExtension>
        </extensions>
      </trkpt>
      <trkpt lat="28.238254390901815" lon="112.8972168683307">
        <ele>76.24345996789634</ele>
        <time>2026-08-17T22:16:45.900000Z</time>
        <extensions>
          <gpxtpx:TrackPointExtension>
            <gpxtpx:hr>148</gpxtpx:hr>
          </gpxtpx:TrackPointExtension>
        </extensions>
      </trkpt>
      <trkpt lat="28.238261588315712" lon="112.8972210056531">
        <ele>76.22664890252054</ele>
        <time>2026-08-17T22:16:46.900000Z</time>
        <extensions>
          <gpxtpx:TrackPointExtension>
            <gpxtpx:hr>148</gpxtpx:hr>
          </gpxtpx:TrackPointExtension>
        </extensions>
      </trkpt>
      <trkpt lat="28.238269528684793" lon="112.89722427943327">
        <ele>76.20391794946045</ele>
        <time>2026-08-17T22:16:47.900000Z</time>
        <extensions>
          <gpxtpx:TrackPointExtension>
            <gpxtpx:hr>148</gpxtpx:hr>
          </gpxtpx:TrackPointExtension>
        </extensions>
      </trkpt>
      <trkpt lat="28.23827861673978" lon="112.89722661098244">
        <ele>76.17553381063044</ele>
        <time>2026-08-17T22:16:48.900000Z</time>
        <extensions>
          <gpxtpx:TrackPointExtension>
            <gpxtpx:hr>148</gpxtpx:hr>
          </gpxtpx:TrackPointExtension>
        </extensions>
      </trkpt>
      <trkpt lat="28.23828895700546" lon="112.89722816052003">
        <ele>76.14188499283046</ele>
        <time>2026-08-17T22:16:49.900000Z</time>
        <extensions>
          <gpxtpx:TrackPointExtension>
            <gpxtpx:hr>148</gpxtpx:hr>
          </gpxtpx:TrackPointExtension>
        </extensions>
      </trkpt>
      <trkpt lat="28.238299865483018" lon="112.89722961713065">
        <ele>76.10356403049082</ele>
        <time>2026-08-17T22:16:50.900000Z</time>
        <extensions>
          <gpxtpx:TrackPointExtension>
            <gpxtpx:hr>148</gpxtpx:hr>
          </gpxtpx:TrackPointExtension>
        </extensions>
      </trkpt>
      <trkpt lat="28.238310199541825" lon="112.89723223685192">
        <ele>76.06122982036322</ele>
        <time>2026-08-17T22:16:51.900000Z</time>
        <extensions>
          <gpxtpx:TrackPointExtension>
            <gpxtpx:hr>140</gpxtpx:hr>
          </gpxtpx:TrackPointExtension>
        </extensions>
      </trkpt>
      <trkpt lat="28.23831994251361" lon="112.89723699519514">
        <ele>76.01531098876148</ele>
        <time>2026-08-17T22:16:52.900000Z</time>
        <extensions>
          <gpxtpx:TrackPointExtension>
            <gpxtpx:hr>140</gpxtpx:hr>
          </gpxtpx:TrackPointExtension>
        </extensions>
      </trkpt>
      <trkpt lat="28.23832990567874" lon="112.89724365107902">
        <ele>75.9660067204386</ele>
        <time>2026-08-17T22:16:53.900000Z</time>
        <extensions>
          <gpxtpx:TrackPointExtension>
            <gpxtpx:hr>140</gpxtpx:hr>
          </gpxtpx:TrackPointExtension>
        </extensions>
      </trkpt>
      <trkpt lat="28.2383406715049" lon="112.89725184301301">
        <ele>75.91352721583098</ele>
        <time>2026-08-17T22:16:54.900000Z</time>
        <extensions>
          <gpxtpx:TrackPointExtension>
            <gpxtpx:hr>140</gpxtpx:hr>
          </gpxtpx:TrackPointExtension>
        </extensions>
      </trkpt>
      <trkpt lat="28.238352118539783" lon="112.8972614491366">
        <ele>75.85838419012725</ele>
        <time>2026-08-17T22:16:55.900000Z</time>
        <extensions>
          <gpxtpx:TrackPointExtension>
            <gpxtpx:hr>140</gpxtpx:hr>
          </gpxtpx:TrackPointExtension>
        </extensions>
      </trkpt>
      <trkpt lat="28.238364125825058" lon="112.8972722035447">
        <ele>75.80150147061795</ele>
        <time>2026-08-17T22:16:56.900000Z</time>
        <extensions>
          <gpxtpx:TrackPointExtension>
            <gpxtpx:hr>140</gpxtpx:hr>
          </gpxtpx:TrackPointExtension>
        </extensions>
      </trkpt>
      <trkpt lat="28.23837653168651" lon="112.89728348936076">
        <ele>75.7439572326839</ele>
        <time>2026-08-17T22:16:57.900000Z</time>
        <extensions>
          <gpxtpx:TrackPointExtension>
            <gpxtpx:hr>140</gpxtpx:hr>
          </gpxtpx:TrackPointExtension>
        </extensions>
      </trkpt>
      <trkpt lat="28.23838912471901" lon="112.89729481673311">
        <ele>75.6867878260091</ele>
        <time>2026-08-17T22:16:58.900000Z</time>
        <extensions>
          <gpxtpx:TrackPointExtension>
            <gpxtpx:hr>143</gpxtpx:hr>
          </gpxtpx:TrackPointExtension>
        </extensions>
      </trkpt>
      <trkpt lat="28.2384019998908" lon="112.8973062662722">
        <ele>75.63090940844268</ele>
        <time>2026-08-17T22:16:59.900000Z</time>
        <extensions>
          <gpxtpx:TrackPointExtension>
            <gpxtpx:hr>143</gpxtpx:hr>
          </gpxtpx:TrackPointExtension>
        </extensions>
      </trkpt>
      <trkpt lat="28.23841509436774" lon="112.89731794942556">
        <ele>75.5771535821259</ele>
        <time>2026-08-17T22:17:00.900000Z</time>
        <extensions>
          <gpxtpx:TrackPointExtension>
            <gpxtpx:hr>143</gpxtpx:hr>
          </gpxtpx:TrackPointExtension>
        </extensions>
      </trkpt>
      <trkpt lat="28.238428692012462" lon="112.8973301562464">
        <ele>75.52626341581345</ele>
        <time>2026-08-17T22:17:01.900000Z</time>
        <extensions>
          <gpxtpx:TrackPointExtension>
            <gpxtpx:hr>143</gpxtpx:hr>
          </gpxtpx:TrackPointExtension>
        </extensions>
      </trkpt>
      <trkpt lat="28.238443623751987" lon="112.89734361587266">
        <ele>75.47890503052622</ele>
        <time>2026-08-17T22:17:02.900000Z</time>
        <extensions>
          <gpxtpx:TrackPointExtension>
            <gpxtpx:hr>143</gpxtpx:hr>
          </gpxtpx:TrackPointExtension>
        </extensions>
      </trkpt>
      <trkpt lat="28.238460416892895" lon="112.89735873047124">
        <ele>75.43556902557611</ele>
        <time>2026-08-17T22:17:03.900000Z</time>
        <extensions>
          <gpxtpx:TrackPointExtension>
            <gpxtpx:hr>143</gpxtpx:hr>
          </gpxtpx:TrackPointExtension>
        </extensions>
      </trkpt>
      <trkpt lat="28.238478738212045" lon="112.89737530087476">
        <ele>75.39637816976756</ele>
        <time>2026-08-17T22:17:04.900000Z</time>
        <extensions>
          <gpxtpx:TrackPointExtension>
            <gpxtpx:hr>143</gpxtpx:hr>
          </gpxtpx:TrackPointExtension>
        </extensions>
      </trkpt>
      <trkpt lat="28.2384978751623" lon="112.89739290260943">
        <ele>75.36115896329284</ele>
        <time>2026-08-17T22:17:05.900000Z</time>
        <extensions>
          <gpxtpx:TrackPointExtension>
            <gpxtpx:hr>143</gpxtpx:hr>
          </gpxtpx:TrackPointExtension>
        </extensions>
      </trkpt>
      <trkpt lat="28.238517301848027" lon="112.89741129182316">
        <ele>75.32970228325576</ele>
        <time>2026-08-17T22:17:06.900000Z</time>
        <extensions>
          <gpxtpx:TrackPointExtension>
            <gpxtpx:hr>141</gpxtpx:hr>
          </gpxtpx:TrackPointExtension>
        </extensions>
      </trkpt>
      <trkpt lat="28.238536933804845" lon="112.89742960994944">
        <ele>75.30196387413889</ele>
        <time>2026-08-17T22:17:07.900000Z</time>
        <extensions>
          <gpxtpx:TrackPointExtension>
            <gpxtpx:hr>141</gpxtpx:hr>
          </gpxtpx:TrackPointExtension>
        </extensions>
      </trkpt>
      <trkpt lat="28.23855697302196" lon="112.8974471286472">
        <ele>75.27791921049356</ele>
        <time>2026-08-17T22:17:08.900000Z</time>
        <extensions>
          <gpxtpx:TrackPointExtension>
            <gpxtpx:hr>141</gpxtpx:hr>
          </gpxtpx:TrackPointExtension>
        </extensions>
      </trkpt>
      <trkpt lat="28.23857735126189" lon="112.89746392392593">
        <ele>75.25748641230166</ele>
        <time>2026-08-17T22:17:09.900000Z</time>
        <extensions>
          <gpxtpx:TrackPointExtension>
            <gpxtpx:hr>141</gpxtpx:hr>
          </gpxtpx:TrackPointExtension>
        </extensions>
      </trkpt>
      <trkpt lat="28.23859790822091" lon="112.89748030028093">
        <ele>75.24060835223645</ele>
        <time>2026-08-17T22:17:10.900000Z</time>
        <extensions>
          <gpxtpx:TrackPointExtension>
            <gpxtpx:hr>141</gpxtpx:hr>
          </gpxtpx:TrackPointExtension>
        </extensions>
      </trkpt>
      <trkpt lat="28.238618474717054" lon="112.8974964321115">
        <ele>75.2272018790245</ele>
        <time>2026-08-17T22:17:11.900000Z</time>
        <extensions>
          <gpxtpx:TrackPointExtension>
            <gpxtpx:hr>141</gpxtpx:hr>
          </gpxtpx:TrackPointExtension>
        </extensions>
      </trkpt>
      <trkpt lat="28.238639118181773" lon="112.89751220406443">
        <ele>75.21691643819213</ele>
        <time>2026-08-17T22:17:12.900000Z</time>
        <extensions>
          <gpxtpx:TrackPointExtension>
            <gpxtpx:hr>141</gpxtpx:hr>
          </gpxtpx:TrackPointExtension>
        </extensions>
      </trkpt>
      <trkpt lat="28.238660163415926" lon="112.89752774821628">
        <ele>75.20902630407363</ele>
        <time>2026-08-17T22:17:13.900000Z</time>
        <extensions>
          <gpxtpx:TrackPointExtension>
            <gpxtpx:hr>141</gpxtpx:hr>
          </gpxtpx:TrackPointExtension>
        </extensions>
      </trkpt>
      <trkpt lat="28.238681608992835" lon="112.89754315348134">
        <ele>75.20282006077468</ele>
        <time>2026-08-17T22:17:14.900000Z</time>
        <extensions>
          <gpxtpx:TrackPointExtension>
            <gpxtpx:hr>141</gpxtpx:hr>
          </gpxtpx:TrackPointExtension>
        </extensions>
      </trkpt>
      <trkpt lat="28.238703096528408" lon="112.89755825137539">
        <ele>75.19802065379918</ele>
        <time>2026-08-17T22:17:15.900000Z</time>
        <extensions>
          <gpxtpx:TrackPointExtension>
            <gpxtpx:hr>141</gpxtpx:hr>
          </gpxtpx:TrackPointExtension>
        </extensions>
      </trkpt>
      <trkpt lat="28.23872416240284" lon="112.89757300920952">
        <ele>75.19444213155657</ele>
        <time>2026-08-17T22:17:16.900000Z</time>
        <extensions>
          <gpxtpx:TrackPointExtension>
            <gpxtpx:hr>141</gpxtpx:hr>
          </gpxtpx:TrackPointExtension>
        </extensions>
      </trkpt>
      <trkpt lat="28.238744637266425" lon="112.8975879305684">
        <ele>75.19141530897468</ele>
        <time>2026-08-17T22:17:17.900000Z</time>
        <extensions>
          <gpxtpx:TrackPointExtension>
            <gpxtpx:hr>141</gpxtpx:hr>
          </gpxtpx:TrackPointExtension>
        </extensions>
      </trkpt>
      <trkpt lat="28.238764564244455" lon="112.89760339645998">
        <ele>75.18786005675793</ele>
        <time>2026-08-17T22:17:18.900000Z</time>
        <extensions>
          <gpxtpx:TrackPointExtension>
            <gpxtpx:hr>141</gpxtpx:hr>
          </gpxtpx:TrackPointExtension>
        </extensions>
      </trkpt>
      <trkpt lat="28.238783988845544" lon="112.89761942327515">
        <ele>75.18294310290366</ele>
        <time>2026-08-17T22:17:19.900000Z</time>
        <extensions>
          <gpxtpx:TrackPointExtension>
            <gpxtpx:hr>141</gpxtpx:hr>
          </gpxtpx:TrackPointExtension>
        </extensions>
      </trkpt>
      <trkpt lat="28.238803296631833" lon="112.89763538800814">
        <ele>75.17654690332711</ele>
        <time>2026-08-17T22:17:20.900000Z</time>
        <extensions>
          <gpxtpx:TrackPointExtension>
            <gpxtpx:hr>141</gpxtpx:hr>
          </gpxtpx:TrackPointExtension>
        </extensions>
      </trkpt>
      <trkpt lat="28.238822940714915" lon="112.89765068100877">
        <ele>75.16877989377826</ele>
        <time>2026-08-17T22:17:21.900000Z</time>
        <extensions>
          <gpxtpx:TrackPointExtension>
            <gpxtpx:hr>141</gpxtpx:hr>
          </gpxtpx:TrackPointExtension>
        </extensions>
      </trkpt>
      <trkpt lat="28.23884281785225" lon="112.89766555454946">
        <ele>75.15958771668375</ele>
        <time>2026-08-17T22:17:22.900000Z</time>
        <extensions>
          <gpxtpx:TrackPointExtension>
            <gpxtpx:hr>146</gpxtpx:hr>
          </gpxtpx:TrackPointExtension>
        </extensions>
      </trkpt>
      <trkpt lat="28.238862944832483" lon="112.89768048243131">
        <ele>75.1489296099171</ele>
        <time>2026-08-17T22:17:23.800000Z</time>
        <extensions>
          <gpxtpx:TrackPointExtension>
            <gpxtpx:hr>146</gpxtpx:hr>
          </gpxtpx:TrackPointExtension>
        </extensions>
      </trkpt>
      <trkpt lat="28.238883597272924" lon="112.89769581997128">
        <ele>75.13689167611301</ele>
        <time>2026-08-17T22:17:24.800000Z</time>
        <extensions>
          <gpxtpx:TrackPointExtension>
            <gpxtpx:hr>146</gpxtpx:hr>
          </gpxtpx:TrackPointExtension>
        </extensions>
      </trkpt>
      <trkpt lat="28.2389046591467" lon="112.897711882463">
        <ele>75.12371748965234</ele>
        <time>2026-08-17T22:17:25.800000Z</time>
        <extensions>
          <gpxtpx:TrackPointExtension>
            <gpxtpx:hr>146</gpxtpx:hr>
          </gpxtpx:TrackPointExtension>
        </extensions>
      </trkpt>
      <trkpt lat="28.238925879031157" lon="112.89772867165196">
        <ele>75.10951783042401</ele>
        <time>2026-08-17T22:17:26.800000Z</time>
        <extensions>
          <gpxtpx:TrackPointExtension>
            <gpxtpx:hr>146</gpxtpx:hr>
          </gpxtpx:TrackPointExtension>
        </extensions>
      </trkpt>
      <trkpt lat="28.23894705797538" lon="112.89774585968311">
        <ele>75.09406719356775</ele>
        <time>2026-08-17T22:17:27.800000Z</time>
        <extensions>
          <gpxtpx:TrackPointExtension>
            <gpxtpx:hr>146</gpxtpx:hr>
          </gpxtpx:TrackPointExtension>
        </extensions>
      </trkpt>
      <trkpt lat="28.2389679599544" lon="112.89776355301271">
        <ele>75.07686460670084</ele>
        <time>2026-08-17T22:17:28.800000Z</time>
        <extensions>
          <gpxtpx:TrackPointExtension>
            <gpxtpx:hr>146</gpxtpx:hr>
          </gpxtpx:TrackPointExtension>
        </extensions>
      </trkpt>
      <trkpt lat="28.238988381402766" lon="112.89778228359478">
        <ele>75.05711647681892</ele>
        <time>2026-08-17T22:17:29.800000Z</time>
        <extensions>
          <gpxtpx:TrackPointExtension>
            <gpxtpx:hr>146</gpxtpx:hr>
          </gpxtpx:TrackPointExtension>
        </extensions>
      </trkpt>
      <trkpt lat="28.239008194010278" lon="112.89780228938338">
        <ele>75.03370158839971</ele>
        <time>2026-08-17T22:17:30.800000Z</time>
        <extensions>
          <gpxtpx:TrackPointExtension>
            <gpxtpx:hr>149</gpxtpx:hr>
          </gpxtpx:TrackPointExtension>
        </extensions>
      </trkpt>
      <trkpt lat="28.239027495356734" lon="112.89782321166982">
        <ele>75.00511671416461</ele>
        <time>2026-08-17T22:17:31.800000Z</time>
        <extensions>
          <gpxtpx:TrackPointExtension>
            <gpxtpx:hr>149</gpxtpx:hr>
          </gpxtpx:TrackPointExtension>
        </extensions>
      </trkpt>
      <trkpt lat="28.239046672425754" lon="112.8978444105817">
        <ele>74.96955368481576</ele>
        <time>2026-08-17T22:17:32.800000Z</time>
        <extensions>
          <gpxtpx:TrackPointExtension>
            <gpxtpx:hr>149</gpxtpx:hr>
          </gpxtpx:TrackPointExtension>
        </extensions>
      </trkpt>
      <trkpt lat="28.239065804915963" lon="112.8978656875761">
        <ele>74.9253212204203</ele>
        <time>2026-08-17T22:17:33.800000Z</time>
        <extensions>
          <gpxtpx:TrackPointExtension>
            <gpxtpx:hr>149</gpxtpx:hr>
          </gpxtpx:TrackPointExtension>
        </extensions>
      </trkpt>
      <trkpt lat="28.239084678526012" lon="112.89788701926162">
        <ele>74.87120347749442</ele>
        <time>2026-08-17T22:17:34.800000Z</time>
        <extensions>
          <gpxtpx:TrackPointExtension>
            <gpxtpx:hr>149</gpxtpx:hr>
          </gpxtpx:TrackPointExtension>
        </extensions>
      </trkpt>
      <trkpt lat="28.239103627902303" lon="112.89790769211425">
        <ele>74.80684273410589</ele>
        <time>2026-08-17T22:17:35.800000Z</time>
        <extensions>
          <gpxtpx:TrackPointExtension>
            <gpxtpx:hr>149</gpxtpx:hr>
          </gpxtpx:TrackPointExtension>
        </extensions>
      </trkpt>
      <trkpt lat="28.239122935290617" lon="112.89792756500793">
        <ele>74.73260858934373</ele>
        <time>2026-08-17T22:17:36.800000Z</time>
        <extensions>
          <gpxtpx:TrackPointExtension>
            <gpxtpx:hr>149</gpxtpx:hr>
          </gpxtpx:TrackPointExtension>
        </extensions>
      </trkpt>
      <trkpt lat="28.23914227887364" lon="112.8979474350876">
        <ele>74.64908124879003</ele>
        <time>2026-08-17T22:17:37.800000Z</time>
        <extensions>
          <gpxtpx:TrackPointExtension>
            <gpxtpx:hr>153</gpxtpx:hr>
          </gpxtpx:TrackPointExtension>
        </extensions>
      </trkpt>
      <trkpt lat="28.239161554099624" lon="112.89796755852784">
        <ele>74.55693299043924</ele>
        <time>2026-08-17T22:17:38.800000Z</time>
        <extensions>
          <gpxtpx:TrackPointExtension>
            <gpxtpx:hr>153</gpxtpx:hr>
          </gpxtpx:TrackPointExtension>
        </extensions>
      </trkpt>
      <trkpt lat="28.239180630679083" lon="112.89798783860496">
        <ele>74.45716362725943</ele>
        <time>2026-08-17T22:17:39.800000Z</time>
        <extensions>
          <gpxtpx:TrackPointExtension>
            <gpxtpx:hr>153</gpxtpx:hr>
          </gpxtpx:TrackPointExtension>
        </extensions>
      </trkpt>
      <trkpt lat="28.23919928826798" lon="112.89800819958283">
        <ele>74.35125189833343</ele>
        <time>2026-08-17T22:17:40.800000Z</time>
        <extensions>
          <gpxtpx:TrackPointExtension>
            <gpxtpx:hr>153</gpxtpx:hr>
          </gpxtpx:TrackPointExtension>
        </extensions>
      </trkpt>
      <trkpt lat="28.239217668502402" lon="112.89802849689298">
        <ele>74.24088505469263</ele>
        <time>2026-08-17T22:17:41.800000Z</time>
        <extensions>
          <gpxtpx:TrackPointExtension>
            <gpxtpx:hr>153</gpxtpx:hr>
          </gpxtpx:TrackPointExtension>
        </extensions>
      </trkpt>
      <trkpt lat="28.239235679168285" lon="112.89804894087312">
        <ele>74.12785749789327</ele>
        <time>2026-08-17T22:17:42.800000Z</time>
        <extensions>
          <gpxtpx:TrackPointExtension>
            <gpxtpx:hr>155</gpxtpx:hr>
          </gpxtpx:TrackPointExtension>
        </extensions>
      </trkpt>
      <trkpt lat="28.239252976720188" lon="112.89806990723392">
        <ele>74.01416714675725</ele>
        <time>2026-08-17T22:17:43.800000Z</time>
        <extensions>
          <gpxtpx:TrackPointExtension>
            <gpxtpx:hr>155</gpxtpx:hr>
          </gpxtpx:TrackPointExtension>
        </extensions>
      </trkpt>
      <trkpt lat="28.239269646694908" lon="112.89809139677797">
        <ele>73.90209084469825</ele>
        <time>2026-08-17T22:17:44.800000Z</time>
        <extensions>
          <gpxtpx:TrackPointExtension>
            <gpxtpx:hr>155</gpxtpx:hr>
          </gpxtpx:TrackPointExtension>
        </extensions>
      </trkpt>
      <trkpt lat="28.239286115691662" lon="112.89811325015384">
        <ele>73.79367505945265</ele>
        <time>2026-08-17T22:17:45.800000Z</time>
        <extensions>
          <gpxtpx:TrackPointExtension>
            <gpxtpx:hr>155</gpxtpx:hr>
          </gpxtpx:TrackPointExtension>
        </extensions>
      </trkpt>
      <trkpt lat="28.23930272759984" lon="112.89813520295756">
        <ele>73.69039957784116</ele>
        <time>2026-08-17T22:17:46.800000Z</time>
        <extensions>
          <gpxtpx:TrackPointExtension>
            <gpxtpx:hr>160</gpxtpx:hr>
          </gpxtpx:TrackPointExtension>
        </extensions>
      </trkpt>
      <trkpt lat="28.23931952027071" lon="112.89815697809168">
        <ele>73.59328761976212</ele>
        <time>2026-08-17T22:17:47.800000Z</time>
        <extensions>
          <gpxtpx:TrackPointExtension>
            <gpxtpx:hr>160</gpxtpx:hr>
          </gpxtpx:TrackPointExtension>
        </extensions>
      </trkpt>
      <trkpt lat="28.239336403578893" lon="112.89817851676776">
        <ele>73.50302892364562</ele>
        <time>2026-08-17T22:17:48.800000Z</time>
        <extensions>
          <gpxtpx:TrackPointExtension>
            <gpxtpx:hr>160</gpxtpx:hr>
          </gpxtpx:TrackPointExtension>
        </extensions>
      </trkpt>
      <trkpt lat="28.239353515627442" lon="112.89820006119092">
        <ele>73.42017039563507</ele>
        <time>2026-08-17T22:17:49.800000Z</time>
        <extensions>
          <gpxtpx:TrackPointExtension>
            <gpxtpx:hr>160</gpxtpx:hr>
          </gpxtpx:TrackPointExtension>
        </extensions>
      </trkpt>
      <trkpt lat="28.239371060123247" lon="112.89822180701749">
        <ele>73.34494286030531</ele>
        <time>2026-08-17T22:17:50.800000Z</time>
        <extensions>
          <gpxtpx:TrackPointExtension>
            <gpxtpx:hr>160</gpxtpx:hr>
          </gpxtpx:TrackPointExtension>
        </extensions>
      </trkpt>
      <trkpt lat="28.23938919755129" lon="112.89824348749052">
        <ele>73.27762696240097</ele>
        <time>2026-08-17T22:17:51.800000Z</time>
        <extensions>
          <gpxtpx:TrackPointExtension>
            <gpxtpx:hr>162</gpxtpx:hr>
          </gpxtpx:TrackPointExtension>
        </extensions>
      </trkpt>
      <trkpt lat="28.23940788288815" lon="112.89826486788706">
        <ele>73.21817272435874</ele>
        <time>2026-08-17T22:17:52.800000Z</time>
        <extensions>
          <gpxtpx:TrackPointExtension>
            <gpxtpx:hr>162</gpxtpx:hr>
          </gpxtpx:TrackPointExtension>
        </extensions>
      </trkpt>
      <trkpt lat="28.239426984777264" lon="112.89828605117229">
        <ele>73.165925337933</ele>
        <time>2026-08-17T22:17:53.800000Z</time>
        <extensions>
          <gpxtpx:TrackPointExtension>
            <gpxtpx:hr>162</gpxtpx:hr>
          </gpxtpx:TrackPointExtension>
        </extensions>
      </trkpt>
      <trkpt lat="28.239446550619213" lon="112.89830679593555">
        <ele>73.11961004883051</ele>
        <time>2026-08-17T22:17:54.800000Z</time>
        <extensions>
          <gpxtpx:TrackPointExtension>
            <gpxtpx:hr>162</gpxtpx:hr>
          </gpxtpx:TrackPointExtension>
        </extensions>
      </trkpt>
      <trkpt lat="28.239466613556676" lon="112.89832677040388">
        <ele>73.07757454644889</ele>
        <time>2026-08-17T22:17:55.800000Z</time>
        <extensions>
          <gpxtpx:TrackPointExtension>
            <gpxtpx:hr>162</gpxtpx:hr>
          </gpxtpx:TrackPointExtension>
        </extensions>
      </trkpt>
      <trkpt lat="28.239487093230892" lon="112.89834616380507">
        <ele>73.03808073140681</ele>
        <time>2026-08-17T22:17:56.800000Z</time>
        <extensions>
          <gpxtpx:TrackPointExtension>
            <gpxtpx:hr>162</gpxtpx:hr>
          </gpxtpx:TrackPointExtension>
        </extensions>
      </trkpt>
      <trkpt lat="28.239507715375957" lon="112.8983655229595">
        <ele>72.99955938197672</ele>
        <time>2026-08-17T22:17:57.800000Z</time>
        <extensions>
          <gpxtpx:TrackPointExtension>
            <gpxtpx:hr>165</gpxtpx:hr>
          </gpxtpx:TrackPointExtension>
        </extensions>
      </trkpt>
      <trkpt lat="28.239528007626454" lon="112.89838528020164">
        <ele>72.9610688528046</ele>
        <time>2026-08-17T22:17:58.800000Z</time>
        <extensions>
          <gpxtpx:TrackPointExtension>
            <gpxtpx:hr>165</gpxtpx:hr>
          </gpxtpx:TrackPointExtension>
        </extensions>
      </trkpt>
      <trkpt lat="28.239547478440926" lon="112.89840567080726">
        <ele>72.9223347119987</ele>
        <time>2026-08-17T22:17:59.800000Z</time>
        <extensions>
          <gpxtpx:TrackPointExtension>
            <gpxtpx:hr>165</gpxtpx:hr>
          </gpxtpx:TrackPointExtension>
        </extensions>
      </trkpt>
      <trkpt lat="28.239566222080253" lon="112.8984267067544">
        <ele>72.8835187740624</ele>
        <time>2026-08-17T22:18:00.800000Z</time>
        <extensions>
          <gpxtpx:TrackPointExtension>
            <gpxtpx:hr>165</gpxtpx:hr>
          </gpxtpx:TrackPointExtension>
        </extensions>
      </trkpt>
      <trkpt lat="28.23958472195231" lon="112.89844809558059">
        <ele>72.84463303536177</ele>
        <time>2026-08-17T22:18:01.800000Z</time>
        <extensions>
          <gpxtpx:TrackPointExtension>
            <gpxtpx:hr>165</gpxtpx:hr>
          </gpxtpx:TrackPointExtension>
        </extensions>
      </trkpt>
      <trkpt lat="28.239603222529084" lon="112.89846956269538">
        <ele>72.80549427960068</ele>
        <time>2026-08-17T22:18:02.800000Z</time>
        <extensions>
          <gpxtpx:TrackPointExtension>
            <gpxtpx:hr>166</gpxtpx:hr>
          </gpxtpx:TrackPointExtension>
        </extensions>
      </trkpt>
      <trkpt lat="28.239621614265435" lon="112.89849115229188">
        <ele>72.7657003570348</ele>
        <time>2026-08-17T22:18:03.800000Z</time>
        <extensions>
          <gpxtpx:TrackPointExtension>
            <gpxtpx:hr>166</gpxtpx:hr>
          </gpxtpx:TrackPointExtension>
        </extensions>
      </trkpt>
      <trkpt lat="28.239639875157177" lon="112.89851314637656">
        <ele>72.72487684059888</ele>
        <time>2026-08-17T22:18:04.800000Z</time>
        <extensions>
          <gpxtpx:TrackPointExtension>
            <gpxtpx:hr>166</gpxtpx:hr>
          </gpxtpx:TrackPointExtension>
        </extensions>
      </trkpt>
      <trkpt lat="28.23965821228955" lon="112.89853548725834">
        <ele>72.68299130629748</ele>
        <time>2026-08-17T22:18:05.800000Z</time>
        <extensions>
          <gpxtpx:TrackPointExtension>
            <gpxtpx:hr>166</gpxtpx:hr>
          </gpxtpx:TrackPointExtension>
        </extensions>
      </trkpt>
      <trkpt lat="28.239676686347153" lon="112.89855773957919">
        <ele>72.64005911909044</ele>
        <time>2026-08-17T22:18:06.800000Z</time>
        <extensions>
          <gpxtpx:TrackPointExtension>
            <gpxtpx:hr>167</gpxtpx:hr>
          </gpxtpx:TrackPointExtension>
        </extensions>
      </trkpt>
      <trkpt lat="28.239695090856525" lon="112.8985796652861">
        <ele>72.59571130387485</ele>
        <time>2026-08-17T22:18:07.800000Z</time>
        <extensions>
          <gpxtpx:TrackPointExtension>
            <gpxtpx:hr>167</gpxtpx:hr>
          </gpxtpx:TrackPointExtension>
        </extensions>
      </trkpt>
      <trkpt lat="28.239713362100055" lon="112.89860123997988">
        <ele>72.54938474297523</ele>
        <time>2026-08-17T22:18:08.800000Z</time>
        <extensions>
          <gpxtpx:TrackPointExtension>
            <gpxtpx:hr>167</gpxtpx:hr>
          </gpxtpx:TrackPointExtension>
        </extensions>
      </trkpt>
      <trkpt lat="28.239731615659515" lon="112.89862253749483">
        <ele>72.50068555213511</ele>
        <time>2026-08-17T22:18:09.800000Z</time>
        <extensions>
          <gpxtpx:TrackPointExtension>
            <gpxtpx:hr>167</gpxtpx:hr>
          </gpxtpx:TrackPointExtension>
        </extensions>
      </trkpt>
      <trkpt lat="28.239749890709973" lon="112.89864364848275">
        <ele>72.44940167851746</ele>
        <time>2026-08-17T22:18:10.800000Z</time>
        <extensions>
          <gpxtpx:TrackPointExtension>
            <gpxtpx:hr>167</gpxtpx:hr>
          </gpxtpx:TrackPointExtension>
        </extensions>
      </trkpt>
      <trkpt lat="28.239768296584394" lon="112.89866458614758">
        <ele>72.39541311562061</ele>
        <time>2026-08-17T22:18:11.800000Z</time>
        <extensions>
          <gpxtpx:TrackPointExtension>
            <gpxtpx:hr>167</gpxtpx:hr>
          </gpxtpx:TrackPointExtension>
        </extensions>
      </trkpt>
      <trkpt lat="28.2397868075471" lon="112.89868549275847">
        <ele>72.33903763536364</ele>
        <time>2026-08-17T22:18:12.800000Z</time>
        <extensions>
          <gpxtpx:TrackPointExtension>
            <gpxtpx:hr>168</gpxtpx:hr>
          </gpxtpx:TrackPointExtension>
        </extensions>
      </trkpt>
      <trkpt lat="28.23980524483568" lon="112.89870657433184">
        <ele>72.28039422165602</ele>
        <time>2026-08-17T22:18:13.800000Z</time>
        <extensions>
          <gpxtpx:TrackPointExtension>
            <gpxtpx:hr>168</gpxtpx:hr>
          </gpxtpx:TrackPointExtension>
        </extensions>
      </trkpt>
      <trkpt lat="28.239823729850027" lon="112.89872770393575">
        <ele>72.21974431816489</ele>
        <time>2026-08-17T22:18:14.800000Z</time>
        <extensions>
          <gpxtpx:TrackPointExtension>
            <gpxtpx:hr>168</gpxtpx:hr>
          </gpxtpx:TrackPointExtension>
        </extensions>
      </trkpt>
      <trkpt lat="28.239842235377207" lon="112.89874867316684">
        <ele>72.15728382766247</ele>
        <time>2026-08-17T22:18:15.800000Z</time>
        <extensions>
          <gpxtpx:TrackPointExtension>
            <gpxtpx:hr>168</gpxtpx:hr>
          </gpxtpx:TrackPointExtension>
        </extensions>
      </trkpt>
      <trkpt lat="28.23986040091515" lon="112.8987697322011">
        <ele>72.09305781777948</ele>
        <time>2026-08-17T22:18:16.800000Z</time>
        <extensions>
          <gpxtpx:TrackPointExtension>
            <gpxtpx:hr>168</gpxtpx:hr>
          </gpxtpx:TrackPointExtension>
        </extensions>
      </trkpt>
      <trkpt lat="28.23987804132429" lon="112.8987911954648">
        <ele>72.02712249103934</ele>
        <time>2026-08-17T22:18:17.800000Z</time>
        <extensions>
          <gpxtpx:TrackPointExtension>
            <gpxtpx:hr>168</gpxtpx:hr>
          </gpxtpx:TrackPointExtension>
        </extensions>
      </trkpt>
      <trkpt lat="28.239895145966933" lon="112.89881320540756">
        <ele>71.95966156572104</ele>
        <time>2026-08-17T22:18:18.700000Z</time>
        <extensions>
          <gpxtpx:TrackPointExtension>
            <gpxtpx:hr>169</gpxtpx:hr>
          </gpxtpx:TrackPointExtension>
        </extensions>
      </trkpt>
      <trkpt lat="28.23991175012266" lon="112.89883580164584">
        <ele>71.89100504107773</ele>
        <time>2026-08-17T22:18:19.700000Z</time>
        <extensions>
          <gpxtpx:TrackPointExtension>
            <gpxtpx:hr>169</gpxtpx:hr>
          </gpxtpx:TrackPointExtension>
        </extensions>
      </trkpt>
      <trkpt lat="28.239928034674055" lon="112.898858734004">
        <ele>71.8215858116746</ele>
        <time>2026-08-17T22:18:20.700000Z</time>
        <extensions>
          <gpxtpx:TrackPointExtension>
            <gpxtpx:hr>169</gpxtpx:hr>
          </gpxtpx:TrackPointExtension>
        </extensions>
      </trkpt>
      <trkpt lat="28.239944313506918" lon="112.89888152672951">
        <ele>71.75179111771286</ele>
        <time>2026-08-17T22:18:21.700000Z</time>
        <extensions>
          <gpxtpx:TrackPointExtension>
            <gpxtpx:hr>169</gpxtpx:hr>
          </gpxtpx:TrackPointExtension>
        </extensions>
      </trkpt>
      <trkpt lat="28.23996067656678" lon="112.89890403967905">
        <ele>71.68197526875883</ele>
        <time>2026-08-17T22:18:22.700000Z</time>
        <extensions>
          <gpxtpx:TrackPointExtension>
            <gpxtpx:hr>168</gpxtpx:hr>
          </gpxtpx:TrackPointExtension>
        </extensions>
      </trkpt>
      <trkpt lat="28.239977133229733" lon="112.89892624529665">
        <ele>71.61273200344294</ele>
        <time>2026-08-17T22:18:23.700000Z</time>
        <extensions>
          <gpxtpx:TrackPointExtension>
            <gpxtpx:hr>168</gpxtpx:hr>
          </gpxtpx:TrackPointExtension>
        </extensions>
      </trkpt>
      <trkpt lat="28.239993767110512" lon="112.89894791630286">
        <ele>71.54477179143578</ele>
        <time>2026-08-17T22:18:24.700000Z</time>
        <extensions>
          <gpxtpx:TrackPointExtension>
            <gpxtpx:hr>168</gpxtpx:hr>
          </gpxtpx:TrackPointExtension>
        </extensions>
      </trkpt>
      <trkpt lat="28.240010396787277" lon="112.89896933160863">
        <ele>71.47844754718244</ele>
        <time>2026-08-17T22:18:25.700000Z</time>
        <extensions>
          <gpxtpx:TrackPointExtension>
            <gpxtpx:hr>168</gpxtpx:hr>
          </gpxtpx:TrackPointExtension>
        </extensions>
      </trkpt>
      <trkpt lat="28.240027008609413" lon="112.89899111593274">
        <ele>71.41364734433591</ele>
        <time>2026-08-17T22:18:26.700000Z</time>
        <extensions>
          <gpxtpx:TrackPointExtension>
            <gpxtpx:hr>168</gpxtpx:hr>
          </gpxtpx:TrackPointExtension>
        </extensions>
      </trkpt>
      <trkpt lat="28.240043695468415" lon="112.89901348444752">
        <ele>71.349923488684</ele>
        <time>2026-08-17T22:18:27.700000Z</time>
        <extensions>
          <gpxtpx:TrackPointExtension>
            <gpxtpx:hr>169</gpxtpx:hr>
          </gpxtpx:TrackPointExtension>
        </extensions>
      </trkpt>
      <trkpt lat="28.240060391225107" lon="112.8990361762507">
        <ele>71.28660858795047</ele>
        <time>2026-08-17T22:18:28.700000Z</time>
        <extensions>
          <gpxtpx:TrackPointExtension>
            <gpxtpx:hr>169</gpxtpx:hr>
          </gpxtpx:TrackPointExtension>
        </extensions>
      </trkpt>
      <trkpt lat="28.24007709862495" lon="112.89905872439819">
        <ele>71.22270022612065</ele>
        <time>2026-08-17T22:18:29.700000Z</time>
        <extensions>
          <gpxtpx:TrackPointExtension>
            <gpxtpx:hr>169</gpxtpx:hr>
          </gpxtpx:TrackPointExtension>
        </extensions>
      </trkpt>
      <trkpt lat="28.240093789215603" lon="112.89908080733683">
        <ele>71.15694431122392</ele>
        <time>2026-08-17T22:18:30.700000Z</time>
        <extensions>
          <gpxtpx:TrackPointExtension>
            <gpxtpx:hr>169</gpxtpx:hr>
          </gpxtpx:TrackPointExtension>
        </extensions>
      </trkpt>
      <trkpt lat="28.240110744119807" lon="112.89910220142791">
        <ele>71.08817200083286</ele>
        <time>2026-08-17T22:18:31.700000Z</time>
        <extensions>
          <gpxtpx:TrackPointExtension>
            <gpxtpx:hr>169</gpxtpx:hr>
          </gpxtpx:TrackPointExtension>
        </extensions>
      </trkpt>
      <trkpt lat="28.240128248486656" lon="112.89912300484191">
        <ele>71.01522390544415</ele>
        <time>2026-08-17T22:18:32.700000Z</time>
        <extensions>
          <gpxtpx:TrackPointExtension>
            <gpxtpx:hr>169</gpxtpx:hr>
          </gpxtpx:TrackPointExtension>
        </extensions>
      </trkpt>
      <trkpt lat="28.240146028040545" lon="112.89914376601169">
        <ele>70.9366581197828</ele>
        <time>2026-08-17T22:18:33.700000Z</time>
        <extensions>
          <gpxtpx:TrackPointExtension>
            <gpxtpx:hr>169</gpxtpx:hr>
          </gpxtpx:TrackPointExtension>
        </extensions>
      </trkpt>
      <trkpt lat="28.240163477319246" lon="112.89916502855259">
        <ele>70.85071618389338</ele>
        <time>2026-08-17T22:18:34.700000Z</time>
        <extensions>
          <gpxtpx:TrackPointExtension>
            <gpxtpx:hr>169</gpxtpx:hr>
          </gpxtpx:TrackPointExtension>
        </extensions>
      </trkpt>
      <trkpt lat="28.240180265568245" lon="112.89918702808568">
        <ele>70.75581513345242</ele>
        <time>2026-08-17T22:18:35.700000Z</time>
        <extensions>
          <gpxtpx:TrackPointExtension>
            <gpxtpx:hr>169</gpxtpx:hr>
          </gpxtpx:TrackPointExtension>
        </extensions>
      </trkpt>
      <trkpt lat="28.24019644441766" lon="112.89920948624379">
        <ele>70.65148200280964</ele>
        <time>2026-08-17T22:18:36.700000Z</time>
        <extensions>
          <gpxtpx:TrackPointExtension>
            <gpxtpx:hr>169</gpxtpx:hr>
          </gpxtpx:TrackPointExtension>
        </extensions>
      </trkpt>
      <trkpt lat="28.24021215036434" lon="112.89923187076249">
        <ele>70.53974417410791</ele>
        <time>2026-08-17T22:18:37.700000Z</time>
        <extensions>
          <gpxtpx:TrackPointExtension>
            <gpxtpx:hr>169</gpxtpx:hr>
          </gpxtpx:TrackPointExtension>
        </extensions>
      </trkpt>
      <trkpt lat="28.2402275926687" lon="112.89925388727201">
        <ele>70.42642130423337</ele>
        <time>2026-08-17T22:18:38.700000Z</time>
        <extensions>
          <gpxtpx:TrackPointExtension>
            <gpxtpx:hr>169</gpxtpx:hr>
          </gpxtpx:TrackPointExtension>
        </extensions>
      </trkpt>
      <trkpt lat="28.240240512166405" lon="112.89927200499402">
        <ele>70.33704191911966</ele>
        <time>2026-08-17T22:18:39.500000Z</time>
        <extensions>
          <gpxtpx:TrackPointExtension>
            <gpxtpx:hr>170</gpxtpx:hr>
          </gpxtpx:TrackPointExtension>
        </extensions>
      </trkpt>
      <trkpt lat="28.240256234330854" lon="112.89929370390983">
        <ele>70.24781956989318</ele>
        <time>2026-08-17T22:18:40.500000Z</time>
        <extensions>
          <gpxtpx:TrackPointExtension>
            <gpxtpx:hr>170</gpxtpx:hr>
          </gpxtpx:TrackPointExtension>
        </extensions>
      </trkpt>
      <trkpt lat="28.240271903288843" lon="112.8993154188179">
        <ele>70.18708509206772</ele>
        <time>2026-08-17T22:18:41.500000Z</time>
        <extensions>
          <gpxtpx:TrackPointExtension>
            <gpxtpx:hr>170</gpxtpx:hr>
          </gpxtpx:TrackPointExtension>
        </extensions>
      </trkpt>
      <trkpt lat="28.240287186093695" lon="112.89933712010918">
        <ele>70.15629047062248</ele>
        <time>2026-08-17T22:18:42.500000Z</time>
        <extensions>
          <gpxtpx:TrackPointExtension>
            <gpxtpx:hr>170</gpxtpx:hr>
          </gpxtpx:TrackPointExtension>
        </extensions>
      </trkpt>
      <trkpt lat="28.24030190496599" lon="112.89935882019508">
        <ele>70.15001321863383</ele>
        <time>2026-08-17T22:18:43.500000Z</time>
        <extensions>
          <gpxtpx:TrackPointExtension>
            <gpxtpx:hr>170</gpxtpx:hr>
          </gpxtpx:TrackPointExtension>
        </extensions>
      </trkpt>
      <trkpt lat="28.24031802098561" lon="112.89938394305108">
        <ele>70.15606256201863</ele>
        <time>2026-08-17T22:18:44.700000Z</time>
        <extensions>
          <gpxtpx:TrackPointExtension>
            <gpxtpx:hr>170</gpxtpx:hr>
          </gpxtpx:TrackPointExtension>
        </extensions>
      </trkpt>
      <trkpt lat="28.24033098954646" lon="112.89940587386708">
        <ele>70.15583856962621</ele>
        <time>2026-08-17T22:18:45.700000Z</time>
        <extensions>
          <gpxtpx:TrackPointExtension>
            <gpxtpx:hr>172</gpxtpx:hr>
          </gpxtpx:TrackPointExtension>
        </extensions>
      </trkpt>
      <trkpt lat="28.24034273443618" lon="112.89942828441961">
        <ele>70.14064385648817</ele>
        <time>2026-08-17T22:18:46.700000Z</time>
        <extensions>
          <gpxtpx:TrackPointExtension>
            <gpxtpx:hr>172</gpxtpx:hr>
          </gpxtpx:TrackPointExtension>
        </extensions>
      </trkpt>
      <trkpt lat="28.24035263252467" lon="112.89945122052372">
        <ele>70.11359074059874</ele>
        <time>2026-08-17T22:18:47.700000Z</time>
        <extensions>
          <gpxtpx:TrackPointExtension>
            <gpxtpx:hr>172</gpxtpx:hr>
          </gpxtpx:TrackPointExtension>
        </extensions>
      </trkpt>
      <trkpt lat="28.240359548491536" lon="112.89947092671186">
        <ele>70.09006044641137</ele>
        <time>2026-08-17T22:18:48.500000Z</time>
        <extensions>
          <gpxtpx:TrackPointExtension>
            <gpxtpx:hr>172</gpxtpx:hr>
          </gpxtpx:TrackPointExtension>
        </extensions>
      </trkpt>
      <trkpt lat="28.240366687114907" lon="112.89949345048394">
        <ele>70.07802866771817</ele>
        <time>2026-08-17T22:18:49.500000Z</time>
        <extensions>
          <gpxtpx:TrackPointExtension>
            <gpxtpx:hr>172</gpxtpx:hr>
          </gpxtpx:TrackPointExtension>
        </extensions>
      </trkpt>
      <trkpt lat="28.240373529502474" lon="112.8995141074386">
        <ele>70.09564280416816</ele>
        <time>2026-08-17T22:18:50.500000Z</time>
        <extensions>
          <gpxtpx:TrackPointExtension>
            <gpxtpx:hr>172</gpxtpx:hr>
          </gpxtpx:TrackPointExtension>
        </extensions>
      </trkpt>
      <trkpt lat="28.24038043388822" lon="112.89953225572046">
        <ele>70.1486758729443</ele>
        <time>2026-08-17T22:18:51.500000Z</time>
        <extensions>
          <gpxtpx:TrackPointExtension>
            <gpxtpx:hr>172</gpxtpx:hr>
          </gpxtpx:TrackPointExtension>
        </extensions>
      </trkpt>
      <trkpt lat="28.240386533133048" lon="112.89954802975559">
        <ele>70.23603437282145</ele>
        <time>2026-08-17T22:18:52.500000Z</time>
        <extensions>
          <gpxtpx:TrackPointExtension>
            <gpxtpx:hr>173</gpxtpx:hr>
          </gpxtpx:TrackPointExtension>
        </extensions>
      </trkpt>
      <trkpt lat="28.240390855500948" lon="112.89956160942022">
        <ele>70.34960777312517</ele>
        <time>2026-08-17T22:18:53.500000Z</time>
        <extensions>
          <gpxtpx:TrackPointExtension>
            <gpxtpx:hr>173</gpxtpx:hr>
          </gpxtpx:TrackPointExtension>
        </extensions>
      </trkpt>
      <trkpt lat="28.24039331624674" lon="112.89957396255019">
        <ele>70.48708231002092</ele>
        <time>2026-08-17T22:18:54.700000Z</time>
        <extensions>
          <gpxtpx:TrackPointExtension>
            <gpxtpx:hr>173</gpxtpx:hr>
          </gpxtpx:TrackPointExtension>
        </extensions>
      </trkpt>
      <trkpt lat="28.24039330009942" lon="112.89958225892673">
        <ele>70.58972301147878</ele>
        <time>2026-08-17T22:18:55.700000Z</time>
        <extensions>
          <gpxtpx:TrackPointExtension>
            <gpxtpx:hr>173</gpxtpx:hr>
          </gpxtpx:TrackPointExtension>
        </extensions>
      </trkpt>
      <trkpt lat="28.24039149307072" lon="112.89958917734829">
        <ele>70.65498601086438</ele>
        <time>2026-08-17T22:18:56.700000Z</time>
        <extensions>
          <gpxtpx:TrackPointExtension>
            <gpxtpx:hr>173</gpxtpx:hr>
          </gpxtpx:TrackPointExtension>
        </extensions>
      </trkpt>
      <trkpt lat="28.24038832349551" lon="112.89959555060243">
        <ele>70.67226428724825</ele>
        <time>2026-08-17T22:18:57.700000Z</time>
        <extensions>
          <gpxtpx:TrackPointExtension>
            <gpxtpx:hr>173</gpxtpx:hr>
          </gpxtpx:TrackPointExtension>
        </extensions>
      </trkpt>
      <trkpt lat="28.240384200546764" lon="112.89960211224093">
        <ele>70.63827265240252</ele>
        <time>2026-08-17T22:18:58.700000Z</time>
        <extensions>
          <gpxtpx:TrackPointExtension>
            <gpxtpx:hr>173</gpxtpx:hr>
          </gpxtpx:TrackPointExtension>
        </extensions>
      </trkpt>
      <trkpt lat="28.240379755094533" lon="112.89960942832097">
        <ele>70.55733622424304</ele>
        <time>2026-08-17T22:18:59.700000Z</time>
        <extensions>
          <gpxtpx:TrackPointExtension>
            <gpxtpx:hr>173</gpxtpx:hr>
          </gpxtpx:TrackPointExtension>
        </extensions>
      </trkpt>
      <trkpt lat="28.240375749031767" lon="112.89961776941186">
        <ele>70.4424534291029</ele>
        <time>2026-08-17T22:19:00.700000Z</time>
        <extensions>
          <gpxtpx:TrackPointExtension>
            <gpxtpx:hr>173</gpxtpx:hr>
          </gpxtpx:TrackPointExtension>
        </extensions>
      </trkpt>
      <trkpt lat="28.240373330140613" lon="112.89962558414466">
        <ele>70.33114803768694</ele>
        <time>2026-08-17T22:19:01.500000Z</time>
        <extensions>
          <gpxtpx:TrackPointExtension>
            <gpxtpx:hr>173</gpxtpx:hr>
          </gpxtpx:TrackPointExtension>
        </extensions>
      </trkpt>
      <trkpt lat="28.24037114911647" lon="112.89963542818522">
        <ele>70.21605166699737</ele>
        <time>2026-08-17T22:19:02.500000Z</time>
        <extensions>
          <gpxtpx:TrackPointExtension>
            <gpxtpx:hr>173</gpxtpx:hr>
          </gpxtpx:TrackPointExtension>
        </extensions>
      </trkpt>
      <trkpt lat="28.240368350514583" lon="112.89964651256828">
        <ele>70.1317175924778</ele>
        <time>2026-08-17T22:19:03.500000Z</time>
        <extensions>
          <gpxtpx:TrackPointExtension>
            <gpxtpx:hr>172</gpxtpx:hr>
          </gpxtpx:TrackPointExtension>
        </extensions>
      </trkpt>
      <trkpt lat="28.240364281970052" lon="112.89965796370856">
        <ele>70.0868382724002</ele>
        <time>2026-08-17T22:19:04.500000Z</time>
        <extensions>
          <gpxtpx:TrackPointExtension>
            <gpxtpx:hr>172</gpxtpx:hr>
          </gpxtpx:TrackPointExtension>
        </extensions>
      </trkpt>
      <trkpt lat="28.240358795394037" lon="112.89966901315651">
        <ele>70.08358263317496</ele>
        <time>2026-08-17T22:19:05.500000Z</time>
        <extensions>
          <gpxtpx:TrackPointExtension>
            <gpxtpx:hr>172</gpxtpx:hr>
          </gpxtpx:TrackPointExtension>
        </extensions>
      </trkpt>
      <trkpt lat="28.24035240508128" lon="112.89967920234949">
        <ele>70.1210170360282</ele>
        <time>2026-08-17T22:19:06.500000Z</time>
        <extensions>
          <gpxtpx:TrackPointExtension>
            <gpxtpx:hr>172</gpxtpx:hr>
          </gpxtpx:TrackPointExtension>
        </extensions>
      </trkpt>
      <trkpt lat="28.240345212094223" lon="112.8996881963554">
        <ele>70.19737571571022</ele>
        <time>2026-08-17T22:19:07.500000Z</time>
        <extensions>
          <gpxtpx:TrackPointExtension>
            <gpxtpx:hr>172</gpxtpx:hr>
          </gpxtpx:TrackPointExtension>
        </extensions>
      </trkpt>
      <trkpt lat="28.240337036513402" lon="112.89969578550156">
        <ele>70.31131641753018</ele>
        <time>2026-08-17T22:19:08.500000Z</time>
        <extensions>
          <gpxtpx:TrackPointExtension>
            <gpxtpx:hr>170</gpxtpx:hr>
          </gpxtpx:TrackPointExtension>
        </extensions>
      </trkpt>
      <trkpt lat="28.24032796187567" lon="112.89970197234484">
        <ele>70.46219710726291</ele>
        <time>2026-08-17T22:19:09.500000Z</time>
        <extensions>
          <gpxtpx:TrackPointExtension>
            <gpxtpx:hr>170</gpxtpx:hr>
          </gpxtpx:TrackPointExtension>
        </extensions>
      </trkpt>
      <trkpt lat="28.240318936885902" lon="112.8997078009138">
        <ele>70.64941346086562</ele>
        <time>2026-08-17T22:19:10.500000Z</time>
        <extensions>
          <gpxtpx:TrackPointExtension>
            <gpxtpx:hr>170</gpxtpx:hr>
          </gpxtpx:TrackPointExtension>
        </extensions>
      </trkpt>
      <trkpt lat="28.24031123060806" lon="112.89971499528376">
        <ele>70.87079166807234</ele>
        <time>2026-08-17T22:19:11.500000Z</time>
        <extensions>
          <gpxtpx:TrackPointExtension>
            <gpxtpx:hr>170</gpxtpx:hr>
          </gpxtpx:TrackPointExtension>
        </extensions>
      </trkpt>
      <trkpt lat="28.240304542789705" lon="112.8997238278893">
        <ele>71.1205986328423</ele>
        <time>2026-08-17T22:19:12.500000Z</time>
        <extensions>
          <gpxtpx:TrackPointExtension>
            <gpxtpx:hr>169</gpxtpx:hr>
          </gpxtpx:TrackPointExtension>
        </extensions>
      </trkpt>
      <trkpt lat="28.240297074582955" lon="112.89973457318595">
        <ele>71.4133216869086</ele>
        <time>2026-08-17T22:19:13.600000Z</time>
        <extensions>
          <gpxtpx:TrackPointExtension>
            <gpxtpx:hr>169</gpxtpx:hr>
          </gpxtpx:TrackPointExtension>
        </extensions>
      </trkpt>
      <trkpt lat="28.240289581480695" lon="112.8997444531846">
        <ele>71.67427995800972</ele>
        <time>2026-08-17T22:19:14.600000Z</time>
        <extensions>
          <gpxtpx:TrackPointExtension>
            <gpxtpx:hr>169</gpxtpx:hr>
          </gpxtpx:TrackPointExtension>
        </extensions>
      </trkpt>
      <trkpt lat="28.24028101419634" lon="112.89975381370442">
        <ele>71.91424783226103</ele>
        <time>2026-08-17T22:19:15.600000Z</time>
        <extensions>
          <gpxtpx:TrackPointExtension>
            <gpxtpx:hr>169</gpxtpx:hr>
          </gpxtpx:TrackPointExtension>
        </extensions>
      </trkpt>
      <trkpt lat="28.240271325446905" lon="112.8997623123693">
        <ele>72.12254223693162</ele>
        <time>2026-08-17T22:19:16.600000Z</time>
        <extensions>
          <gpxtpx:TrackPointExtension>
            <gpxtpx:hr>167</gpxtpx:hr>
          </gpxtpx:TrackPointExtension>
        </extensions>
      </trkpt>
      <trkpt lat="28.240260568571635" lon="112.8997701697095">
        <ele>72.2920205257833</ele>
        <time>2026-08-17T22:19:17.600000Z</time>
        <extensions>
          <gpxtpx:TrackPointExtension>
            <gpxtpx:hr>167</gpxtpx:hr>
          </gpxtpx:TrackPointExtension>
        </extensions>
      </trkpt>
      <trkpt lat="28.24024922819574" lon="112.89977806826498">
        <ele>72.41806107573211</ele>
        <time>2026-08-17T22:19:18.600000Z</time>
        <extensions>
          <gpxtpx:TrackPointExtension>
            <gpxtpx:hr>167</gpxtpx:hr>
          </gpxtpx:TrackPointExtension>
        </extensions>
      </trkpt>
      <trkpt lat="28.24023752787287" lon="112.8997862370273">
        <ele>72.4979518642649</ele>
        <time>2026-08-17T22:19:19.600000Z</time>
        <extensions>
          <gpxtpx:TrackPointExtension>
            <gpxtpx:hr>167</gpxtpx:hr>
          </gpxtpx:TrackPointExtension>
        </extensions>
      </trkpt>
      <trkpt lat="28.24022538763676" lon="112.89979477547618">
        <ele>72.53066213056445</ele>
        <time>2026-08-17T22:19:20.600000Z</time>
        <extensions>
          <gpxtpx:TrackPointExtension>
            <gpxtpx:hr>167</gpxtpx:hr>
          </gpxtpx:TrackPointExtension>
        </extensions>
      </trkpt>
      <trkpt lat="28.24021275907988" lon="112.89980425606834">
        <ele>72.51686071511358</ele>
        <time>2026-08-17T22:19:21.600000Z</time>
        <extensions>
          <gpxtpx:TrackPointExtension>
            <gpxtpx:hr>164</gpxtpx:hr>
          </gpxtpx:TrackPointExtension>
        </extensions>
      </trkpt>
      <trkpt lat="28.240199804497752" lon="112.89981550919856">
        <ele>72.45907650701702</ele>
        <time>2026-08-17T22:19:22.600000Z</time>
        <extensions>
          <gpxtpx:TrackPointExtension>
            <gpxtpx:hr>164</gpxtpx:hr>
          </gpxtpx:TrackPointExtension>
        </extensions>
      </trkpt>
      <trkpt lat="28.24018705068059" lon="112.89982911037573">
        <ele>72.36187575384974</ele>
        <time>2026-08-17T22:19:23.600000Z</time>
        <extensions>
          <gpxtpx:TrackPointExtension>
            <gpxtpx:hr>164</gpxtpx:hr>
          </gpxtpx:TrackPointExtension>
        </extensions>
      </trkpt>
      <trkpt lat="28.240174629008433" lon="112.89984498884844">
        <ele>72.23202936910093</ele>
        <time>2026-08-17T22:19:24.600000Z</time>
        <extensions>
          <gpxtpx:TrackPointExtension>
            <gpxtpx:hr>164</gpxtpx:hr>
          </gpxtpx:TrackPointExtension>
        </extensions>
      </trkpt>
      <trkpt lat="28.24016237834944" lon="112.89986270703491">
        <ele>72.07894178014249</ele>
        <time>2026-08-17T22:19:25.600000Z</time>
        <extensions>
          <gpxtpx:TrackPointExtension>
            <gpxtpx:hr>163</gpxtpx:hr>
          </gpxtpx:TrackPointExtension>
        </extensions>
      </trkpt>
      <trkpt lat="28.24015067163824" lon="112.8998811757525">
        <ele>71.91547649819404</ele>
        <time>2026-08-17T22:19:26.600000Z</time>
        <extensions>
          <gpxtpx:TrackPointExtension>
            <gpxtpx:hr>163</gpxtpx:hr>
          </gpxtpx:TrackPointExtension>
        </extensions>
      </trkpt>
      <trkpt lat="28.240140441157557" lon="112.89989837418794">
        <ele>71.76939095277339</ele>
        <time>2026-08-17T22:19:27.500000Z</time>
        <extensions>
          <gpxtpx:TrackPointExtension>
            <gpxtpx:hr>163</gpxtpx:hr>
          </gpxtpx:TrackPointExtension>
        </extensions>
      </trkpt>
      <trkpt lat="28.240129551566778" lon="112.89991751268511">
        <ele>71.63247053977102</ele>
        <time>2026-08-17T22:19:28.500000Z</time>
        <extensions>
          <gpxtpx:TrackPointExtension>
            <gpxtpx:hr>163</gpxtpx:hr>
          </gpxtpx:TrackPointExtension>
        </extensions>
      </trkpt>
      <trkpt lat="28.240118493119034" lon="112.89993741232504">
        <ele>71.528853289783</ele>
        <time>2026-08-17T22:19:29.500000Z</time>
        <extensions>
          <gpxtpx:TrackPointExtension>
            <gpxtpx:hr>163</gpxtpx:hr>
          </gpxtpx:TrackPointExtension>
        </extensions>
      </trkpt>
      <trkpt lat="28.24010652534843" lon="112.89995892690973">
        <ele>71.46199202816933</ele>
        <time>2026-08-17T22:19:30.500000Z</time>
        <extensions>
          <gpxtpx:TrackPointExtension>
            <gpxtpx:hr>162</gpxtpx:hr>
          </gpxtpx:TrackPointExtension>
        </extensions>
      </trkpt>
      <trkpt lat="28.240092946072302" lon="112.8999831379111">
        <ele>71.43176426552236</ele>
        <time>2026-08-17T22:19:31.500000Z</time>
        <extensions>
          <gpxtpx:TrackPointExtension>
            <gpxtpx:hr>162</gpxtpx:hr>
          </gpxtpx:TrackPointExtension>
        </extensions>
      </trkpt>
      <trkpt lat="28.24007798480272" lon="112.9000099258074">
        <ele>71.43714741803706</ele>
        <time>2026-08-17T22:19:32.500000Z</time>
        <extensions>
          <gpxtpx:TrackPointExtension>
            <gpxtpx:hr>162</gpxtpx:hr>
          </gpxtpx:TrackPointExtension>
        </extensions>
      </trkpt>
      <trkpt lat="28.24006210456035" lon="112.90003810746894">
        <ele>71.4775922279805</ele>
        <time>2026-08-17T22:19:33.500000Z</time>
        <extensions>
          <gpxtpx:TrackPointExtension>
            <gpxtpx:hr>162</gpxtpx:hr>
          </gpxtpx:TrackPointExtension>
        </extensions>
      </trkpt>
      <trkpt lat="28.240045279678192" lon="112.90006638992817">
        <ele>71.5534133752808</ele>
        <time>2026-08-17T22:19:34.500000Z</time>
        <extensions>
          <gpxtpx:TrackPointExtension>
            <gpxtpx:hr>162</gpxtpx:hr>
          </gpxtpx:TrackPointExtension>
        </extensions>
      </trkpt>
      <trkpt lat="28.24002784529279" lon="112.9000938141058">
        <ele>71.66533599887043</ele>
        <time>2026-08-17T22:19:35.500000Z</time>
        <extensions>
          <gpxtpx:TrackPointExtension>
            <gpxtpx:hr>162</gpxtpx:hr>
          </gpxtpx:TrackPointExtension>
        </extensions>
      </trkpt>
      <trkpt lat="28.240010298959792" lon="112.90012022898783">
        <ele>71.81318811979145</ele>
        <time>2026-08-17T22:19:36.500000Z</time>
        <extensions>
          <gpxtpx:TrackPointExtension>
            <gpxtpx:hr>163</gpxtpx:hr>
          </gpxtpx:TrackPointExtension>
        </extensions>
      </trkpt>
      <trkpt lat="28.2399925945268" lon="112.9001456419465">
        <ele>71.99362864717841</ele>
        <time>2026-08-17T22:19:37.500000Z</time>
        <extensions>
          <gpxtpx:TrackPointExtension>
            <gpxtpx:hr>163</gpxtpx:hr>
          </gpxtpx:TrackPointExtension>
        </extensions>
      </trkpt>
      <trkpt lat="28.23997323520333" lon="112.90017145080238">
        <ele>72.2087453501299</ele>
        <time>2026-08-17T22:19:38.600000Z</time>
        <extensions>
          <gpxtpx:TrackPointExtension>
            <gpxtpx:hr>163</gpxtpx:hr>
          </gpxtpx:TrackPointExtension>
        </extensions>
      </trkpt>
      <trkpt lat="28.239954178623446" lon="112.9001946125576">
        <ele>72.41851055528969</ele>
        <time>2026-08-17T22:19:39.600000Z</time>
        <extensions>
          <gpxtpx:TrackPointExtension>
            <gpxtpx:hr>163</gpxtpx:hr>
          </gpxtpx:TrackPointExtension>
        </extensions>
      </trkpt>
      <trkpt lat="28.239934631032046" lon="112.90021651996867">
        <ele>72.61964474711567</ele>
        <time>2026-08-17T22:19:40.600000Z</time>
        <extensions>
          <gpxtpx:TrackPointExtension>
            <gpxtpx:hr>163</gpxtpx:hr>
          </gpxtpx:TrackPointExtension>
        </extensions>
      </trkpt>
      <trkpt lat="28.239915292014366" lon="112.90023781092978">
        <ele>72.80265855323523</ele>
        <time>2026-08-17T22:19:41.600000Z</time>
        <extensions>
          <gpxtpx:TrackPointExtension>
            <gpxtpx:hr>163</gpxtpx:hr>
          </gpxtpx:TrackPointExtension>
        </extensions>
      </trkpt>
      <trkpt lat="28.23989662209154" lon="112.90025907399351">
        <ele>72.96143679693341</ele>
        <time>2026-08-17T22:19:42.600000Z</time>
        <extensions>
          <gpxtpx:TrackPointExtension>
            <gpxtpx:hr>163</gpxtpx:hr>
          </gpxtpx:TrackPointExtension>
        </extensions>
      </trkpt>
      <trkpt lat="28.23987839616258" lon="112.90028046967952">
        <ele>73.09245144110173</ele>
        <time>2026-08-17T22:19:43.600000Z</time>
        <extensions>
          <gpxtpx:TrackPointExtension>
            <gpxtpx:hr>163</gpxtpx:hr>
          </gpxtpx:TrackPointExtension>
        </extensions>
      </trkpt>
      <trkpt lat="28.23986029744074" lon="112.90030202931071">
        <ele>73.19402246456593</ele>
        <time>2026-08-17T22:19:44.600000Z</time>
        <extensions>
          <gpxtpx:TrackPointExtension>
            <gpxtpx:hr>163</gpxtpx:hr>
          </gpxtpx:TrackPointExtension>
        </extensions>
      </trkpt>
      <trkpt lat="28.23984237786425" lon="112.90032370344271">
        <ele>73.2655387846753</ele>
        <time>2026-08-17T22:19:45.600000Z</time>
        <extensions>
          <gpxtpx:TrackPointExtension>
            <gpxtpx:hr>163</gpxtpx:hr>
          </gpxtpx:TrackPointExtension>
        </extensions>
      </trkpt>
      <trkpt lat="28.239824895488987" lon="112.90034562439405">
        <ele>73.30708826053888</ele>
        <time>2026-08-17T22:19:46.600000Z</time>
        <extensions>
          <gpxtpx:TrackPointExtension>
            <gpxtpx:hr>163</gpxtpx:hr>
          </gpxtpx:TrackPointExtension>
        </extensions>
      </trkpt>
      <trkpt lat="28.239807718289242" lon="112.90036822191446">
        <ele>73.31939276028425</ele>
        <time>2026-08-17T22:19:47.600000Z</time>
        <extensions>
          <gpxtpx:TrackPointExtension>
            <gpxtpx:hr>164</gpxtpx:hr>
          </gpxtpx:TrackPointExtension>
        </extensions>
      </trkpt>
      <trkpt lat="28.239790736444277" lon="112.90039169816406">
        <ele>73.3039348591119</ele>
        <time>2026-08-17T22:19:48.600000Z</time>
        <extensions>
          <gpxtpx:TrackPointExtension>
            <gpxtpx:hr>164</gpxtpx:hr>
          </gpxtpx:TrackPointExtension>
        </extensions>
      </trkpt>
      <trkpt lat="28.239773987476152" lon="112.9004157646423">
        <ele>73.26304546836764</ele>
        <time>2026-08-17T22:19:49.600000Z</time>
        <extensions>
          <gpxtpx:TrackPointExtension>
            <gpxtpx:hr>164</gpxtpx:hr>
          </gpxtpx:TrackPointExtension>
        </extensions>
      </trkpt>
      <trkpt lat="28.239757412741735" lon="112.90044017814884">
        <ele>73.1998773869127</ele>
        <time>2026-08-17T22:19:50.600000Z</time>
        <extensions>
          <gpxtpx:TrackPointExtension>
            <gpxtpx:hr>164</gpxtpx:hr>
          </gpxtpx:TrackPointExtension>
        </extensions>
      </trkpt>
      <trkpt lat="28.239741046880642" lon="112.90046490067856">
        <ele>73.1181779904291</ele>
        <time>2026-08-17T22:19:51.600000Z</time>
        <extensions>
          <gpxtpx:TrackPointExtension>
            <gpxtpx:hr>165</gpxtpx:hr>
          </gpxtpx:TrackPointExtension>
        </extensions>
      </trkpt>
      <trkpt lat="28.23972501100498" lon="112.90048971539296">
        <ele>73.02198009286076</ele>
        <time>2026-08-17T22:19:52.600000Z</time>
        <extensions>
          <gpxtpx:TrackPointExtension>
            <gpxtpx:hr>165</gpxtpx:hr>
          </gpxtpx:TrackPointExtension>
        </extensions>
      </trkpt>
      <trkpt lat="28.23970920050081" lon="112.9005143261617">
        <ele>72.91519096214324</ele>
        <time>2026-08-17T22:19:53.600000Z</time>
        <extensions>
          <gpxtpx:TrackPointExtension>
            <gpxtpx:hr>165</gpxtpx:hr>
          </gpxtpx:TrackPointExtension>
        </extensions>
      </trkpt>
      <trkpt lat="28.23969355814166" lon="112.90053886034337">
        <ele>72.80136524047703</ele>
        <time>2026-08-17T22:19:54.600000Z</time>
        <extensions>
          <gpxtpx:TrackPointExtension>
            <gpxtpx:hr>165</gpxtpx:hr>
          </gpxtpx:TrackPointExtension>
        </extensions>
      </trkpt>
      <trkpt lat="28.23967818701074" lon="112.90056374319866">
        <ele>72.68359783105552</ele>
        <time>2026-08-17T22:19:55.600000Z</time>
        <extensions>
          <gpxtpx:TrackPointExtension>
            <gpxtpx:hr>165</gpxtpx:hr>
          </gpxtpx:TrackPointExtension>
        </extensions>
      </trkpt>
      <trkpt lat="28.239663072996002" lon="112.90058879655636">
        <ele>72.56465103384107</ele>
        <time>2026-08-17T22:19:56.600000Z</time>
        <extensions>
          <gpxtpx:TrackPointExtension>
            <gpxtpx:hr>165</gpxtpx:hr>
          </gpxtpx:TrackPointExtension>
        </extensions>
      </trkpt>
      <trkpt lat="28.23964790861201" lon="112.90061332017721">
        <ele>72.44720945879817</ele>
        <time>2026-08-17T22:19:57.600000Z</time>
        <extensions>
          <gpxtpx:TrackPointExtension>
            <gpxtpx:hr>167</gpxtpx:hr>
          </gpxtpx:TrackPointExtension>
        </extensions>
      </trkpt>
      <trkpt lat="28.239632349537306" lon="112.90063698685901">
        <ele>72.33399768546224</ele>
        <time>2026-08-17T22:19:58.600000Z</time>
        <extensions>
          <gpxtpx:TrackPointExtension>
            <gpxtpx:hr>167</gpxtpx:hr>
          </gpxtpx:TrackPointExtension>
        </extensions>
      </trkpt>
      <trkpt lat="28.239616484596443" lon="112.90066010452782">
        <ele>72.22807121649384</ele>
        <time>2026-08-17T22:19:59.600000Z</time>
        <extensions>
          <gpxtpx:TrackPointExtension>
            <gpxtpx:hr>167</gpxtpx:hr>
          </gpxtpx:TrackPointExtension>
        </extensions>
      </trkpt>
      <trkpt lat="28.239600827522864" lon="112.90068262532701">
        <ele>72.13462678529322</ele>
        <time>2026-08-17T22:20:00.500000Z</time>
        <extensions>
          <gpxtpx:TrackPointExtension>
            <gpxtpx:hr>167</gpxtpx:hr>
          </gpxtpx:TrackPointExtension>
        </extensions>
      </trkpt>
      <trkpt lat="28.23958472390682" lon="112.90070556001166">
        <ele>72.05388594139367</ele>
        <time>2026-08-17T22:20:01.500000Z</time>
        <extensions>
          <gpxtpx:TrackPointExtension>
            <gpxtpx:hr>167</gpxtpx:hr>
          </gpxtpx:TrackPointExtension>
        </extensions>
      </trkpt>
      <trkpt lat="28.23956860940515" lon="112.90072865372399">
        <ele>71.9892212394625</ele>
        <time>2026-08-17T22:20:02.500000Z</time>
        <extensions>
          <gpxtpx:TrackPointExtension>
            <gpxtpx:hr>167</gpxtpx:hr>
          </gpxtpx:TrackPointExtension>
        </extensions>
      </trkpt>
      <trkpt lat="28.23955284745181" lon="112.9007519133031">
        <ele>71.93948961701244</ele>
        <time>2026-08-17T22:20:03.500000Z</time>
        <extensions>
          <gpxtpx:TrackPointExtension>
            <gpxtpx:hr>169</gpxtpx:hr>
          </gpxtpx:TrackPointExtension>
        </extensions>
      </trkpt>
      <trkpt lat="28.239537265284966" lon="112.90077513274954">
        <ele>71.90212321281433</ele>
        <time>2026-08-17T22:20:04.500000Z</time>
        <extensions>
          <gpxtpx:TrackPointExtension>
            <gpxtpx:hr>169</gpxtpx:hr>
          </gpxtpx:TrackPointExtension>
        </extensions>
      </trkpt>
      <trkpt lat="28.239521700068796" lon="112.90079836183821">
        <ele>71.87386730778962</ele>
        <time>2026-08-17T22:20:05.500000Z</time>
        <extensions>
          <gpxtpx:TrackPointExtension>
            <gpxtpx:hr>169</gpxtpx:hr>
          </gpxtpx:TrackPointExtension>
        </extensions>
      </trkpt>
      <trkpt lat="28.239505756841695" lon="112.90082108867058">
        <ele>71.85134836658835</ele>
        <time>2026-08-17T22:20:06.500000Z</time>
        <extensions>
          <gpxtpx:TrackPointExtension>
            <gpxtpx:hr>169</gpxtpx:hr>
          </gpxtpx:TrackPointExtension>
        </extensions>
      </trkpt>
      <trkpt lat="28.239489401467466" lon="112.90084302291476">
        <ele>71.83150495123118</ele>
        <time>2026-08-17T22:20:07.500000Z</time>
        <extensions>
          <gpxtpx:TrackPointExtension>
            <gpxtpx:hr>170</gpxtpx:hr>
          </gpxtpx:TrackPointExtension>
        </extensions>
      </trkpt>
      <trkpt lat="28.239473196493385" lon="112.90086484059277">
        <ele>71.81196092721075</ele>
        <time>2026-08-17T22:20:08.500000Z</time>
        <extensions>
          <gpxtpx:TrackPointExtension>
            <gpxtpx:hr>170</gpxtpx:hr>
          </gpxtpx:TrackPointExtension>
        </extensions>
      </trkpt>
      <trkpt lat="28.2394572717191" lon="112.90088715887866">
        <ele>71.79120303411037</ele>
        <time>2026-08-17T22:20:09.500000Z</time>
        <extensions>
          <gpxtpx:TrackPointExtension>
            <gpxtpx:hr>170</gpxtpx:hr>
          </gpxtpx:TrackPointExtension>
        </extensions>
      </trkpt>
      <trkpt lat="28.239441276373842" lon="112.9009098900664">
        <ele>71.76894150488079</ele>
        <time>2026-08-17T22:20:10.500000Z</time>
        <extensions>
          <gpxtpx:TrackPointExtension>
            <gpxtpx:hr>170</gpxtpx:hr>
          </gpxtpx:TrackPointExtension>
        </extensions>
      </trkpt>
      <trkpt lat="28.23942489050461" lon="112.90093272851213">
        <ele>71.74573351815343</ele>
        <time>2026-08-17T22:20:11.500000Z</time>
        <extensions>
          <gpxtpx:TrackPointExtension>
            <gpxtpx:hr>171</gpxtpx:hr>
          </gpxtpx:TrackPointExtension>
        </extensions>
      </trkpt>
      <trkpt lat="28.239408314178203" lon="112.90095573686185">
        <ele>71.72252747509629</ele>
        <time>2026-08-17T22:20:12.500000Z</time>
        <extensions>
          <gpxtpx:TrackPointExtension>
            <gpxtpx:hr>171</gpxtpx:hr>
          </gpxtpx:TrackPointExtension>
        </extensions>
      </trkpt>
      <trkpt lat="28.239391927747516" lon="112.90097916746817">
        <ele>71.70017937198281</ele>
        <time>2026-08-17T22:20:13.500000Z</time>
        <extensions>
          <gpxtpx:TrackPointExtension>
            <gpxtpx:hr>171</gpxtpx:hr>
          </gpxtpx:TrackPointExtension>
        </extensions>
      </trkpt>
      <trkpt lat="28.239375784586183" lon="112.90100299870582">
        <ele>71.67914475221187</ele>
        <time>2026-08-17T22:20:14.500000Z</time>
        <extensions>
          <gpxtpx:TrackPointExtension>
            <gpxtpx:hr>171</gpxtpx:hr>
          </gpxtpx:TrackPointExtension>
        </extensions>
      </trkpt>
      <trkpt lat="28.239359713398105" lon="112.90102711884488">
        <ele>71.65975036006421</ele>
        <time>2026-08-17T22:20:15.500000Z</time>
        <extensions>
          <gpxtpx:TrackPointExtension>
            <gpxtpx:hr>171</gpxtpx:hr>
          </gpxtpx:TrackPointExtension>
        </extensions>
      </trkpt>
      <trkpt lat="28.239343607731588" lon="112.90105154808695">
        <ele>71.64207967277616</ele>
        <time>2026-08-17T22:20:16.500000Z</time>
        <extensions>
          <gpxtpx:TrackPointExtension>
            <gpxtpx:hr>171</gpxtpx:hr>
          </gpxtpx:TrackPointExtension>
        </extensions>
      </trkpt>
      <trkpt lat="28.23932730643839" lon="112.9010761525063">
        <ele>71.62646220717579</ele>
        <time>2026-08-17T22:20:17.500000Z</time>
        <extensions>
          <gpxtpx:TrackPointExtension>
            <gpxtpx:hr>171</gpxtpx:hr>
          </gpxtpx:TrackPointExtension>
        </extensions>
      </trkpt>
      <trkpt lat="28.23931082927186" lon="112.90110066162353">
        <ele>71.6129394210875</ele>
        <time>2026-08-17T22:20:18.500000Z</time>
        <extensions>
          <gpxtpx:TrackPointExtension>
            <gpxtpx:hr>172</gpxtpx:hr>
          </gpxtpx:TrackPointExtension>
        </extensions>
      </trkpt>
      <trkpt lat="28.23929436441692" lon="112.90112497798022">
        <ele>71.60165541991591</ele>
        <time>2026-08-17T22:20:19.500000Z</time>
        <extensions>
          <gpxtpx:TrackPointExtension>
            <gpxtpx:hr>172</gpxtpx:hr>
          </gpxtpx:TrackPointExtension>
        </extensions>
      </trkpt>
      <trkpt lat="28.239277955222647" lon="112.90114908078993">
        <ele>71.59256736002862</ele>
        <time>2026-08-17T22:20:20.500000Z</time>
        <extensions>
          <gpxtpx:TrackPointExtension>
            <gpxtpx:hr>172</gpxtpx:hr>
          </gpxtpx:TrackPointExtension>
        </extensions>
      </trkpt>
      <trkpt lat="28.239261497354736" lon="112.90117274421947">
        <ele>71.58548405580223</ele>
        <time>2026-08-17T22:20:21.500000Z</time>
        <extensions>
          <gpxtpx:TrackPointExtension>
            <gpxtpx:hr>172</gpxtpx:hr>
          </gpxtpx:TrackPointExtension>
        </extensions>
      </trkpt>
      <trkpt lat="28.23924506009803" lon="112.90119613059339">
        <ele>71.5803470024839</ele>
        <time>2026-08-17T22:20:22.500000Z</time>
        <extensions>
          <gpxtpx:TrackPointExtension>
            <gpxtpx:hr>172</gpxtpx:hr>
          </gpxtpx:TrackPointExtension>
        </extensions>
      </trkpt>
      <trkpt lat="28.239228915145" lon="112.9012196195921">
        <ele>71.57691211346537</ele>
        <time>2026-08-17T22:20:23.500000Z</time>
        <extensions>
          <gpxtpx:TrackPointExtension>
            <gpxtpx:hr>172</gpxtpx:hr>
          </gpxtpx:TrackPointExtension>
        </extensions>
      </trkpt>
      <trkpt lat="28.239213411574543" lon="112.90124351223955">
        <ele>71.57512099388987</ele>
        <time>2026-08-17T22:20:24.500000Z</time>
        <extensions>
          <gpxtpx:TrackPointExtension>
            <gpxtpx:hr>172</gpxtpx:hr>
          </gpxtpx:TrackPointExtension>
        </extensions>
      </trkpt>
      <trkpt lat="28.239198703339962" lon="112.90126787996219">
        <ele>71.574691073969</ele>
        <time>2026-08-17T22:20:25.500000Z</time>
        <extensions>
          <gpxtpx:TrackPointExtension>
            <gpxtpx:hr>172</gpxtpx:hr>
          </gpxtpx:TrackPointExtension>
        </extensions>
      </trkpt>
      <trkpt lat="28.239184439136498" lon="112.9012923962761">
        <ele>71.57549390941858</ele>
        <time>2026-08-17T22:20:26.500000Z</time>
        <extensions>
          <gpxtpx:TrackPointExtension>
            <gpxtpx:hr>175</gpxtpx:hr>
          </gpxtpx:TrackPointExtension>
        </extensions>
      </trkpt>
      <trkpt lat="28.239170027888" lon="112.90131660956395">
        <ele>71.5777249019593</ele>
        <time>2026-08-17T22:20:27.500000Z</time>
        <extensions>
          <gpxtpx:TrackPointExtension>
            <gpxtpx:hr>175</gpxtpx:hr>
          </gpxtpx:TrackPointExtension>
        </extensions>
      </trkpt>
      <trkpt lat="28.239155532983336" lon="112.90134048964832">
        <ele>71.58157530333847</ele>
        <time>2026-08-17T22:20:28.500000Z</time>
        <extensions>
          <gpxtpx:TrackPointExtension>
            <gpxtpx:hr>175</gpxtpx:hr>
          </gpxtpx:TrackPointExtension>
        </extensions>
      </trkpt>
      <trkpt lat="28.23914138184875" lon="112.90136414416484">
        <ele>71.58796953689307</ele>
        <time>2026-08-17T22:20:29.500000Z</time>
        <extensions>
          <gpxtpx:TrackPointExtension>
            <gpxtpx:hr>175</gpxtpx:hr>
          </gpxtpx:TrackPointExtension>
        </extensions>
      </trkpt>
      <trkpt lat="28.239127762111817" lon="112.90138762175523">
        <ele>71.59714307263494</ele>
        <time>2026-08-17T22:20:30.500000Z</time>
        <extensions>
          <gpxtpx:TrackPointExtension>
            <gpxtpx:hr>175</gpxtpx:hr>
          </gpxtpx:TrackPointExtension>
        </extensions>
      </trkpt>
      <trkpt lat="28.23911487438636" lon="112.90141096609244">
        <ele>71.60970652103424</ele>
        <time>2026-08-17T22:20:31.500000Z</time>
        <extensions>
          <gpxtpx:TrackPointExtension>
            <gpxtpx:hr>175</gpxtpx:hr>
          </gpxtpx:TrackPointExtension>
        </extensions>
      </trkpt>
      <trkpt lat="28.239102894684127" lon="112.90143419690399">
        <ele>71.62591512594372</ele>
        <time>2026-08-17T22:20:32.500000Z</time>
        <extensions>
          <gpxtpx:TrackPointExtension>
            <gpxtpx:hr>175</gpxtpx:hr>
          </gpxtpx:TrackPointExtension>
        </extensions>
      </trkpt>
      <trkpt lat="28.239092544079544" lon="112.9014578734015">
        <ele>71.64603954926133</ele>
        <time>2026-08-17T22:20:33.500000Z</time>
        <extensions>
          <gpxtpx:TrackPointExtension>
            <gpxtpx:hr>176</gpxtpx:hr>
          </gpxtpx:TrackPointExtension>
        </extensions>
      </trkpt>
      <trkpt lat="28.23908407576229" lon="112.90148226646343">
        <ele>71.66977332439274</ele>
        <time>2026-08-17T22:20:34.500000Z</time>
        <extensions>
          <gpxtpx:TrackPointExtension>
            <gpxtpx:hr>176</gpxtpx:hr>
          </gpxtpx:TrackPointExtension>
        </extensions>
      </trkpt>
      <trkpt lat="28.23907642167545" lon="112.90150715114832">
        <ele>71.69661101233214</ele>
        <time>2026-08-17T22:20:35.500000Z</time>
        <extensions>
          <gpxtpx:TrackPointExtension>
            <gpxtpx:hr>176</gpxtpx:hr>
          </gpxtpx:TrackPointExtension>
        </extensions>
      </trkpt>
      <trkpt lat="28.23906900047461" lon="112.90153259221638">
        <ele>71.72609833721071</ele>
        <time>2026-08-17T22:20:36.500000Z</time>
        <extensions>
          <gpxtpx:TrackPointExtension>
            <gpxtpx:hr>177</gpxtpx:hr>
          </gpxtpx:TrackPointExtension>
        </extensions>
      </trkpt>
      <trkpt lat="28.239061361803117" lon="112.90155855745333">
        <ele>71.75700101349503</ele>
        <time>2026-08-17T22:20:37.500000Z</time>
        <extensions>
          <gpxtpx:TrackPointExtension>
            <gpxtpx:hr>177</gpxtpx:hr>
          </gpxtpx:TrackPointExtension>
        </extensions>
      </trkpt>
      <trkpt lat="28.2390531507038" lon="112.90158499601279">
        <ele>71.78853189758956</ele>
        <time>2026-08-17T22:20:38.500000Z</time>
        <extensions>
          <gpxtpx:TrackPointExtension>
            <gpxtpx:hr>177</gpxtpx:hr>
          </gpxtpx:TrackPointExtension>
        </extensions>
      </trkpt>
      <trkpt lat="28.239044397589023" lon="112.90161206212294">
        <ele>71.8192045064643</ele>
        <time>2026-08-17T22:20:39.500000Z</time>
        <extensions>
          <gpxtpx:TrackPointExtension>
            <gpxtpx:hr>177</gpxtpx:hr>
          </gpxtpx:TrackPointExtension>
        </extensions>
      </trkpt>
      <trkpt lat="28.23903482623786" lon="112.90163935578096">
        <ele>71.84846818074584</ele>
        <time>2026-08-17T22:20:40.500000Z</time>
        <extensions>
          <gpxtpx:TrackPointExtension>
            <gpxtpx:hr>177</gpxtpx:hr>
          </gpxtpx:TrackPointExtension>
        </extensions>
      </trkpt>
      <trkpt lat="28.23902451322913" lon="112.90166630604901">
        <ele>71.87467026244849</ele>
        <time>2026-08-17T22:20:41.500000Z</time>
        <extensions>
          <gpxtpx:TrackPointExtension>
            <gpxtpx:hr>177</gpxtpx:hr>
          </gpxtpx:TrackPointExtension>
        </extensions>
      </trkpt>
      <trkpt lat="28.239013860102396" lon="112.90169288185753">
        <ele>71.89720796141773</ele>
        <time>2026-08-17T22:20:42.500000Z</time>
        <extensions>
          <gpxtpx:TrackPointExtension>
            <gpxtpx:hr>177</gpxtpx:hr>
          </gpxtpx:TrackPointExtension>
        </extensions>
      </trkpt>
      <trkpt lat="28.23900359035774" lon="112.9017194544319">
        <ele>71.9154534349218</ele>
        <time>2026-08-17T22:20:43.500000Z</time>
        <extensions>
          <gpxtpx:TrackPointExtension>
            <gpxtpx:hr>177</gpxtpx:hr>
          </gpxtpx:TrackPointExtension>
        </extensions>
      </trkpt>
      <trkpt lat="28.238994205417015" lon="112.90174616841564">
        <ele>71.92968397866935</ele>
        <time>2026-08-17T22:20:44.500000Z</time>
        <extensions>
          <gpxtpx:TrackPointExtension>
            <gpxtpx:hr>177</gpxtpx:hr>
          </gpxtpx:TrackPointExtension>
        </extensions>
      </trkpt>
      <trkpt lat="28.238985604940623" lon="112.90177304916054">
        <ele>71.93960791733116</ele>
        <time>2026-08-17T22:20:45.500000Z</time>
        <extensions>
          <gpxtpx:TrackPointExtension>
            <gpxtpx:hr>177</gpxtpx:hr>
          </gpxtpx:TrackPointExtension>
        </extensions>
      </trkpt>
      <trkpt lat="28.238977658697358" lon="112.90180032965054">
        <ele>71.94470675755292</ele>
        <time>2026-08-17T22:20:46.500000Z</time>
        <extensions>
          <gpxtpx:TrackPointExtension>
            <gpxtpx:hr>176</gpxtpx:hr>
          </gpxtpx:TrackPointExtension>
        </extensions>
      </trkpt>
      <trkpt lat="28.238970012748148" lon="112.90182805359841">
        <ele>71.94559536408633</ele>
        <time>2026-08-17T22:20:47.500000Z</time>
        <extensions>
          <gpxtpx:TrackPointExtension>
            <gpxtpx:hr>176</gpxtpx:hr>
          </gpxtpx:TrackPointExtension>
        </extensions>
      </trkpt>
      <trkpt lat="28.23896232314976" lon="112.90185597237924">
        <ele>71.94218662101775</ele>
        <time>2026-08-17T22:20:48.500000Z</time>
        <extensions>
          <gpxtpx:TrackPointExtension>
            <gpxtpx:hr>176</gpxtpx:hr>
          </gpxtpx:TrackPointExtension>
        </extensions>
      </trkpt>
      <trkpt lat="28.238954433345082" lon="112.90188362986073">
        <ele>71.93509062752128</ele>
        <time>2026-08-17T22:20:49.500000Z</time>
        <extensions>
          <gpxtpx:TrackPointExtension>
            <gpxtpx:hr>176</gpxtpx:hr>
          </gpxtpx:TrackPointExtension>
        </extensions>
      </trkpt>
      <trkpt lat="28.238946079161167" lon="112.90191085845318">
        <ele>71.92448818776757</ele>
        <time>2026-08-17T22:20:50.500000Z</time>
        <extensions>
          <gpxtpx:TrackPointExtension>
            <gpxtpx:hr>176</gpxtpx:hr>
          </gpxtpx:TrackPointExtension>
        </extensions>
      </trkpt>
      <trkpt lat="28.238937344985967" lon="112.90193778254041">
        <ele>71.91147392429411</ele>
        <time>2026-08-17T22:20:51.500000Z</time>
        <extensions>
          <gpxtpx:TrackPointExtension>
            <gpxtpx:hr>176</gpxtpx:hr>
          </gpxtpx:TrackPointExtension>
        </extensions>
      </trkpt>
      <trkpt lat="28.23892827679608" lon="112.90196445876771">
        <ele>71.89588909596205</ele>
        <time>2026-08-17T22:20:52.500000Z</time>
        <extensions>
          <gpxtpx:TrackPointExtension>
            <gpxtpx:hr>176</gpxtpx:hr>
          </gpxtpx:TrackPointExtension>
        </extensions>
      </trkpt>
      <trkpt lat="28.238918328419473" lon="112.90199079150504">
        <ele>71.87974775210023</ele>
        <time>2026-08-17T22:20:53.500000Z</time>
        <extensions>
          <gpxtpx:TrackPointExtension>
            <gpxtpx:hr>176</gpxtpx:hr>
          </gpxtpx:TrackPointExtension>
        </extensions>
      </trkpt>
      <trkpt lat="28.238907442640503" lon="112.9020164465422">
        <ele>71.86402997467667</ele>
        <time>2026-08-17T22:20:54.500000Z</time>
        <extensions>
          <gpxtpx:TrackPointExtension>
            <gpxtpx:hr>176</gpxtpx:hr>
          </gpxtpx:TrackPointExtension>
        </extensions>
      </trkpt>
      <trkpt lat="28.238895790355535" lon="112.90204102369708">
        <ele>71.84846318047494</ele>
        <time>2026-08-17T22:20:55.500000Z</time>
        <extensions>
          <gpxtpx:TrackPointExtension>
            <gpxtpx:hr>176</gpxtpx:hr>
          </gpxtpx:TrackPointExtension>
        </extensions>
      </trkpt>
      <trkpt lat="28.238883061574548" lon="112.90206437734388">
        <ele>71.83313294313848</ele>
        <time>2026-08-17T22:20:56.500000Z</time>
        <extensions>
          <gpxtpx:TrackPointExtension>
            <gpxtpx:hr>176</gpxtpx:hr>
          </gpxtpx:TrackPointExtension>
        </extensions>
      </trkpt>
      <trkpt lat="28.238869666371922" lon="112.90208709784993">
        <ele>71.81795790512115</ele>
        <time>2026-08-17T22:20:57.500000Z</time>
        <extensions>
          <gpxtpx:TrackPointExtension>
            <gpxtpx:hr>176</gpxtpx:hr>
          </gpxtpx:TrackPointExtension>
        </extensions>
      </trkpt>
      <trkpt lat="28.238856499767124" lon="112.9021099162289">
        <ele>71.80333327315748</ele>
        <time>2026-08-17T22:20:58.500000Z</time>
        <extensions>
          <gpxtpx:TrackPointExtension>
            <gpxtpx:hr>176</gpxtpx:hr>
          </gpxtpx:TrackPointExtension>
        </extensions>
      </trkpt>
      <trkpt lat="28.238843573151872" lon="112.90213305781035">
        <ele>71.78876780159771</ele>
        <time>2026-08-17T22:20:59.500000Z</time>
        <extensions>
          <gpxtpx:TrackPointExtension>
            <gpxtpx:hr>176</gpxtpx:hr>
          </gpxtpx:TrackPointExtension>
        </extensions>
      </trkpt>
      <trkpt lat="28.238830499411737" lon="112.90215634635045">
        <ele>71.77415923215449</ele>
        <time>2026-08-17T22:21:00.500000Z</time>
        <extensions>
          <gpxtpx:TrackPointExtension>
            <gpxtpx:hr>176</gpxtpx:hr>
          </gpxtpx:TrackPointExtension>
        </extensions>
      </trkpt>
      <trkpt lat="28.238817609088546" lon="112.9021799187179">
        <ele>71.7596893729642</ele>
        <time>2026-08-17T22:21:01.500000Z</time>
        <extensions>
          <gpxtpx:TrackPointExtension>
            <gpxtpx:hr>177</gpxtpx:hr>
          </gpxtpx:TrackPointExtension>
        </extensions>
      </trkpt>
      <trkpt lat="28.238805288296565" lon="112.90220401495951">
        <ele>71.74536164663732</ele>
        <time>2026-08-17T22:21:02.400000Z</time>
        <extensions>
          <gpxtpx:TrackPointExtension>
            <gpxtpx:hr>177</gpxtpx:hr>
          </gpxtpx:TrackPointExtension>
        </extensions>
      </trkpt>
      <trkpt lat="28.238793347857612" lon="112.90222850690515">
        <ele>71.73196997586638</ele>
        <time>2026-08-17T22:21:03.400000Z</time>
        <extensions>
          <gpxtpx:TrackPointExtension>
            <gpxtpx:hr>177</gpxtpx:hr>
          </gpxtpx:TrackPointExtension>
        </extensions>
      </trkpt>
      <trkpt lat="28.238781530622823" lon="112.90225322887837">
        <ele>71.72046002931893</ele>
        <time>2026-08-17T22:21:04.400000Z</time>
        <extensions>
          <gpxtpx:TrackPointExtension>
            <gpxtpx:hr>177</gpxtpx:hr>
          </gpxtpx:TrackPointExtension>
        </extensions>
      </trkpt>
      <trkpt lat="28.238769591545974" lon="112.9022781148376">
        <ele>71.71167614590377</ele>
        <time>2026-08-17T22:21:05.400000Z</time>
        <extensions>
          <gpxtpx:TrackPointExtension>
            <gpxtpx:hr>177</gpxtpx:hr>
          </gpxtpx:TrackPointExtension>
        </extensions>
      </trkpt>
      <trkpt lat="28.238757704631666" lon="112.90230338048201">
        <ele>71.70600126404315</ele>
        <time>2026-08-17T22:21:06.400000Z</time>
        <extensions>
          <gpxtpx:TrackPointExtension>
            <gpxtpx:hr>177</gpxtpx:hr>
          </gpxtpx:TrackPointExtension>
        </extensions>
      </trkpt>
      <trkpt lat="28.23874625644292" lon="112.9023290643872">
        <ele>71.70372307486832</ele>
        <time>2026-08-17T22:21:07.400000Z</time>
        <extensions>
          <gpxtpx:TrackPointExtension>
            <gpxtpx:hr>177</gpxtpx:hr>
          </gpxtpx:TrackPointExtension>
        </extensions>
      </trkpt>
      <trkpt lat="28.23873537689877" lon="112.90235479229236">
        <ele>71.70421712193638</ele>
        <time>2026-08-17T22:21:08.400000Z</time>
        <extensions>
          <gpxtpx:TrackPointExtension>
            <gpxtpx:hr>177</gpxtpx:hr>
          </gpxtpx:TrackPointExtension>
        </extensions>
      </trkpt>
      <trkpt lat="28.238724997158215" lon="112.90238033751646">
        <ele>71.70656691677868</ele>
        <time>2026-08-17T22:21:09.400000Z</time>
        <extensions>
          <gpxtpx:TrackPointExtension>
            <gpxtpx:hr>177</gpxtpx:hr>
          </gpxtpx:TrackPointExtension>
        </extensions>
      </trkpt>
      <trkpt lat="28.23871484225835" lon="112.9024058303539">
        <ele>71.71037251781672</ele>
        <time>2026-08-17T22:21:10.400000Z</time>
        <extensions>
          <gpxtpx:TrackPointExtension>
            <gpxtpx:hr>177</gpxtpx:hr>
          </gpxtpx:TrackPointExtension>
        </extensions>
      </trkpt>
      <trkpt lat="28.23870425082536" lon="112.90243108524764">
        <ele>71.71522274799645</ele>
        <time>2026-08-17T22:21:11.400000Z</time>
        <extensions>
          <gpxtpx:TrackPointExtension>
            <gpxtpx:hr>177</gpxtpx:hr>
          </gpxtpx:TrackPointExtension>
        </extensions>
      </trkpt>
      <trkpt lat="28.23869279090013" lon="112.90245563311055">
        <ele>71.7205473985523</ele>
        <time>2026-08-17T22:21:12.400000Z</time>
        <extensions>
          <gpxtpx:TrackPointExtension>
            <gpxtpx:hr>177</gpxtpx:hr>
          </gpxtpx:TrackPointExtension>
        </extensions>
      </trkpt>
      <trkpt lat="28.238680798490975" lon="112.90247935558382">
        <ele>71.72556743118912</ele>
        <time>2026-08-17T22:21:13.400000Z</time>
        <extensions>
          <gpxtpx:TrackPointExtension>
            <gpxtpx:hr>177</gpxtpx:hr>
          </gpxtpx:TrackPointExtension>
        </extensions>
      </trkpt>
      <trkpt lat="28.238669064651923" lon="112.90250288207511">
        <ele>71.7301574703306</ele>
        <time>2026-08-17T22:21:14.400000Z</time>
        <extensions>
          <gpxtpx:TrackPointExtension>
            <gpxtpx:hr>177</gpxtpx:hr>
          </gpxtpx:TrackPointExtension>
        </extensions>
      </trkpt>
      <trkpt lat="28.23865785670402" lon="112.90252662344565">
        <ele>71.73300477676094</ele>
        <time>2026-08-17T22:21:15.400000Z</time>
        <extensions>
          <gpxtpx:TrackPointExtension>
            <gpxtpx:hr>177</gpxtpx:hr>
          </gpxtpx:TrackPointExtension>
        </extensions>
      </trkpt>
      <trkpt lat="28.238646656016872" lon="112.90255043534684">
        <ele>71.73402889072895</ele>
        <time>2026-08-17T22:21:16.400000Z</time>
        <extensions>
          <gpxtpx:TrackPointExtension>
            <gpxtpx:hr>177</gpxtpx:hr>
          </gpxtpx:TrackPointExtension>
        </extensions>
      </trkpt>
      <trkpt lat="28.238635346117746" lon="112.90257444090365">
        <ele>71.73393467627466</ele>
        <time>2026-08-17T22:21:17.400000Z</time>
        <extensions>
          <gpxtpx:TrackPointExtension>
            <gpxtpx:hr>177</gpxtpx:hr>
          </gpxtpx:TrackPointExtension>
        </extensions>
      </trkpt>
      <trkpt lat="28.23862419387393" lon="112.9025990206673">
        <ele>71.73361022304744</ele>
        <time>2026-08-17T22:21:18.400000Z</time>
        <extensions>
          <gpxtpx:TrackPointExtension>
            <gpxtpx:hr>177</gpxtpx:hr>
          </gpxtpx:TrackPointExtension>
        </extensions>
      </trkpt>
      <trkpt lat="28.23861327719242" lon="112.90262417716401">
        <ele>71.73292545229197</ele>
        <time>2026-08-17T22:21:19.400000Z</time>
        <extensions>
          <gpxtpx:TrackPointExtension>
            <gpxtpx:hr>177</gpxtpx:hr>
          </gpxtpx:TrackPointExtension>
        </extensions>
      </trkpt>
      <trkpt lat="28.238602396912665" lon="112.90264952128531">
        <ele>71.73206507600844</ele>
        <time>2026-08-17T22:21:20.400000Z</time>
        <extensions>
          <gpxtpx:TrackPointExtension>
            <gpxtpx:hr>177</gpxtpx:hr>
          </gpxtpx:TrackPointExtension>
        </extensions>
      </trkpt>
      <trkpt lat="28.238591195385933" lon="112.90267460062915">
        <ele>71.730333449319</ele>
        <time>2026-08-17T22:21:21.400000Z</time>
        <extensions>
          <gpxtpx:TrackPointExtension>
            <gpxtpx:hr>177</gpxtpx:hr>
          </gpxtpx:TrackPointExtension>
        </extensions>
      </trkpt>
      <trkpt lat="28.23857970013408" lon="112.90269934761065">
        <ele>71.72774545289576</ele>
        <time>2026-08-17T22:21:22.400000Z</time>
        <extensions>
          <gpxtpx:TrackPointExtension>
            <gpxtpx:hr>177</gpxtpx:hr>
          </gpxtpx:TrackPointExtension>
        </extensions>
      </trkpt>
      <trkpt lat="28.23856846215412" lon="112.90272407608569">
        <ele>71.72506616450846</ele>
        <time>2026-08-17T22:21:23.400000Z</time>
        <extensions>
          <gpxtpx:TrackPointExtension>
            <gpxtpx:hr>177</gpxtpx:hr>
          </gpxtpx:TrackPointExtension>
        </extensions>
      </trkpt>
      <trkpt lat="28.238557825307637" lon="112.90274896861129">
        <ele>71.722651864402</ele>
        <time>2026-08-17T22:21:24.400000Z</time>
        <extensions>
          <gpxtpx:TrackPointExtension>
            <gpxtpx:hr>177</gpxtpx:hr>
          </gpxtpx:TrackPointExtension>
        </extensions>
      </trkpt>
      <trkpt lat="28.238547407509852" lon="112.90277377338357">
        <ele>71.71956950705498</ele>
        <time>2026-08-17T22:21:25.400000Z</time>
        <extensions>
          <gpxtpx:TrackPointExtension>
            <gpxtpx:hr>178</gpxtpx:hr>
          </gpxtpx:TrackPointExtension>
        </extensions>
      </trkpt>
      <trkpt lat="28.238536498628488" lon="112.9027985201288">
        <ele>71.7163497954607</ele>
        <time>2026-08-17T22:21:26.400000Z</time>
        <extensions>
          <gpxtpx:TrackPointExtension>
            <gpxtpx:hr>178</gpxtpx:hr>
          </gpxtpx:TrackPointExtension>
        </extensions>
      </trkpt>
      <trkpt lat="28.238524837816108" lon="112.90282333602971">
        <ele>71.74157473258674</ele>
        <time>2026-08-17T22:21:27.400000Z</time>
        <extensions>
          <gpxtpx:TrackPointExtension>
            <gpxtpx:hr>178</gpxtpx:hr>
          </gpxtpx:TrackPointExtension>
        </extensions>
      </trkpt>
      <trkpt lat="28.238512582379084" lon="112.90284810807668">
        <ele>71.74424164183438</ele>
        <time>2026-08-17T22:21:28.400000Z</time>
        <extensions>
          <gpxtpx:TrackPointExtension>
            <gpxtpx:hr>178</gpxtpx:hr>
          </gpxtpx:TrackPointExtension>
        </extensions>
      </trkpt>
      <trkpt lat="28.23850008411298" lon="112.90287264806281">
        <ele>71.7463042344898</ele>
        <time>2026-08-17T22:21:29.400000Z</time>
        <extensions>
          <gpxtpx:TrackPointExtension>
            <gpxtpx:hr>178</gpxtpx:hr>
          </gpxtpx:TrackPointExtension>
        </extensions>
      </trkpt>
      <trkpt lat="28.238487708411018" lon="112.9028969331547">
        <ele>71.74896835815161</ele>
        <time>2026-08-17T22:21:30.400000Z</time>
        <extensions>
          <gpxtpx:TrackPointExtension>
            <gpxtpx:hr>178</gpxtpx:hr>
          </gpxtpx:TrackPointExtension>
        </extensions>
      </trkpt>
      <trkpt lat="28.23847588532453" lon="112.90292130737397">
        <ele>71.7523206807673</ele>
        <time>2026-08-17T22:21:31.400000Z</time>
        <extensions>
          <gpxtpx:TrackPointExtension>
            <gpxtpx:hr>178</gpxtpx:hr>
          </gpxtpx:TrackPointExtension>
        </extensions>
      </trkpt>
      <trkpt lat="28.23846480667869" lon="112.90294617673314">
        <ele>71.75618220027536</ele>
        <time>2026-08-17T22:21:32.400000Z</time>
        <extensions>
          <gpxtpx:TrackPointExtension>
            <gpxtpx:hr>178</gpxtpx:hr>
          </gpxtpx:TrackPointExtension>
        </extensions>
      </trkpt>
      <trkpt lat="28.238454717145775" lon="112.90297164836628">
        <ele>71.76045451965183</ele>
        <time>2026-08-17T22:21:33.400000Z</time>
        <extensions>
          <gpxtpx:TrackPointExtension>
            <gpxtpx:hr>178</gpxtpx:hr>
          </gpxtpx:TrackPointExtension>
        </extensions>
      </trkpt>
      <trkpt lat="28.23844549664456" lon="112.90299753598704">
        <ele>71.76511666830629</ele>
        <time>2026-08-17T22:21:34.400000Z</time>
        <extensions>
          <gpxtpx:TrackPointExtension>
            <gpxtpx:hr>178</gpxtpx:hr>
          </gpxtpx:TrackPointExtension>
        </extensions>
      </trkpt>
      <trkpt lat="28.238436823377164" lon="112.90302366492104">
        <ele>71.77024722192436</ele>
        <time>2026-08-17T22:21:35.400000Z</time>
        <extensions>
          <gpxtpx:TrackPointExtension>
            <gpxtpx:hr>178</gpxtpx:hr>
          </gpxtpx:TrackPointExtension>
        </extensions>
      </trkpt>
      <trkpt lat="28.23842854282958" lon="112.90305002669777">
        <ele>71.77614586148411</ele>
        <time>2026-08-17T22:21:36.400000Z</time>
        <extensions>
          <gpxtpx:TrackPointExtension>
            <gpxtpx:hr>178</gpxtpx:hr>
          </gpxtpx:TrackPointExtension>
        </extensions>
      </trkpt>
      <trkpt lat="28.238420029076455" lon="112.90307638581041">
        <ele>71.78332393802702</ele>
        <time>2026-08-17T22:21:37.400000Z</time>
        <extensions>
          <gpxtpx:TrackPointExtension>
            <gpxtpx:hr>178</gpxtpx:hr>
          </gpxtpx:TrackPointExtension>
        </extensions>
      </trkpt>
      <trkpt lat="28.238410895439912" lon="112.90310242753553">
        <ele>71.79210951831192</ele>
        <time>2026-08-17T22:21:38.400000Z</time>
        <extensions>
          <gpxtpx:TrackPointExtension>
            <gpxtpx:hr>178</gpxtpx:hr>
          </gpxtpx:TrackPointExtension>
        </extensions>
      </trkpt>
      <trkpt lat="28.238401051377934" lon="112.90312787118563">
        <ele>71.80287603382021</ele>
        <time>2026-08-17T22:21:39.400000Z</time>
        <extensions>
          <gpxtpx:TrackPointExtension>
            <gpxtpx:hr>178</gpxtpx:hr>
          </gpxtpx:TrackPointExtension>
        </extensions>
      </trkpt>
      <trkpt lat="28.238390215502793" lon="112.9031521506243">
        <ele>71.81612040754408</ele>
        <time>2026-08-17T22:21:40.400000Z</time>
        <extensions>
          <gpxtpx:TrackPointExtension>
            <gpxtpx:hr>178</gpxtpx:hr>
          </gpxtpx:TrackPointExtension>
        </extensions>
      </trkpt>
      <trkpt lat="28.238378707257144" lon="112.90317462556943">
        <ele>71.8324112771079</ele>
        <time>2026-08-17T22:21:41.400000Z</time>
        <extensions>
          <gpxtpx:TrackPointExtension>
            <gpxtpx:hr>178</gpxtpx:hr>
          </gpxtpx:TrackPointExtension>
        </extensions>
      </trkpt>
      <trkpt lat="28.238367349436572" lon="112.90319465246928">
        <ele>71.85233551915735</ele>
        <time>2026-08-17T22:21:42.400000Z</time>
        <extensions>
          <gpxtpx:TrackPointExtension>
            <gpxtpx:hr>178</gpxtpx:hr>
          </gpxtpx:TrackPointExtension>
        </extensions>
      </trkpt>
      <trkpt lat="28.23835624961253" lon="112.9032120144353">
        <ele>71.87628795858473</ele>
        <time>2026-08-17T22:21:43.400000Z</time>
        <extensions>
          <gpxtpx:TrackPointExtension>
            <gpxtpx:hr>179</gpxtpx:hr>
          </gpxtpx:TrackPointExtension>
        </extensions>
      </trkpt>
      <trkpt lat="28.238345194282978" lon="112.90322714753924">
        <ele>71.90441951248795</ele>
        <time>2026-08-17T22:21:44.400000Z</time>
        <extensions>
          <gpxtpx:TrackPointExtension>
            <gpxtpx:hr>179</gpxtpx:hr>
          </gpxtpx:TrackPointExtension>
        </extensions>
      </trkpt>
      <trkpt lat="28.238334036577125" lon="112.90324047068458">
        <ele>71.93646531086415</ele>
        <time>2026-08-17T22:21:45.400000Z</time>
        <extensions>
          <gpxtpx:TrackPointExtension>
            <gpxtpx:hr>179</gpxtpx:hr>
          </gpxtpx:TrackPointExtension>
        </extensions>
      </trkpt>
      <trkpt lat="28.23832249104427" lon="112.90325190493645">
        <ele>71.97223024722189</ele>
        <time>2026-08-17T22:21:46.400000Z</time>
        <extensions>
          <gpxtpx:TrackPointExtension>
            <gpxtpx:hr>179</gpxtpx:hr>
          </gpxtpx:TrackPointExtension>
        </extensions>
      </trkpt>
      <trkpt lat="28.238310269672173" lon="112.90326118376782">
        <ele>72.01142836268991</ele>
        <time>2026-08-17T22:21:47.400000Z</time>
        <extensions>
          <gpxtpx:TrackPointExtension>
            <gpxtpx:hr>180</gpxtpx:hr>
          </gpxtpx:TrackPointExtension>
        </extensions>
      </trkpt>
      <trkpt lat="28.23829759029476" lon="112.90326822720537">
        <ele>72.05388855841011</ele>
        <time>2026-08-17T22:21:48.400000Z</time>
        <extensions>
          <gpxtpx:TrackPointExtension>
            <gpxtpx:hr>180</gpxtpx:hr>
          </gpxtpx:TrackPointExtension>
        </extensions>
      </trkpt>
      <trkpt lat="28.23828519287964" lon="112.90327320433629">
        <ele>72.09930785372853</ele>
        <time>2026-08-17T22:21:49.400000Z</time>
        <extensions>
          <gpxtpx:TrackPointExtension>
            <gpxtpx:hr>180</gpxtpx:hr>
          </gpxtpx:TrackPointExtension>
        </extensions>
      </trkpt>
      <trkpt lat="28.238273747186593" lon="112.90327640976561">
        <ele>72.14773697871715</ele>
        <time>2026-08-17T22:21:50.400000Z</time>
        <extensions>
          <gpxtpx:TrackPointExtension>
            <gpxtpx:hr>180</gpxtpx:hr>
          </gpxtpx:TrackPointExtension>
        </extensions>
      </trkpt>
      <trkpt lat="28.238263399774667" lon="112.90327813396573">
        <ele>72.19889487978071</ele>
        <time>2026-08-17T22:21:51.400000Z</time>
        <extensions>
          <gpxtpx:TrackPointExtension>
            <gpxtpx:hr>179</gpxtpx:hr>
          </gpxtpx:TrackPointExtension>
        </extensions>
      </trkpt>
      <trkpt lat="28.238253961698362" lon="112.9032786745578">
        <ele>72.25257387757301</ele>
        <time>2026-08-17T22:21:52.400000Z</time>
        <extensions>
          <gpxtpx:TrackPointExtension>
            <gpxtpx:hr>179</gpxtpx:hr>
          </gpxtpx:TrackPointExtension>
        </extensions>
      </trkpt>
      <trkpt lat="28.23824515536396" lon="112.9032783013927">
        <ele>72.30859481729567</ele>
        <time>2026-08-17T22:21:53.400000Z</time>
        <extensions>
          <gpxtpx:TrackPointExtension>
            <gpxtpx:hr>179</gpxtpx:hr>
          </gpxtpx:TrackPointExtension>
        </extensions>
      </trkpt>
      <trkpt lat="28.238236983058318" lon="112.90327697621056">
        <ele>72.36644912324846</ele>
        <time>2026-08-17T22:21:54.400000Z</time>
        <extensions>
          <gpxtpx:TrackPointExtension>
            <gpxtpx:hr>179</gpxtpx:hr>
          </gpxtpx:TrackPointExtension>
        </extensions>
      </trkpt>
      <trkpt lat="28.23822970818911" lon="112.90327456250265">
        <ele>72.42562102153897</ele>
        <time>2026-08-17T22:21:55.400000Z</time>
        <extensions>
          <gpxtpx:TrackPointExtension>
            <gpxtpx:hr>177</gpxtpx:hr>
          </gpxtpx:TrackPointExtension>
        </extensions>
      </trkpt>
      <trkpt lat="28.238223465725742" lon="112.90327097372331">
        <ele>72.48534538503736</ele>
        <time>2026-08-17T22:21:56.300000Z</time>
        <extensions>
          <gpxtpx:TrackPointExtension>
            <gpxtpx:hr>177</gpxtpx:hr>
          </gpxtpx:TrackPointExtension>
        </extensions>
      </trkpt>
      <trkpt lat="28.238218144262888" lon="112.90326590922746">
        <ele>72.54506188817322</ele>
        <time>2026-08-17T22:21:57.300000Z</time>
        <extensions>
          <gpxtpx:TrackPointExtension>
            <gpxtpx:hr>177</gpxtpx:hr>
          </gpxtpx:TrackPointExtension>
        </extensions>
      </trkpt>
      <trkpt lat="28.238213501044022" lon="112.90325927124991">
        <ele>72.6041075764224</ele>
        <time>2026-08-17T22:21:58.300000Z</time>
        <extensions>
          <gpxtpx:TrackPointExtension>
            <gpxtpx:hr>177</gpxtpx:hr>
          </gpxtpx:TrackPointExtension>
        </extensions>
      </trkpt>
      <trkpt lat="28.23820867425139" lon="112.9032517265979">
        <ele>72.66192108206451</ele>
        <time>2026-08-17T22:21:59.300000Z</time>
        <extensions>
          <gpxtpx:TrackPointExtension>
            <gpxtpx:hr>177</gpxtpx:hr>
          </gpxtpx:TrackPointExtension>
        </extensions>
      </trkpt>
      <trkpt lat="28.238202234716773" lon="112.90324528871177">
        <ele>72.71810657344759</ele>
        <time>2026-08-17T22:22:00.300000Z</time>
        <extensions>
          <gpxtpx:TrackPointExtension>
            <gpxtpx:hr>177</gpxtpx:hr>
          </gpxtpx:TrackPointExtension>
        </extensions>
      </trkpt>
      <trkpt lat="28.238194271372567" lon="112.90324139662027">
        <ele>72.77236692048609</ele>
        <time>2026-08-17T22:22:01.300000Z</time>
        <extensions>
          <gpxtpx:TrackPointExtension>
            <gpxtpx:hr>166</gpxtpx:hr>
          </gpxtpx:TrackPointExtension>
        </extensions>
      </trkpt>
      <trkpt lat="28.23818587545002" lon="112.90323929972304">
        <ele>72.82443472091109</ele>
        <time>2026-08-17T22:22:02.300000Z</time>
        <extensions>
          <gpxtpx:TrackPointExtension>
            <gpxtpx:hr>166</gpxtpx:hr>
          </gpxtpx:TrackPointExtension>
        </extensions>
      </trkpt>
      <trkpt lat="28.238177607063786" lon="112.90323781753929">
        <ele>72.87435628660023</ele>
        <time>2026-08-17T22:22:03.300000Z</time>
        <extensions>
          <gpxtpx:TrackPointExtension>
            <gpxtpx:hr>166</gpxtpx:hr>
          </gpxtpx:TrackPointExtension>
        </extensions>
      </trkpt>
      <trkpt lat="28.23816951623595" lon="112.9032361105534">
        <ele>72.92203710228205</ele>
        <time>2026-08-17T22:22:04.300000Z</time>
        <extensions>
          <gpxtpx:TrackPointExtension>
            <gpxtpx:hr>166</gpxtpx:hr>
          </gpxtpx:TrackPointExtension>
        </extensions>
      </trkpt>
      <trkpt lat="28.23816138987603" lon="112.90323443307267">
        <ele>72.96787453535944</ele>
        <time>2026-08-17T22:22:05.300000Z</time>
        <extensions>
          <gpxtpx:TrackPointExtension>
            <gpxtpx:hr>166</gpxtpx:hr>
          </gpxtpx:TrackPointExtension>
        </extensions>
      </trkpt>
      <trkpt lat="28.238153112967936" lon="112.90323327219026">
        <ele>73.01276072114706</ele>
        <time>2026-08-17T22:22:06.300000Z</time>
        <extensions>
          <gpxtpx:TrackPointExtension>
            <gpxtpx:hr>166</gpxtpx:hr>
          </gpxtpx:TrackPointExtension>
        </extensions>
      </trkpt>
      <trkpt lat="28.238144593074" lon="112.90323237786886">
        <ele>73.05758465174586</ele>
        <time>2026-08-17T22:22:07.300000Z</time>
        <extensions>
          <gpxtpx:TrackPointExtension>
            <gpxtpx:hr>166</gpxtpx:hr>
          </gpxtpx:TrackPointExtension>
        </extensions>
      </trkpt>
      <trkpt lat="28.23813602430412" lon="112.90323160575011">
        <ele>73.10332117788494</ele>
        <time>2026-08-17T22:22:08.300000Z</time>
        <extensions>
          <gpxtpx:TrackPointExtension>
            <gpxtpx:hr>160</gpxtpx:hr>
          </gpxtpx:TrackPointExtension>
        </extensions>
      </trkpt>
      <trkpt lat="28.238127884021882" lon="112.90323088087914">
        <ele>73.15086885541677</ele>
        <time>2026-08-17T22:22:09.300000Z</time>
        <extensions>
          <gpxtpx:TrackPointExtension>
            <gpxtpx:hr>160</gpxtpx:hr>
          </gpxtpx:TrackPointExtension>
        </extensions>
      </trkpt>
      <trkpt lat="28.238120865696644" lon="112.90323015255798">
        <ele>73.20070549659431</ele>
        <time>2026-08-17T22:22:10.300000Z</time>
        <extensions>
          <gpxtpx:TrackPointExtension>
            <gpxtpx:hr>160</gpxtpx:hr>
          </gpxtpx:TrackPointExtension>
        </extensions>
      </trkpt>
      <trkpt lat="28.238114948709327" lon="112.90322927986915">
        <ele>73.25329952314496</ele>
        <time>2026-08-17T22:22:11.300000Z</time>
        <extensions>
          <gpxtpx:TrackPointExtension>
            <gpxtpx:hr>160</gpxtpx:hr>
          </gpxtpx:TrackPointExtension>
        </extensions>
      </trkpt>
      <trkpt lat="28.23810934600199" lon="112.90322806403522">
        <ele>73.30867189727724</ele>
        <time>2026-08-17T22:22:12.300000Z</time>
        <extensions>
          <gpxtpx:TrackPointExtension>
            <gpxtpx:hr>160</gpxtpx:hr>
          </gpxtpx:TrackPointExtension>
        </extensions>
      </trkpt>
      <trkpt lat="28.238103593431774" lon="112.90322627122082">
        <ele>73.36634970922023</ele>
        <time>2026-08-17T22:22:13.300000Z</time>
        <extensions>
          <gpxtpx:TrackPointExtension>
            <gpxtpx:hr>160</gpxtpx:hr>
          </gpxtpx:TrackPointExtension>
        </extensions>
      </trkpt>
      <trkpt lat="28.238097937066563" lon="112.90322371893765">
        <ele>73.42503534443676</ele>
        <time>2026-08-17T22:22:14.300000Z</time>
        <extensions>
          <gpxtpx:TrackPointExtension>
            <gpxtpx:hr>156</gpxtpx:hr>
          </gpxtpx:TrackPointExtension>
        </extensions>
      </trkpt>
      <trkpt lat="28.238092790549953" lon="112.90322060975464">
        <ele>73.4827220859006</ele>
        <time>2026-08-17T22:22:15.300000Z</time>
        <extensions>
          <gpxtpx:TrackPointExtension>
            <gpxtpx:hr>156</gpxtpx:hr>
          </gpxtpx:TrackPointExtension>
        </extensions>
      </trkpt>
      <trkpt lat="28.238088375091113" lon="112.9032170524632">
        <ele>73.53649228438735</ele>
        <time>2026-08-17T22:22:16.300000Z</time>
        <extensions>
          <gpxtpx:TrackPointExtension>
            <gpxtpx:hr>156</gpxtpx:hr>
          </gpxtpx:TrackPointExtension>
        </extensions>
      </trkpt>
      <trkpt lat="28.23808337070744" lon="112.90321322425532">
        <ele>73.58873297832906</ele>
        <time>2026-08-17T22:22:17.500000Z</time>
        <extensions>
          <gpxtpx:TrackPointExtension>
            <gpxtpx:hr>156</gpxtpx:hr>
          </gpxtpx:TrackPointExtension>
        </extensions>
      </trkpt>
      <trkpt lat="28.238079686875583" lon="112.9032113645353">
        <ele>73.61451442260295</ele>
        <time>2026-08-17T22:22:18.500000Z</time>
        <extensions>
          <gpxtpx:TrackPointExtension>
            <gpxtpx:hr>154</gpxtpx:hr>
          </gpxtpx:TrackPointExtension>
        </extensions>
      </trkpt>
      <trkpt lat="28.23807661309286" lon="112.90321040018203">
        <ele>73.62371244467795</ele>
        <time>2026-08-17T22:22:19.500000Z</time>
        <extensions>
          <gpxtpx:TrackPointExtension>
            <gpxtpx:hr>154</gpxtpx:hr>
          </gpxtpx:TrackPointExtension>
        </extensions>
      </trkpt>
      <trkpt lat="28.2380735262279" lon="112.90321014594787">
        <ele>73.6158906808123</ele>
        <time>2026-08-17T22:22:20.500000Z</time>
        <extensions>
          <gpxtpx:TrackPointExtension>
            <gpxtpx:hr>154</gpxtpx:hr>
          </gpxtpx:TrackPointExtension>
        </extensions>
      </trkpt>
      <trkpt lat="28.23806990560489" lon="112.90321045844816">
        <ele>73.59062238410115</ele>
        <time>2026-08-17T22:22:21.500000Z</time>
        <extensions>
          <gpxtpx:TrackPointExtension>
            <gpxtpx:hr>153</gpxtpx:hr>
          </gpxtpx:TrackPointExtension>
        </extensions>
      </trkpt>
      <trkpt lat="28.23806528399129" lon="112.90321124332894">
        <ele>73.54671987518668</ele>
        <time>2026-08-17T22:22:22.500000Z</time>
        <extensions>
          <gpxtpx:TrackPointExtension>
            <gpxtpx:hr>153</gpxtpx:hr>
          </gpxtpx:TrackPointExtension>
        </extensions>
      </trkpt>
      <trkpt lat="28.23805923773706" lon="112.90321246714328">
        <ele>73.48182859271765</ele>
        <time>2026-08-17T22:22:23.500000Z</time>
        <extensions>
          <gpxtpx:TrackPointExtension>
            <gpxtpx:hr>153</gpxtpx:hr>
          </gpxtpx:TrackPointExtension>
        </extensions>
      </trkpt>
      <trkpt lat="28.238051518390296" lon="112.90321410572899">
        <ele>73.39275842439383</ele>
        <time>2026-08-17T22:22:24.500000Z</time>
        <extensions>
          <gpxtpx:TrackPointExtension>
            <gpxtpx:hr>152</gpxtpx:hr>
          </gpxtpx:TrackPointExtension>
        </extensions>
      </trkpt>
      <trkpt lat="28.238042108254056" lon="112.9032158084822">
        <ele>73.2763974647969</ele>
        <time>2026-08-17T22:22:25.500000Z</time>
        <extensions>
          <gpxtpx:TrackPointExtension>
            <gpxtpx:hr>152</gpxtpx:hr>
          </gpxtpx:TrackPointExtension>
        </extensions>
      </trkpt>
      <trkpt lat="28.238031034025557" lon="112.90321654390574">
        <ele>73.13121855817735</ele>
        <time>2026-08-17T22:22:26.500000Z</time>
        <extensions>
          <gpxtpx:TrackPointExtension>
            <gpxtpx:hr>152</gpxtpx:hr>
          </gpxtpx:TrackPointExtension>
        </extensions>
      </trkpt>
      <trkpt lat="28.238022077157122" lon="112.9032161849798">
        <ele>73.00628130324185</ele>
        <time>2026-08-17T22:22:27.300000Z</time>
        <extensions>
          <gpxtpx:TrackPointExtension>
            <gpxtpx:hr>152</gpxtpx:hr>
          </gpxtpx:TrackPointExtension>
        </extensions>
      </trkpt>
      <trkpt lat="28.23800979258666" lon="112.9032146108762">
        <ele>72.82248284574598</ele>
        <time>2026-08-17T22:22:28.300000Z</time>
        <extensions>
          <gpxtpx:TrackPointExtension>
            <gpxtpx:hr>152</gpxtpx:hr>
          </gpxtpx:TrackPointExtension>
        </extensions>
      </trkpt>
      <trkpt lat="28.237996749070827" lon="112.9032119964521">
        <ele>72.62178292218596</ele>
        <time>2026-08-17T22:22:29.300000Z</time>
        <extensions>
          <gpxtpx:TrackPointExtension>
            <gpxtpx:hr>152</gpxtpx:hr>
          </gpxtpx:TrackPointExtension>
        </extensions>
      </trkpt>
      <trkpt lat="28.237982449557197" lon="112.90320916670696">
        <ele>72.4095301721245</ele>
        <time>2026-08-17T22:22:30.300000Z</time>
        <extensions>
          <gpxtpx:TrackPointExtension>
            <gpxtpx:hr>148</gpxtpx:hr>
          </gpxtpx:TrackPointExtension>
        </extensions>
      </trkpt>
      <trkpt lat="28.237966588177986" lon="112.90320664938695">
        <ele>72.19000802189112</ele>
        <time>2026-08-17T22:22:31.300000Z</time>
        <extensions>
          <gpxtpx:TrackPointExtension>
            <gpxtpx:hr>148</gpxtpx:hr>
          </gpxtpx:TrackPointExtension>
        </extensions>
      </trkpt>
      <trkpt lat="28.237949250932495" lon="112.90320434106731">
        <ele>71.96648417506367</ele>
        <time>2026-08-17T22:22:32.300000Z</time>
        <extensions>
          <gpxtpx:TrackPointExtension>
            <gpxtpx:hr>148</gpxtpx:hr>
          </gpxtpx:TrackPointExtension>
        </extensions>
      </trkpt>
      <trkpt lat="28.237931309013746" lon="112.90320210387284">
        <ele>71.74049994535744</ele>
        <time>2026-08-17T22:22:33.300000Z</time>
        <extensions>
          <gpxtpx:TrackPointExtension>
            <gpxtpx:hr>148</gpxtpx:hr>
          </gpxtpx:TrackPointExtension>
        </extensions>
      </trkpt>
      <trkpt lat="28.23791298534384" lon="112.90319966010362">
        <ele>71.51461012475193</ele>
        <time>2026-08-17T22:22:34.300000Z</time>
        <extensions>
          <gpxtpx:TrackPointExtension>
            <gpxtpx:hr>148</gpxtpx:hr>
          </gpxtpx:TrackPointExtension>
        </extensions>
      </trkpt>
      <trkpt lat="28.237894182246396" lon="112.9031967886172">
        <ele>71.28971460834146</ele>
        <time>2026-08-17T22:22:35.300000Z</time>
        <extensions>
          <gpxtpx:TrackPointExtension>
            <gpxtpx:hr>148</gpxtpx:hr>
          </gpxtpx:TrackPointExtension>
        </extensions>
      </trkpt>
      <trkpt lat="28.237874405938975" lon="112.90319354515749">
        <ele>71.06726925447583</ele>
        <time>2026-08-17T22:22:36.300000Z</time>
        <extensions>
          <gpxtpx:TrackPointExtension>
            <gpxtpx:hr>148</gpxtpx:hr>
          </gpxtpx:TrackPointExtension>
        </extensions>
      </trkpt>
      <trkpt lat="28.237853615393767" lon="112.90319009623471">
        <ele>70.84776843618602</ele>
        <time>2026-08-17T22:22:37.300000Z</time>
        <extensions>
          <gpxtpx:TrackPointExtension>
            <gpxtpx:hr>150</gpxtpx:hr>
          </gpxtpx:TrackPointExtension>
        </extensions>
      </trkpt>
      <trkpt lat="28.237831195858014" lon="112.90318640052858">
        <ele>70.63205414451659</ele>
        <time>2026-08-17T22:22:38.300000Z</time>
        <extensions>
          <gpxtpx:TrackPointExtension>
            <gpxtpx:hr>150</gpxtpx:hr>
          </gpxtpx:TrackPointExtension>
        </extensions>
      </trkpt>
      <trkpt lat="28.237807178699708" lon="112.90318280403322">
        <ele>70.42087266687304</ele>
        <time>2026-08-17T22:22:39.300000Z</time>
        <extensions>
          <gpxtpx:TrackPointExtension>
            <gpxtpx:hr>150</gpxtpx:hr>
          </gpxtpx:TrackPointExtension>
        </extensions>
      </trkpt>
      <trkpt lat="28.23778145371347" lon="112.90317974717908">
        <ele>70.21468498278409</ele>
        <time>2026-08-17T22:22:40.300000Z</time>
        <extensions>
          <gpxtpx:TrackPointExtension>
            <gpxtpx:hr>150</gpxtpx:hr>
          </gpxtpx:TrackPointExtension>
        </extensions>
      </trkpt>
      <trkpt lat="28.2377535957026" lon="112.90317644206833">
        <ele>70.01401107851416</ele>
        <time>2026-08-17T22:22:41.300000Z</time>
        <extensions>
          <gpxtpx:TrackPointExtension>
            <gpxtpx:hr>150</gpxtpx:hr>
          </gpxtpx:TrackPointExtension>
        </extensions>
      </trkpt>
      <trkpt lat="28.237725175901236" lon="112.90317247936686">
        <ele>69.81840948481113</ele>
        <time>2026-08-17T22:22:42.300000Z</time>
        <extensions>
          <gpxtpx:TrackPointExtension>
            <gpxtpx:hr>152</gpxtpx:hr>
          </gpxtpx:TrackPointExtension>
        </extensions>
      </trkpt>
      <trkpt lat="28.237696659530442" lon="112.90316882263733">
        <ele>69.62855505105108</ele>
        <time>2026-08-17T22:22:43.300000Z</time>
        <extensions>
          <gpxtpx:TrackPointExtension>
            <gpxtpx:hr>152</gpxtpx:hr>
          </gpxtpx:TrackPointExtension>
        </extensions>
      </trkpt>
      <trkpt lat="28.237668014371295" lon="112.90316630885603">
        <ele>69.44375448580831</ele>
        <time>2026-08-17T22:22:44.300000Z</time>
        <extensions>
          <gpxtpx:TrackPointExtension>
            <gpxtpx:hr>152</gpxtpx:hr>
          </gpxtpx:TrackPointExtension>
        </extensions>
      </trkpt>
      <trkpt lat="28.237639286056687" lon="112.90316518014424">
        <ele>69.26411654707044</ele>
        <time>2026-08-17T22:22:45.300000Z</time>
        <extensions>
          <gpxtpx:TrackPointExtension>
            <gpxtpx:hr>152</gpxtpx:hr>
          </gpxtpx:TrackPointExtension>
        </extensions>
      </trkpt>
      <trkpt lat="28.237610753261862" lon="112.90316528656845">
        <ele>69.08844545483589</ele>
        <time>2026-08-17T22:22:46.300000Z</time>
        <extensions>
          <gpxtpx:TrackPointExtension>
            <gpxtpx:hr>151</gpxtpx:hr>
          </gpxtpx:TrackPointExtension>
        </extensions>
      </trkpt>
      <trkpt lat="28.237582528923394" lon="112.90316593919893">
        <ele>68.91639900114387</ele>
        <time>2026-08-17T22:22:47.300000Z</time>
        <extensions>
          <gpxtpx:TrackPointExtension>
            <gpxtpx:hr>151</gpxtpx:hr>
          </gpxtpx:TrackPointExtension>
        </extensions>
      </trkpt>
      <trkpt lat="28.23755454343457" lon="112.90316676286382">
        <ele>68.74816324282438</ele>
        <time>2026-08-17T22:22:48.300000Z</time>
        <extensions>
          <gpxtpx:TrackPointExtension>
            <gpxtpx:hr>151</gpxtpx:hr>
          </gpxtpx:TrackPointExtension>
        </extensions>
      </trkpt>
      <trkpt lat="28.237526560138694" lon="112.90316768996856">
        <ele>68.58294211793691</ele>
        <time>2026-08-17T22:22:49.300000Z</time>
        <extensions>
          <gpxtpx:TrackPointExtension>
            <gpxtpx:hr>151</gpxtpx:hr>
          </gpxtpx:TrackPointExtension>
        </extensions>
      </trkpt>
      <trkpt lat="28.237498443141764" lon="112.90316817478121">
        <ele>68.42044056206942</ele>
        <time>2026-08-17T22:22:50.300000Z</time>
        <extensions>
          <gpxtpx:TrackPointExtension>
            <gpxtpx:hr>151</gpxtpx:hr>
          </gpxtpx:TrackPointExtension>
        </extensions>
      </trkpt>
      <trkpt lat="28.23747019928874" lon="112.90316796779149">
        <ele>68.26053665112704</ele>
        <time>2026-08-17T22:22:51.200000Z</time>
        <extensions>
          <gpxtpx:TrackPointExtension>
            <gpxtpx:hr>155</gpxtpx:hr>
          </gpxtpx:TrackPointExtension>
        </extensions>
      </trkpt>
      <trkpt lat="28.23744192085486" lon="112.90316730931198">
        <ele>68.103476065211</ele>
        <time>2026-08-17T22:22:52.200000Z</time>
        <extensions>
          <gpxtpx:TrackPointExtension>
            <gpxtpx:hr>155</gpxtpx:hr>
          </gpxtpx:TrackPointExtension>
        </extensions>
      </trkpt>
      <trkpt lat="28.237413716847488" lon="112.90316642632972">
        <ele>67.94959850795567</ele>
        <time>2026-08-17T22:22:53.200000Z</time>
        <extensions>
          <gpxtpx:TrackPointExtension>
            <gpxtpx:hr>155</gpxtpx:hr>
          </gpxtpx:TrackPointExtension>
        </extensions>
      </trkpt>
      <trkpt lat="28.23738560677866" lon="112.90316592651973">
        <ele>67.79944583959877</ele>
        <time>2026-08-17T22:22:54.200000Z</time>
        <extensions>
          <gpxtpx:TrackPointExtension>
            <gpxtpx:hr>155</gpxtpx:hr>
          </gpxtpx:TrackPointExtension>
        </extensions>
      </trkpt>
      <trkpt lat="28.23735763916276" lon="112.90316624003064">
        <ele>67.65308591350913</ele>
        <time>2026-08-17T22:22:55.200000Z</time>
        <extensions>
          <gpxtpx:TrackPointExtension>
            <gpxtpx:hr>155</gpxtpx:hr>
          </gpxtpx:TrackPointExtension>
        </extensions>
      </trkpt>
      <trkpt lat="28.237330037157136" lon="112.90316740889836">
        <ele>67.51050423458219</ele>
        <time>2026-08-17T22:22:56.200000Z</time>
        <extensions>
          <gpxtpx:TrackPointExtension>
            <gpxtpx:hr>156</gpxtpx:hr>
          </gpxtpx:TrackPointExtension>
        </extensions>
      </trkpt>
      <trkpt lat="28.237302830298095" lon="112.90316999035576">
        <ele>67.37159257475287</ele>
        <time>2026-08-17T22:22:57.200000Z</time>
        <extensions>
          <gpxtpx:TrackPointExtension>
            <gpxtpx:hr>156</gpxtpx:hr>
          </gpxtpx:TrackPointExtension>
        </extensions>
      </trkpt>
      <trkpt lat="28.237275954495328" lon="112.90317509897126">
        <ele>67.23636509571224</ele>
        <time>2026-08-17T22:22:58.200000Z</time>
        <extensions>
          <gpxtpx:TrackPointExtension>
            <gpxtpx:hr>156</gpxtpx:hr>
          </gpxtpx:TrackPointExtension>
        </extensions>
      </trkpt>
      <trkpt lat="28.2372497034189" lon="112.90318374147658">
        <ele>67.10439157113433</ele>
        <time>2026-08-17T22:22:59.200000Z</time>
        <extensions>
          <gpxtpx:TrackPointExtension>
            <gpxtpx:hr>156</gpxtpx:hr>
          </gpxtpx:TrackPointExtension>
        </extensions>
      </trkpt>
      <trkpt lat="28.237224611591223" lon="112.90319669800338">
        <ele>66.97574851009995</ele>
        <time>2026-08-17T22:23:00.200000Z</time>
        <extensions>
          <gpxtpx:TrackPointExtension>
            <gpxtpx:hr>156</gpxtpx:hr>
          </gpxtpx:TrackPointExtension>
        </extensions>
      </trkpt>
      <trkpt lat="28.237200474037817" lon="112.90321240636106">
        <ele>66.84940783120692</ele>
        <time>2026-08-17T22:23:01.200000Z</time>
        <extensions>
          <gpxtpx:TrackPointExtension>
            <gpxtpx:hr>159</gpxtpx:hr>
          </gpxtpx:TrackPointExtension>
        </extensions>
      </trkpt>
      <trkpt lat="28.237175931731358" lon="112.90322677629273">
        <ele>66.72467272542417</ele>
        <time>2026-08-17T22:23:02.200000Z</time>
        <extensions>
          <gpxtpx:TrackPointExtension>
            <gpxtpx:hr>159</gpxtpx:hr>
          </gpxtpx:TrackPointExtension>
        </extensions>
      </trkpt>
      <trkpt lat="28.23714994763982" lon="112.9032371398746">
        <ele>66.60049779713154</ele>
        <time>2026-08-17T22:23:03.200000Z</time>
        <extensions>
          <gpxtpx:TrackPointExtension>
            <gpxtpx:hr>159</gpxtpx:hr>
          </gpxtpx:TrackPointExtension>
        </extensions>
      </trkpt>
      <trkpt lat="28.237122512045904" lon="112.90324382686035">
        <ele>66.47653709724545</ele>
        <time>2026-08-17T22:23:04.200000Z</time>
        <extensions>
          <gpxtpx:TrackPointExtension>
            <gpxtpx:hr>159</gpxtpx:hr>
          </gpxtpx:TrackPointExtension>
        </extensions>
      </trkpt>
      <trkpt lat="28.237094124318542" lon="112.90324796957314">
        <ele>66.35221423953772</ele>
        <time>2026-08-17T22:23:05.200000Z</time>
        <extensions>
          <gpxtpx:TrackPointExtension>
            <gpxtpx:hr>159</gpxtpx:hr>
          </gpxtpx:TrackPointExtension>
        </extensions>
      </trkpt>
      <trkpt lat="28.237065306458362" lon="112.90325052779049">
        <ele>66.2272613523528</ele>
        <time>2026-08-17T22:23:06.200000Z</time>
        <extensions>
          <gpxtpx:TrackPointExtension>
            <gpxtpx:hr>159</gpxtpx:hr>
          </gpxtpx:TrackPointExtension>
        </extensions>
      </trkpt>
      <trkpt lat="28.23703638277332" lon="112.90325223147006">
        <ele>66.10255807451904</ele>
        <time>2026-08-17T22:23:07.200000Z</time>
        <extensions>
          <gpxtpx:TrackPointExtension>
            <gpxtpx:hr>160</gpxtpx:hr>
          </gpxtpx:TrackPointExtension>
        </extensions>
      </trkpt>
      <trkpt lat="28.237007621633623" lon="112.90325315046577">
        <ele>65.97720098122954</ele>
        <time>2026-08-17T22:23:08.200000Z</time>
        <extensions>
          <gpxtpx:TrackPointExtension>
            <gpxtpx:hr>160</gpxtpx:hr>
          </gpxtpx:TrackPointExtension>
        </extensions>
      </trkpt>
      <trkpt lat="28.23697900941083" lon="112.90325335210811">
        <ele>65.8512529861182</ele>
        <time>2026-08-17T22:23:09.200000Z</time>
        <extensions>
          <gpxtpx:TrackPointExtension>
            <gpxtpx:hr>160</gpxtpx:hr>
          </gpxtpx:TrackPointExtension>
        </extensions>
      </trkpt>
      <trkpt lat="28.23695038821007" lon="112.90325291925826">
        <ele>65.72516120970249</ele>
        <time>2026-08-17T22:23:10.200000Z</time>
        <extensions>
          <gpxtpx:TrackPointExtension>
            <gpxtpx:hr>160</gpxtpx:hr>
          </gpxtpx:TrackPointExtension>
        </extensions>
      </trkpt>
      <trkpt lat="28.236921585783467" lon="112.90325181656503">
        <ele>65.60014769993722</ele>
        <time>2026-08-17T22:23:11.200000Z</time>
        <extensions>
          <gpxtpx:TrackPointExtension>
            <gpxtpx:hr>160</gpxtpx:hr>
          </gpxtpx:TrackPointExtension>
        </extensions>
      </trkpt>
      <trkpt lat="28.236892484010504" lon="112.90325043189979">
        <ele>65.47525376453996</ele>
        <time>2026-08-17T22:23:12.200000Z</time>
        <extensions>
          <gpxtpx:TrackPointExtension>
            <gpxtpx:hr>160</gpxtpx:hr>
          </gpxtpx:TrackPointExtension>
        </extensions>
      </trkpt>
      <trkpt lat="28.23686327845153" lon="112.90324922864414">
        <ele>65.35178182646632</ele>
        <time>2026-08-17T22:23:13.200000Z</time>
        <extensions>
          <gpxtpx:TrackPointExtension>
            <gpxtpx:hr>161</gpxtpx:hr>
          </gpxtpx:TrackPointExtension>
        </extensions>
      </trkpt>
      <trkpt lat="28.236834214763157" lon="112.90324831340584">
        <ele>65.23004784807563</ele>
        <time>2026-08-17T22:23:14.200000Z</time>
        <extensions>
          <gpxtpx:TrackPointExtension>
            <gpxtpx:hr>161</gpxtpx:hr>
          </gpxtpx:TrackPointExtension>
        </extensions>
      </trkpt>
      <trkpt lat="28.236805292566547" lon="112.90324774402977">
        <ele>65.10918839368969</ele>
        <time>2026-08-17T22:23:15.200000Z</time>
        <extensions>
          <gpxtpx:TrackPointExtension>
            <gpxtpx:hr>161</gpxtpx:hr>
          </gpxtpx:TrackPointExtension>
        </extensions>
      </trkpt>
      <trkpt lat="28.23677633585863" lon="112.90324739537346">
        <ele>64.98990629520267</ele>
        <time>2026-08-17T22:23:16.200000Z</time>
        <extensions>
          <gpxtpx:TrackPointExtension>
            <gpxtpx:hr>161</gpxtpx:hr>
          </gpxtpx:TrackPointExtension>
        </extensions>
      </trkpt>
      <trkpt lat="28.236747334287497" lon="112.90324706024347">
        <ele>64.87172110471874</ele>
        <time>2026-08-17T22:23:17.200000Z</time>
        <extensions>
          <gpxtpx:TrackPointExtension>
            <gpxtpx:hr>162</gpxtpx:hr>
          </gpxtpx:TrackPointExtension>
        </extensions>
      </trkpt>
      <trkpt lat="28.236718444283387" lon="112.90324688109436">
        <ele>64.75589021015912</ele>
        <time>2026-08-17T22:23:18.200000Z</time>
        <extensions>
          <gpxtpx:TrackPointExtension>
            <gpxtpx:hr>162</gpxtpx:hr>
          </gpxtpx:TrackPointExtension>
        </extensions>
      </trkpt>
      <trkpt lat="28.23668983152643" lon="112.90324706871554">
        <ele>64.64224773459136</ele>
        <time>2026-08-17T22:23:19.200000Z</time>
        <extensions>
          <gpxtpx:TrackPointExtension>
            <gpxtpx:hr>162</gpxtpx:hr>
          </gpxtpx:TrackPointExtension>
        </extensions>
      </trkpt>
      <trkpt lat="28.236661416125415" lon="112.90324771968406">
        <ele>64.53053030185401</ele>
        <time>2026-08-17T22:23:20.200000Z</time>
        <extensions>
          <gpxtpx:TrackPointExtension>
            <gpxtpx:hr>162</gpxtpx:hr>
          </gpxtpx:TrackPointExtension>
        </extensions>
      </trkpt>
      <trkpt lat="28.236632873609622" lon="112.90324870669413">
        <ele>64.42251551151276</ele>
        <time>2026-08-17T22:23:21.200000Z</time>
        <extensions>
          <gpxtpx:TrackPointExtension>
            <gpxtpx:hr>162</gpxtpx:hr>
          </gpxtpx:TrackPointExtension>
        </extensions>
      </trkpt>
      <trkpt lat="28.23660402815534" lon="112.90324965615864">
        <ele>64.31892568804324</ele>
        <time>2026-08-17T22:23:22.200000Z</time>
        <extensions>
          <gpxtpx:TrackPointExtension>
            <gpxtpx:hr>162</gpxtpx:hr>
          </gpxtpx:TrackPointExtension>
        </extensions>
      </trkpt>
      <trkpt lat="28.236575071510373" lon="112.90325064684087">
        <ele>64.21953553520143</ele>
        <time>2026-08-17T22:23:23.200000Z</time>
        <extensions>
          <gpxtpx:TrackPointExtension>
            <gpxtpx:hr>165</gpxtpx:hr>
          </gpxtpx:TrackPointExtension>
        </extensions>
      </trkpt>
      <trkpt lat="28.236546049527572" lon="112.90325181692029">
        <ele>64.12584755104035</ele>
        <time>2026-08-17T22:23:24.200000Z</time>
        <extensions>
          <gpxtpx:TrackPointExtension>
            <gpxtpx:hr>165</gpxtpx:hr>
          </gpxtpx:TrackPointExtension>
        </extensions>
      </trkpt>
      <trkpt lat="28.23651676674745" lon="112.9032528488187">
        <ele>64.03672952018678</ele>
        <time>2026-08-17T22:23:25.200000Z</time>
        <extensions>
          <gpxtpx:TrackPointExtension>
            <gpxtpx:hr>165</gpxtpx:hr>
          </gpxtpx:TrackPointExtension>
        </extensions>
      </trkpt>
      <trkpt lat="28.236487235289765" lon="112.90325362119812">
        <ele>63.95342258922756</ele>
        <time>2026-08-17T22:23:26.200000Z</time>
        <extensions>
          <gpxtpx:TrackPointExtension>
            <gpxtpx:hr>165</gpxtpx:hr>
          </gpxtpx:TrackPointExtension>
        </extensions>
      </trkpt>
      <trkpt lat="28.236457680040452" lon="112.90325401673417">
        <ele>63.874398726038635</ele>
        <time>2026-08-17T22:23:27.200000Z</time>
        <extensions>
          <gpxtpx:TrackPointExtension>
            <gpxtpx:hr>165</gpxtpx:hr>
          </gpxtpx:TrackPointExtension>
        </extensions>
      </trkpt>
      <trkpt lat="28.236428395325806" lon="112.90325380466378">
        <ele>63.8008002769202</ele>
        <time>2026-08-17T22:23:28.200000Z</time>
        <extensions>
          <gpxtpx:TrackPointExtension>
            <gpxtpx:hr>165</gpxtpx:hr>
          </gpxtpx:TrackPointExtension>
        </extensions>
      </trkpt>
      <trkpt lat="28.236399451402285" lon="112.90325291545017">
        <ele>63.732270477339625</ele>
        <time>2026-08-17T22:23:29.200000Z</time>
        <extensions>
          <gpxtpx:TrackPointExtension>
            <gpxtpx:hr>165</gpxtpx:hr>
          </gpxtpx:TrackPointExtension>
        </extensions>
      </trkpt>
      <trkpt lat="28.236370823592498" lon="112.90325142016141">
        <ele>63.66934575792402</ele>
        <time>2026-08-17T22:23:30.200000Z</time>
        <extensions>
          <gpxtpx:TrackPointExtension>
            <gpxtpx:hr>165</gpxtpx:hr>
          </gpxtpx:TrackPointExtension>
        </extensions>
      </trkpt>
      <trkpt lat="28.236342624986822" lon="112.90324927391636">
        <ele>63.60956175159663</ele>
        <time>2026-08-17T22:23:31.200000Z</time>
        <extensions>
          <gpxtpx:TrackPointExtension>
            <gpxtpx:hr>167</gpxtpx:hr>
          </gpxtpx:TrackPointExtension>
        </extensions>
      </trkpt>
      <trkpt lat="28.236315028848544" lon="112.9032466204365">
        <ele>63.552959464490414</ele>
        <time>2026-08-17T22:23:32.200000Z</time>
        <extensions>
          <gpxtpx:TrackPointExtension>
            <gpxtpx:hr>167</gpxtpx:hr>
          </gpxtpx:TrackPointExtension>
        </extensions>
      </trkpt>
      <trkpt lat="28.23628816266207" lon="112.90324361754956">
        <ele>63.49900844693184</ele>
        <time>2026-08-17T22:23:33.200000Z</time>
        <extensions>
          <gpxtpx:TrackPointExtension>
            <gpxtpx:hr>167</gpxtpx:hr>
          </gpxtpx:TrackPointExtension>
        </extensions>
      </trkpt>
      <trkpt lat="28.23626183833008" lon="112.90324030155965">
        <ele>63.44469262473285</ele>
        <time>2026-08-17T22:23:34.200000Z</time>
        <extensions>
          <gpxtpx:TrackPointExtension>
            <gpxtpx:hr>167</gpxtpx:hr>
          </gpxtpx:TrackPointExtension>
        </extensions>
      </trkpt>
      <trkpt lat="28.236235666762475" lon="112.90323693486384">
        <ele>63.38993739336729</ele>
        <time>2026-08-17T22:23:35.200000Z</time>
        <extensions>
          <gpxtpx:TrackPointExtension>
            <gpxtpx:hr>168</gpxtpx:hr>
          </gpxtpx:TrackPointExtension>
        </extensions>
      </trkpt>
      <trkpt lat="28.236209469991003" lon="112.90323351375302">
        <ele>63.333102740347385</ele>
        <time>2026-08-17T22:23:36.200000Z</time>
        <extensions>
          <gpxtpx:TrackPointExtension>
            <gpxtpx:hr>168</gpxtpx:hr>
          </gpxtpx:TrackPointExtension>
        </extensions>
      </trkpt>
      <trkpt lat="28.236183363006287" lon="112.90322951672215">
        <ele>63.27397883217782</ele>
        <time>2026-08-17T22:23:37.200000Z</time>
        <extensions>
          <gpxtpx:TrackPointExtension>
            <gpxtpx:hr>168</gpxtpx:hr>
          </gpxtpx:TrackPointExtension>
        </extensions>
      </trkpt>
      <trkpt lat="28.23615770474286" lon="112.90322394143497">
        <ele>63.211711674928665</ele>
        <time>2026-08-17T22:23:38.200000Z</time>
        <extensions>
          <gpxtpx:TrackPointExtension>
            <gpxtpx:hr>168</gpxtpx:hr>
          </gpxtpx:TrackPointExtension>
        </extensions>
      </trkpt>
      <trkpt lat="28.236133276922814" lon="112.90321598761571">
        <ele>63.14737501554191</ele>
        <time>2026-08-17T22:23:39.200000Z</time>
        <extensions>
          <gpxtpx:TrackPointExtension>
            <gpxtpx:hr>168</gpxtpx:hr>
          </gpxtpx:TrackPointExtension>
        </extensions>
      </trkpt>
      <trkpt lat="28.236108948328578" lon="112.90320911332859">
        <ele>63.08025986608118</ele>
        <time>2026-08-17T22:23:40.200000Z</time>
        <extensions>
          <gpxtpx:TrackPointExtension>
            <gpxtpx:hr>169</gpxtpx:hr>
          </gpxtpx:TrackPointExtension>
        </extensions>
      </trkpt>
      <trkpt lat="28.236083452220242" lon="112.90320602451075">
        <ele>63.01003103144467</ele>
        <time>2026-08-17T22:23:41.200000Z</time>
        <extensions>
          <gpxtpx:TrackPointExtension>
            <gpxtpx:hr>169</gpxtpx:hr>
          </gpxtpx:TrackPointExtension>
        </extensions>
      </trkpt>
      <trkpt lat="28.2360573039358" lon="112.90320544219881">
        <ele>62.937563702464104</ele>
        <time>2026-08-17T22:23:42.200000Z</time>
        <extensions>
          <gpxtpx:TrackPointExtension>
            <gpxtpx:hr>169</gpxtpx:hr>
          </gpxtpx:TrackPointExtension>
        </extensions>
      </trkpt>
      <trkpt lat="28.23603073260012" lon="112.90320663734938">
        <ele>62.86270899884403</ele>
        <time>2026-08-17T22:23:43.200000Z</time>
        <extensions>
          <gpxtpx:TrackPointExtension>
            <gpxtpx:hr>169</gpxtpx:hr>
          </gpxtpx:TrackPointExtension>
        </extensions>
      </trkpt>
      <trkpt lat="28.236003888616125" lon="112.90320889419766">
        <ele>62.78626608848572</ele>
        <time>2026-08-17T22:23:44.200000Z</time>
        <extensions>
          <gpxtpx:TrackPointExtension>
            <gpxtpx:hr>169</gpxtpx:hr>
          </gpxtpx:TrackPointExtension>
        </extensions>
      </trkpt>
      <trkpt lat="28.23597677518989" lon="112.90321183458181">
        <ele>62.70791228301823</ele>
        <time>2026-08-17T22:23:45.100000Z</time>
        <extensions>
          <gpxtpx:TrackPointExtension>
            <gpxtpx:hr>170</gpxtpx:hr>
          </gpxtpx:TrackPointExtension>
        </extensions>
      </trkpt>
      <trkpt lat="28.235949198069335" lon="112.90321520131636">
        <ele>62.62866317667067</ele>
        <time>2026-08-17T22:23:46.100000Z</time>
        <extensions>
          <gpxtpx:TrackPointExtension>
            <gpxtpx:hr>170</gpxtpx:hr>
          </gpxtpx:TrackPointExtension>
        </extensions>
      </trkpt>
      <trkpt lat="28.235921046614568" lon="112.9032188023554">
        <ele>62.54858752526343</ele>
        <time>2026-08-17T22:23:47.100000Z</time>
        <extensions>
          <gpxtpx:TrackPointExtension>
            <gpxtpx:hr>170</gpxtpx:hr>
          </gpxtpx:TrackPointExtension>
        </extensions>
      </trkpt>
      <trkpt lat="28.235892747138035" lon="112.90322250477456">
        <ele>62.46799014881253</ele>
        <time>2026-08-17T22:23:48.100000Z</time>
        <extensions>
          <gpxtpx:TrackPointExtension>
            <gpxtpx:hr>170</gpxtpx:hr>
          </gpxtpx:TrackPointExtension>
        </extensions>
      </trkpt>
      <trkpt lat="28.235864713701144" lon="112.90322621636913">
        <ele>62.38697753753513</ele>
        <time>2026-08-17T22:23:49.100000Z</time>
        <extensions>
          <gpxtpx:TrackPointExtension>
            <gpxtpx:hr>170</gpxtpx:hr>
          </gpxtpx:TrackPointExtension>
        </extensions>
      </trkpt>
      <trkpt lat="28.235836957191907" lon="112.90322972765951">
        <ele>62.3050024304539</ele>
        <time>2026-08-17T22:23:50.100000Z</time>
        <extensions>
          <gpxtpx:TrackPointExtension>
            <gpxtpx:hr>170</gpxtpx:hr>
          </gpxtpx:TrackPointExtension>
        </extensions>
      </trkpt>
      <trkpt lat="28.23580939974771" lon="112.90323306335121">
        <ele>62.22357056289911</ele>
        <time>2026-08-17T22:23:51.100000Z</time>
        <extensions>
          <gpxtpx:TrackPointExtension>
            <gpxtpx:hr>170</gpxtpx:hr>
          </gpxtpx:TrackPointExtension>
        </extensions>
      </trkpt>
      <trkpt lat="28.235782192673422" lon="112.90323610153564">
        <ele>62.142388047650456</ele>
        <time>2026-08-17T22:23:52.100000Z</time>
        <extensions>
          <gpxtpx:TrackPointExtension>
            <gpxtpx:hr>170</gpxtpx:hr>
          </gpxtpx:TrackPointExtension>
        </extensions>
      </trkpt>
      <trkpt lat="28.235755553750923" lon="112.90323846650644">
        <ele>62.061597999185324</ele>
        <time>2026-08-17T22:23:53.100000Z</time>
        <extensions>
          <gpxtpx:TrackPointExtension>
            <gpxtpx:hr>170</gpxtpx:hr>
          </gpxtpx:TrackPointExtension>
        </extensions>
      </trkpt>
      <trkpt lat="28.235729253220974" lon="112.90324033979212">
        <ele>61.98260725662112</ele>
        <time>2026-08-17T22:23:54.100000Z</time>
        <extensions>
          <gpxtpx:TrackPointExtension>
            <gpxtpx:hr>170</gpxtpx:hr>
          </gpxtpx:TrackPointExtension>
        </extensions>
      </trkpt>
      <trkpt lat="28.235702800012444" lon="112.90324183314183">
        <ele>61.90587014053017</ele>
        <time>2026-08-17T22:23:55.100000Z</time>
        <extensions>
          <gpxtpx:TrackPointExtension>
            <gpxtpx:hr>170</gpxtpx:hr>
          </gpxtpx:TrackPointExtension>
        </extensions>
      </trkpt>
      <trkpt lat="28.235676114643454" lon="112.9032430348075">
        <ele>61.83160222042352</ele>
        <time>2026-08-17T22:23:56.100000Z</time>
        <extensions>
          <gpxtpx:TrackPointExtension>
            <gpxtpx:hr>169</gpxtpx:hr>
          </gpxtpx:TrackPointExtension>
        </extensions>
      </trkpt>
      <trkpt lat="28.235649447248736" lon="112.90324416915881">
        <ele>61.76138674095273</ele>
        <time>2026-08-17T22:23:57.100000Z</time>
        <extensions>
          <gpxtpx:TrackPointExtension>
            <gpxtpx:hr>169</gpxtpx:hr>
          </gpxtpx:TrackPointExtension>
        </extensions>
      </trkpt>
      <trkpt lat="28.235622792856827" lon="112.90324529799969">
        <ele>61.694706111215055</ele>
        <time>2026-08-17T22:23:58.100000Z</time>
        <extensions>
          <gpxtpx:TrackPointExtension>
            <gpxtpx:hr>169</gpxtpx:hr>
          </gpxtpx:TrackPointExtension>
        </extensions>
      </trkpt>
      <trkpt lat="28.23559599901697" lon="112.90324596013419">
        <ele>61.63147048652172</ele>
        <time>2026-08-17T22:23:59.100000Z</time>
        <extensions>
          <gpxtpx:TrackPointExtension>
            <gpxtpx:hr>169</gpxtpx:hr>
          </gpxtpx:TrackPointExtension>
        </extensions>
      </trkpt>
      <trkpt lat="28.235569021720135" lon="112.90324600210928">
        <ele>61.57139054033905</ele>
        <time>2026-08-17T22:24:00.100000Z</time>
        <extensions>
          <gpxtpx:TrackPointExtension>
            <gpxtpx:hr>169</gpxtpx:hr>
          </gpxtpx:TrackPointExtension>
        </extensions>
      </trkpt>
      <trkpt lat="28.235541688236786" lon="112.90324608356943">
        <ele>61.514525660313666</ele>
        <time>2026-08-17T22:24:01.100000Z</time>
        <extensions>
          <gpxtpx:TrackPointExtension>
            <gpxtpx:hr>169</gpxtpx:hr>
          </gpxtpx:TrackPointExtension>
        </extensions>
      </trkpt>
      <trkpt lat="28.23551424077321" lon="112.90324655767503">
        <ele>61.459840760566294</ele>
        <time>2026-08-17T22:24:02.100000Z</time>
        <extensions>
          <gpxtpx:TrackPointExtension>
            <gpxtpx:hr>174</gpxtpx:hr>
          </gpxtpx:TrackPointExtension>
        </extensions>
      </trkpt>
      <trkpt lat="28.235487152671894" lon="112.90324736986798">
        <ele>61.406898034736514</ele>
        <time>2026-08-17T22:24:03.100000Z</time>
        <extensions>
          <gpxtpx:TrackPointExtension>
            <gpxtpx:hr>174</gpxtpx:hr>
          </gpxtpx:TrackPointExtension>
        </extensions>
      </trkpt>
      <trkpt lat="28.235460322055758" lon="112.90324926454669">
        <ele>61.35497584193945</ele>
        <time>2026-08-17T22:24:04.100000Z</time>
        <extensions>
          <gpxtpx:TrackPointExtension>
            <gpxtpx:hr>174</gpxtpx:hr>
          </gpxtpx:TrackPointExtension>
        </extensions>
      </trkpt>
      <trkpt lat="28.235433095058305" lon="112.90325316695164">
        <ele>61.30377195030451</ele>
        <time>2026-08-17T22:24:05.100000Z</time>
        <extensions>
          <gpxtpx:TrackPointExtension>
            <gpxtpx:hr>174</gpxtpx:hr>
          </gpxtpx:TrackPointExtension>
        </extensions>
      </trkpt>
      <trkpt lat="28.23540500857276" lon="112.90325896715552">
        <ele>61.25227212626487</ele>
        <time>2026-08-17T22:24:06.100000Z</time>
        <extensions>
          <gpxtpx:TrackPointExtension>
            <gpxtpx:hr>174</gpxtpx:hr>
          </gpxtpx:TrackPointExtension>
        </extensions>
      </trkpt>
      <trkpt lat="28.235376289340604" lon="112.90326587472366">
        <ele>61.19934861082584</ele>
        <time>2026-08-17T22:24:07.100000Z</time>
        <extensions>
          <gpxtpx:TrackPointExtension>
            <gpxtpx:hr>174</gpxtpx:hr>
          </gpxtpx:TrackPointExtension>
        </extensions>
      </trkpt>
      <trkpt lat="28.235347134907197" lon="112.90327306801807">
        <ele>61.144370816648006</ele>
        <time>2026-08-17T22:24:08.100000Z</time>
        <extensions>
          <gpxtpx:TrackPointExtension>
            <gpxtpx:hr>170</gpxtpx:hr>
          </gpxtpx:TrackPointExtension>
        </extensions>
      </trkpt>
      <trkpt lat="28.235317853626633" lon="112.90327998915393">
        <ele>61.08678297046572</ele>
        <time>2026-08-17T22:24:09.100000Z</time>
        <extensions>
          <gpxtpx:TrackPointExtension>
            <gpxtpx:hr>170</gpxtpx:hr>
          </gpxtpx:TrackPointExtension>
        </extensions>
      </trkpt>
      <trkpt lat="28.235288983554444" lon="112.90328642411316">
        <ele>61.026385257951915</ele>
        <time>2026-08-17T22:24:10.100000Z</time>
        <extensions>
          <gpxtpx:TrackPointExtension>
            <gpxtpx:hr>170</gpxtpx:hr>
          </gpxtpx:TrackPointExtension>
        </extensions>
      </trkpt>
      <trkpt lat="28.235260704759003" lon="112.90329243464548">
        <ele>60.963123144581914</ele>
        <time>2026-08-17T22:24:11.100000Z</time>
        <extensions>
          <gpxtpx:TrackPointExtension>
            <gpxtpx:hr>170</gpxtpx:hr>
          </gpxtpx:TrackPointExtension>
        </extensions>
      </trkpt>
      <trkpt lat="28.2352329443268" lon="112.90329812423006">
        <ele>60.89655181393027</ele>
        <time>2026-08-17T22:24:12.100000Z</time>
        <extensions>
          <gpxtpx:TrackPointExtension>
            <gpxtpx:hr>170</gpxtpx:hr>
          </gpxtpx:TrackPointExtension>
        </extensions>
      </trkpt>
      <trkpt lat="28.235205699795692" lon="112.9033035172065">
        <ele>60.826236550696194</ele>
        <time>2026-08-17T22:24:13.100000Z</time>
        <extensions>
          <gpxtpx:TrackPointExtension>
            <gpxtpx:hr>170</gpxtpx:hr>
          </gpxtpx:TrackPointExtension>
        </extensions>
      </trkpt>
      <trkpt lat="28.235178628514632" lon="112.90330853410926">
        <ele>60.75235962960869</ele>
        <time>2026-08-17T22:24:14.100000Z</time>
        <extensions>
          <gpxtpx:TrackPointExtension>
            <gpxtpx:hr>172</gpxtpx:hr>
          </gpxtpx:TrackPointExtension>
        </extensions>
      </trkpt>
      <trkpt lat="28.235151407333518" lon="112.9033132166487">
        <ele>60.6742052687332</ele>
        <time>2026-08-17T22:24:15.100000Z</time>
        <extensions>
          <gpxtpx:TrackPointExtension>
            <gpxtpx:hr>172</gpxtpx:hr>
          </gpxtpx:TrackPointExtension>
        </extensions>
      </trkpt>
      <trkpt lat="28.23512402532084" lon="112.90331761004076">
        <ele>60.590978533029556</ele>
        <time>2026-08-17T22:24:16.100000Z</time>
        <extensions>
          <gpxtpx:TrackPointExtension>
            <gpxtpx:hr>172</gpxtpx:hr>
          </gpxtpx:TrackPointExtension>
        </extensions>
      </trkpt>
      <trkpt lat="28.23509652137116" lon="112.90332214970717">
        <ele>60.50433783698827</ele>
        <time>2026-08-17T22:24:17.100000Z</time>
        <extensions>
          <gpxtpx:TrackPointExtension>
            <gpxtpx:hr>172</gpxtpx:hr>
          </gpxtpx:TrackPointExtension>
        </extensions>
      </trkpt>
      <trkpt lat="28.235068753994053" lon="112.90332718711207">
        <ele>60.41300047561526</ele>
        <time>2026-08-17T22:24:18.100000Z</time>
        <extensions>
          <gpxtpx:TrackPointExtension>
            <gpxtpx:hr>173</gpxtpx:hr>
          </gpxtpx:TrackPointExtension>
        </extensions>
      </trkpt>
      <trkpt lat="28.23504044336327" lon="112.90333251839984">
        <ele>60.31820390559733</ele>
        <time>2026-08-17T22:24:19.100000Z</time>
        <extensions>
          <gpxtpx:TrackPointExtension>
            <gpxtpx:hr>173</gpxtpx:hr>
          </gpxtpx:TrackPointExtension>
        </extensions>
      </trkpt>
      <trkpt lat="28.235011448694777" lon="112.90333777589704">
        <ele>60.21942108590156</ele>
        <time>2026-08-17T22:24:20.100000Z</time>
        <extensions>
          <gpxtpx:TrackPointExtension>
            <gpxtpx:hr>173</gpxtpx:hr>
          </gpxtpx:TrackPointExtension>
        </extensions>
      </trkpt>
      <trkpt lat="28.23498180981657" lon="112.90334276093309">
        <ele>60.11625481862575</ele>
        <time>2026-08-17T22:24:21.100000Z</time>
        <extensions>
          <gpxtpx:TrackPointExtension>
            <gpxtpx:hr>173</gpxtpx:hr>
          </gpxtpx:TrackPointExtension>
        </extensions>
      </trkpt>
      <trkpt lat="28.234952034354055" lon="112.90334750464204">
        <ele>60.009471675381064</ele>
        <time>2026-08-17T22:24:22.100000Z</time>
        <extensions>
          <gpxtpx:TrackPointExtension>
            <gpxtpx:hr>173</gpxtpx:hr>
          </gpxtpx:TrackPointExtension>
        </extensions>
      </trkpt>
      <trkpt lat="28.234922862886688" lon="112.90335188954366">
        <ele>59.89876029919833</ele>
        <time>2026-08-17T22:24:23.100000Z</time>
        <extensions>
          <gpxtpx:TrackPointExtension>
            <gpxtpx:hr>173</gpxtpx:hr>
          </gpxtpx:TrackPointExtension>
        </extensions>
      </trkpt>
      <trkpt lat="28.234894579736032" lon="112.90335588156994">
        <ele>59.784042871557176</ele>
        <time>2026-08-17T22:24:24.100000Z</time>
        <extensions>
          <gpxtpx:TrackPointExtension>
            <gpxtpx:hr>173</gpxtpx:hr>
          </gpxtpx:TrackPointExtension>
        </extensions>
      </trkpt>
      <trkpt lat="28.234867233526927" lon="112.90335994485149">
        <ele>59.66530554741621</ele>
        <time>2026-08-17T22:24:25.100000Z</time>
        <extensions>
          <gpxtpx:TrackPointExtension>
            <gpxtpx:hr>173</gpxtpx:hr>
          </gpxtpx:TrackPointExtension>
        </extensions>
      </trkpt>
      <trkpt lat="28.234840578325745" lon="112.9033644197095">
        <ele>59.543134103529155</ele>
        <time>2026-08-17T22:24:26.100000Z</time>
        <extensions>
          <gpxtpx:TrackPointExtension>
            <gpxtpx:hr>173</gpxtpx:hr>
          </gpxtpx:TrackPointExtension>
        </extensions>
      </trkpt>
      <trkpt lat="28.234814170363556" lon="112.90336945071981">
        <ele>59.419077979400754</ele>
        <time>2026-08-17T22:24:27.100000Z</time>
        <extensions>
          <gpxtpx:TrackPointExtension>
            <gpxtpx:hr>173</gpxtpx:hr>
          </gpxtpx:TrackPointExtension>
        </extensions>
      </trkpt>
      <trkpt lat="28.2347875624484" lon="112.90337476398473">
        <ele>59.294383984059095</ele>
        <time>2026-08-17T22:24:28.100000Z</time>
        <extensions>
          <gpxtpx:TrackPointExtension>
            <gpxtpx:hr>173</gpxtpx:hr>
          </gpxtpx:TrackPointExtension>
        </extensions>
      </trkpt>
      <trkpt lat="28.23476058075733" lon="112.90338000191093">
        <ele>59.170103123411536</ele>
        <time>2026-08-17T22:24:29.100000Z</time>
        <extensions>
          <gpxtpx:TrackPointExtension>
            <gpxtpx:hr>173</gpxtpx:hr>
          </gpxtpx:TrackPointExtension>
        </extensions>
      </trkpt>
      <trkpt lat="28.234733461476058" lon="112.90338529595655">
        <ele>59.04698083177209</ele>
        <time>2026-08-17T22:24:30.100000Z</time>
        <extensions>
          <gpxtpx:TrackPointExtension>
            <gpxtpx:hr>173</gpxtpx:hr>
          </gpxtpx:TrackPointExtension>
        </extensions>
      </trkpt>
      <trkpt lat="28.234706523657874" lon="112.90339061860392">
        <ele>58.925730146467686</ele>
        <time>2026-08-17T22:24:31.100000Z</time>
        <extensions>
          <gpxtpx:TrackPointExtension>
            <gpxtpx:hr>173</gpxtpx:hr>
          </gpxtpx:TrackPointExtension>
        </extensions>
      </trkpt>
      <trkpt lat="28.23468006166706" lon="112.90339576581857">
        <ele>58.80691312998533</ele>
        <time>2026-08-17T22:24:32.100000Z</time>
        <extensions>
          <gpxtpx:TrackPointExtension>
            <gpxtpx:hr>173</gpxtpx:hr>
          </gpxtpx:TrackPointExtension>
        </extensions>
      </trkpt>
      <trkpt lat="28.23465448896032" lon="112.90340114755143">
        <ele>58.691072445362806</ele>
        <time>2026-08-17T22:24:33.100000Z</time>
        <extensions>
          <gpxtpx:TrackPointExtension>
            <gpxtpx:hr>173</gpxtpx:hr>
          </gpxtpx:TrackPointExtension>
        </extensions>
      </trkpt>
      <trkpt lat="28.234629955446675" lon="112.90340732580574">
        <ele>58.5790328104049</ele>
        <time>2026-08-17T22:24:34.100000Z</time>
        <extensions>
          <gpxtpx:TrackPointExtension>
            <gpxtpx:hr>175</gpxtpx:hr>
          </gpxtpx:TrackPointExtension>
        </extensions>
      </trkpt>
      <trkpt lat="28.23460621562286" lon="112.90341433974851">
        <ele>58.47147439047694</ele>
        <time>2026-08-17T22:24:35.100000Z</time>
        <extensions>
          <gpxtpx:TrackPointExtension>
            <gpxtpx:hr>175</gpxtpx:hr>
          </gpxtpx:TrackPointExtension>
        </extensions>
      </trkpt>
      <trkpt lat="28.2345829477838" lon="112.90342236417578">
        <ele>58.36911315098405</ele>
        <time>2026-08-17T22:24:36.100000Z</time>
        <extensions>
          <gpxtpx:TrackPointExtension>
            <gpxtpx:hr>175</gpxtpx:hr>
          </gpxtpx:TrackPointExtension>
        </extensions>
      </trkpt>
      <trkpt lat="28.234559951243803" lon="112.90343191272216">
        <ele>58.271919967606664</ele>
        <time>2026-08-17T22:24:37.100000Z</time>
        <extensions>
          <gpxtpx:TrackPointExtension>
            <gpxtpx:hr>175</gpxtpx:hr>
          </gpxtpx:TrackPointExtension>
        </extensions>
      </trkpt>
      <trkpt lat="28.23453730495002" lon="112.9034433978056">
        <ele>58.17917206604034</ele>
        <time>2026-08-17T22:24:38.100000Z</time>
        <extensions>
          <gpxtpx:TrackPointExtension>
            <gpxtpx:hr>175</gpxtpx:hr>
          </gpxtpx:TrackPointExtension>
        </extensions>
      </trkpt>
      <trkpt lat="28.234515427423375" lon="112.90345703441088">
        <ele>58.090474045835435</ele>
        <time>2026-08-17T22:24:39Z</time>
        <extensions>
          <gpxtpx:TrackPointExtension>
            <gpxtpx:hr>175</gpxtpx:hr>
          </gpxtpx:TrackPointExtension>
        </extensions>
      </trkpt>
      <trkpt lat="28.234494425732304" lon="112.90347230571955">
        <ele>58.00573744159192</ele>
        <time>2026-08-17T22:24:40Z</time>
        <extensions>
          <gpxtpx:TrackPointExtension>
            <gpxtpx:hr>175</gpxtpx:hr>
          </gpxtpx:TrackPointExtension>
        </extensions>
      </trkpt>
      <trkpt lat="28.234474217131503" lon="112.90348842485916">
        <ele>57.92435641027987</ele>
        <time>2026-08-17T22:24:41Z</time>
        <extensions>
          <gpxtpx:TrackPointExtension>
            <gpxtpx:hr>175</gpxtpx:hr>
          </gpxtpx:TrackPointExtension>
        </extensions>
      </trkpt>
      <trkpt lat="28.2344547918264" lon="112.9035048085442">
        <ele>57.84581433609128</ele>
        <time>2026-08-17T22:24:42Z</time>
        <extensions>
          <gpxtpx:TrackPointExtension>
            <gpxtpx:hr>173</gpxtpx:hr>
          </gpxtpx:TrackPointExtension>
        </extensions>
      </trkpt>
      <trkpt lat="28.234435970459668" lon="112.90352042547302">
        <ele>57.77037360332906</ele>
        <time>2026-08-17T22:24:43Z</time>
        <extensions>
          <gpxtpx:TrackPointExtension>
            <gpxtpx:hr>173</gpxtpx:hr>
          </gpxtpx:TrackPointExtension>
        </extensions>
      </trkpt>
      <trkpt lat="28.234417865726133" lon="112.90353422225921">
        <ele>57.69788671564311</ele>
        <time>2026-08-17T22:24:44Z</time>
        <extensions>
          <gpxtpx:TrackPointExtension>
            <gpxtpx:hr>173</gpxtpx:hr>
          </gpxtpx:TrackPointExtension>
        </extensions>
      </trkpt>
      <trkpt lat="28.234400585306744" lon="112.90354567149511">
        <ele>57.628537002019584</ele>
        <time>2026-08-17T22:24:45Z</time>
        <extensions>
          <gpxtpx:TrackPointExtension>
            <gpxtpx:hr>173</gpxtpx:hr>
          </gpxtpx:TrackPointExtension>
        </extensions>
      </trkpt>
      <trkpt lat="28.23438383055224" lon="112.90355484616862">
        <ele>57.56172931287438</ele>
        <time>2026-08-17T22:24:46Z</time>
        <extensions>
          <gpxtpx:TrackPointExtension>
            <gpxtpx:hr>173</gpxtpx:hr>
          </gpxtpx:TrackPointExtension>
        </extensions>
      </trkpt>
      <trkpt lat="28.234367324760303" lon="112.90356231899987">
        <ele>57.49746886268258</ele>
        <time>2026-08-17T22:24:47Z</time>
        <extensions>
          <gpxtpx:TrackPointExtension>
            <gpxtpx:hr>173</gpxtpx:hr>
          </gpxtpx:TrackPointExtension>
        </extensions>
      </trkpt>
      <trkpt lat="28.234350920312366" lon="112.90356850386608">
        <ele>57.43497948721051</ele>
        <time>2026-08-17T22:24:48Z</time>
        <extensions>
          <gpxtpx:TrackPointExtension>
            <gpxtpx:hr>173</gpxtpx:hr>
          </gpxtpx:TrackPointExtension>
        </extensions>
      </trkpt>
      <trkpt lat="28.234334476793254" lon="112.90357305274432">
        <ele>57.3737742388621</ele>
        <time>2026-08-17T22:24:49Z</time>
        <extensions>
          <gpxtpx:TrackPointExtension>
            <gpxtpx:hr>173</gpxtpx:hr>
          </gpxtpx:TrackPointExtension>
        </extensions>
      </trkpt>
      <trkpt lat="28.23431808770041" lon="112.90357562227902">
        <ele>57.313240591436625</ele>
        <time>2026-08-17T22:24:50Z</time>
        <extensions>
          <gpxtpx:TrackPointExtension>
            <gpxtpx:hr>173</gpxtpx:hr>
          </gpxtpx:TrackPointExtension>
        </extensions>
      </trkpt>
      <trkpt lat="28.23430209108212" lon="112.90357640769263">
        <ele>57.25255536381155</ele>
        <time>2026-08-17T22:24:51Z</time>
        <extensions>
          <gpxtpx:TrackPointExtension>
            <gpxtpx:hr>173</gpxtpx:hr>
          </gpxtpx:TrackPointExtension>
        </extensions>
      </trkpt>
      <trkpt lat="28.234286758068947" lon="112.90357550940206">
        <ele>57.18992089666426</ele>
        <time>2026-08-17T22:24:52Z</time>
        <extensions>
          <gpxtpx:TrackPointExtension>
            <gpxtpx:hr>173</gpxtpx:hr>
          </gpxtpx:TrackPointExtension>
        </extensions>
      </trkpt>
      <trkpt lat="28.23427208218785" lon="112.90357324447285">
        <ele>57.12501316238195</ele>
        <time>2026-08-17T22:24:53Z</time>
        <extensions>
          <gpxtpx:TrackPointExtension>
            <gpxtpx:hr>171</gpxtpx:hr>
          </gpxtpx:TrackPointExtension>
        </extensions>
      </trkpt>
      <trkpt lat="28.234257926309713" lon="112.90357048198395">
        <ele>57.056011628359556</ele>
        <time>2026-08-17T22:24:54Z</time>
        <extensions>
          <gpxtpx:TrackPointExtension>
            <gpxtpx:hr>171</gpxtpx:hr>
          </gpxtpx:TrackPointExtension>
        </extensions>
      </trkpt>
      <trkpt lat="28.2342443370775" lon="112.9035685217328">
        <ele>56.98123905155808</ele>
        <time>2026-08-17T22:24:55Z</time>
        <extensions>
          <gpxtpx:TrackPointExtension>
            <gpxtpx:hr>171</gpxtpx:hr>
          </gpxtpx:TrackPointExtension>
        </extensions>
      </trkpt>
      <trkpt lat="28.234231244904503" lon="112.90356751327352">
        <ele>56.90075011830777</ele>
        <time>2026-08-17T22:24:56Z</time>
        <extensions>
          <gpxtpx:TrackPointExtension>
            <gpxtpx:hr>171</gpxtpx:hr>
          </gpxtpx:TrackPointExtension>
        </extensions>
      </trkpt>
      <trkpt lat="28.23421854265029" lon="112.90356680183392">
        <ele>56.814783967100084</ele>
        <time>2026-08-17T22:24:57Z</time>
        <extensions>
          <gpxtpx:TrackPointExtension>
            <gpxtpx:hr>171</gpxtpx:hr>
          </gpxtpx:TrackPointExtension>
        </extensions>
      </trkpt>
      <trkpt lat="28.234206208444537" lon="112.90356628986022">
        <ele>56.724536679685116</ele>
        <time>2026-08-17T22:24:58Z</time>
        <extensions>
          <gpxtpx:TrackPointExtension>
            <gpxtpx:hr>171</gpxtpx:hr>
          </gpxtpx:TrackPointExtension>
        </extensions>
      </trkpt>
      <trkpt lat="28.23419422977343" lon="112.90356585937091">
        <ele>56.631414075382054</ele>
        <time>2026-08-17T22:24:59Z</time>
        <extensions>
          <gpxtpx:TrackPointExtension>
            <gpxtpx:hr>167</gpxtpx:hr>
          </gpxtpx:TrackPointExtension>
        </extensions>
      </trkpt>
      <trkpt lat="28.23418244063738" lon="112.90356548439358">
        <ele>56.53809873852879</ele>
        <time>2026-08-17T22:25:00Z</time>
        <extensions>
          <gpxtpx:TrackPointExtension>
            <gpxtpx:hr>167</gpxtpx:hr>
          </gpxtpx:TrackPointExtension>
        </extensions>
      </trkpt>
      <trkpt lat="28.234170659196913" lon="112.90356514595999">
        <ele>56.446047774516046</ele>
        <time>2026-08-17T22:25:01Z</time>
        <extensions>
          <gpxtpx:TrackPointExtension>
            <gpxtpx:hr>167</gpxtpx:hr>
          </gpxtpx:TrackPointExtension>
        </extensions>
      </trkpt>
      <trkpt lat="28.23415905834884" lon="112.90356482389969">
        <ele>56.3570892829448</ele>
        <time>2026-08-17T22:25:02Z</time>
        <extensions>
          <gpxtpx:TrackPointExtension>
            <gpxtpx:hr>166</gpxtpx:hr>
          </gpxtpx:TrackPointExtension>
        </extensions>
      </trkpt>
      <trkpt lat="28.23414825054711" lon="112.90356452502579">
        <ele>56.27324319072068</ele>
        <time>2026-08-17T22:25:03Z</time>
        <extensions>
          <gpxtpx:TrackPointExtension>
            <gpxtpx:hr>166</gpxtpx:hr>
          </gpxtpx:TrackPointExtension>
        </extensions>
      </trkpt>
      <trkpt lat="28.234138354951337" lon="112.90356427875993">
        <ele>56.195108535699546</ele>
        <time>2026-08-17T22:25:04Z</time>
        <extensions>
          <gpxtpx:TrackPointExtension>
            <gpxtpx:hr>166</gpxtpx:hr>
          </gpxtpx:TrackPointExtension>
        </extensions>
      </trkpt>
      <trkpt lat="28.23412911732809" lon="112.90356400450086">
        <ele>56.1240370599553</ele>
        <time>2026-08-17T22:25:05Z</time>
        <extensions>
          <gpxtpx:TrackPointExtension>
            <gpxtpx:hr>166</gpxtpx:hr>
          </gpxtpx:TrackPointExtension>
        </extensions>
      </trkpt>
      <trkpt lat="28.23412052553093" lon="112.90356374046497">
        <ele>56.06015888322145</ele>
        <time>2026-08-17T22:25:06Z</time>
        <extensions>
          <gpxtpx:TrackPointExtension>
            <gpxtpx:hr>166</gpxtpx:hr>
          </gpxtpx:TrackPointExtension>
        </extensions>
      </trkpt>
      <trkpt lat="28.23411242551273" lon="112.90356407248035">
        <ele>56.00541080068797</ele>
        <time>2026-08-17T22:25:07Z</time>
        <extensions>
          <gpxtpx:TrackPointExtension>
            <gpxtpx:hr>155</gpxtpx:hr>
          </gpxtpx:TrackPointExtension>
        </extensions>
      </trkpt>
      <trkpt lat="28.234103864715355" lon="112.90356553965462">
        <ele>55.960029404610395</ele>
        <time>2026-08-17T22:25:08Z</time>
        <extensions>
          <gpxtpx:TrackPointExtension>
            <gpxtpx:hr>155</gpxtpx:hr>
          </gpxtpx:TrackPointExtension>
        </extensions>
      </trkpt>
      <trkpt lat="28.234094036801427" lon="112.90356863033526">
        <ele>55.923016709275544</ele>
        <time>2026-08-17T22:25:09Z</time>
        <extensions>
          <gpxtpx:TrackPointExtension>
            <gpxtpx:hr>155</gpxtpx:hr>
          </gpxtpx:TrackPointExtension>
        </extensions>
      </trkpt>
      <trkpt lat="28.234083524568728" lon="112.90357384562762">
        <ele>55.89487589802593</ele>
        <time>2026-08-17T22:25:10Z</time>
        <extensions>
          <gpxtpx:TrackPointExtension>
            <gpxtpx:hr>155</gpxtpx:hr>
          </gpxtpx:TrackPointExtension>
        </extensions>
      </trkpt>
      <trkpt lat="28.234073064738936" lon="112.903580607626">
        <ele>55.87541597429663</ele>
        <time>2026-08-17T22:25:11Z</time>
        <extensions>
          <gpxtpx:TrackPointExtension>
            <gpxtpx:hr>155</gpxtpx:hr>
          </gpxtpx:TrackPointExtension>
        </extensions>
      </trkpt>
      <trkpt lat="28.234062507011018" lon="112.90358727245176">
        <ele>55.86437120009214</ele>
        <time>2026-08-17T22:25:12Z</time>
        <extensions>
          <gpxtpx:TrackPointExtension>
            <gpxtpx:hr>155</gpxtpx:hr>
          </gpxtpx:TrackPointExtension>
        </extensions>
      </trkpt>
      <trkpt lat="28.23405149658993" lon="112.90359158263101">
        <ele>55.85987752862275</ele>
        <time>2026-08-17T22:25:13Z</time>
        <extensions>
          <gpxtpx:TrackPointExtension>
            <gpxtpx:hr>155</gpxtpx:hr>
          </gpxtpx:TrackPointExtension>
        </extensions>
      </trkpt>
      <trkpt lat="28.234040242597374" lon="112.90359415016857">
        <ele>55.86222434788942</ele>
        <time>2026-08-17T22:25:14Z</time>
        <extensions>
          <gpxtpx:TrackPointExtension>
            <gpxtpx:hr>150</gpxtpx:hr>
          </gpxtpx:TrackPointExtension>
        </extensions>
      </trkpt>
      <trkpt lat="28.234029648178883" lon="112.90359717465624">
        <ele>55.87148264795542</ele>
        <time>2026-08-17T22:25:15Z</time>
        <extensions>
          <gpxtpx:TrackPointExtension>
            <gpxtpx:hr>150</gpxtpx:hr>
          </gpxtpx:TrackPointExtension>
        </extensions>
      </trkpt>
      <trkpt lat="28.234020735374624" lon="112.90360155531694">
        <ele>55.88756888639182</ele>
        <time>2026-08-17T22:25:16Z</time>
        <extensions>
          <gpxtpx:TrackPointExtension>
            <gpxtpx:hr>150</gpxtpx:hr>
          </gpxtpx:TrackPointExtension>
        </extensions>
      </trkpt>
      <trkpt lat="28.234014408357762" lon="112.90360922059352">
        <ele>55.91036563925445</ele>
        <time>2026-08-17T22:25:17Z</time>
        <extensions>
          <gpxtpx:TrackPointExtension>
            <gpxtpx:hr>150</gpxtpx:hr>
          </gpxtpx:TrackPointExtension>
        </extensions>
      </trkpt>
      <trkpt lat="28.234010597901193" lon="112.90362016697225">
        <ele>55.93964676838368</ele>
        <time>2026-08-17T22:25:18Z</time>
        <extensions>
          <gpxtpx:TrackPointExtension>
            <gpxtpx:hr>150</gpxtpx:hr>
          </gpxtpx:TrackPointExtension>
        </extensions>
      </trkpt>
      <trkpt lat="28.234008297611545" lon="112.90363248412795">
        <ele>55.97515856754035</ele>
        <time>2026-08-17T22:25:19Z</time>
        <extensions>
          <gpxtpx:TrackPointExtension>
            <gpxtpx:hr>153</gpxtpx:hr>
          </gpxtpx:TrackPointExtension>
        </extensions>
      </trkpt>
      <trkpt lat="28.23400680059046" lon="112.9036453516507">
        <ele>56.01650641579181</ele>
        <time>2026-08-17T22:25:20Z</time>
        <extensions>
          <gpxtpx:TrackPointExtension>
            <gpxtpx:hr>153</gpxtpx:hr>
          </gpxtpx:TrackPointExtension>
        </extensions>
      </trkpt>
      <trkpt lat="28.23400595300517" lon="112.9036583102048">
        <ele>56.06308430619538</ele>
        <time>2026-08-17T22:25:21Z</time>
        <extensions>
          <gpxtpx:TrackPointExtension>
            <gpxtpx:hr>153</gpxtpx:hr>
          </gpxtpx:TrackPointExtension>
        </extensions>
      </trkpt>
      <trkpt lat="28.234005354278036" lon="112.90367120712614">
        <ele>56.11395138502121</ele>
        <time>2026-08-17T22:25:22Z</time>
        <extensions>
          <gpxtpx:TrackPointExtension>
            <gpxtpx:hr>153</gpxtpx:hr>
          </gpxtpx:TrackPointExtension>
        </extensions>
      </trkpt>
      <trkpt lat="28.234004421461986" lon="112.9036839307947">
        <ele>56.1685496494174</ele>
        <time>2026-08-17T22:25:23Z</time>
        <extensions>
          <gpxtpx:TrackPointExtension>
            <gpxtpx:hr>153</gpxtpx:hr>
          </gpxtpx:TrackPointExtension>
        </extensions>
      </trkpt>
      <trkpt lat="28.23400310351181" lon="112.9036963082881">
        <ele>56.22590872924775</ele>
        <time>2026-08-17T22:25:24Z</time>
        <extensions>
          <gpxtpx:TrackPointExtension>
            <gpxtpx:hr>153</gpxtpx:hr>
          </gpxtpx:TrackPointExtension>
        </extensions>
      </trkpt>
      <trkpt lat="28.2340015777319" lon="112.90370826127604">
        <ele>56.28581530880183</ele>
        <time>2026-08-17T22:25:25Z</time>
        <extensions>
          <gpxtpx:TrackPointExtension>
            <gpxtpx:hr>153</gpxtpx:hr>
          </gpxtpx:TrackPointExtension>
        </extensions>
      </trkpt>
      <trkpt lat="28.233999798786336" lon="112.90371965960571">
        <ele>56.347965764813125</ele>
        <time>2026-08-17T22:25:26Z</time>
        <extensions>
          <gpxtpx:TrackPointExtension>
            <gpxtpx:hr>153</gpxtpx:hr>
          </gpxtpx:TrackPointExtension>
        </extensions>
      </trkpt>
      <trkpt lat="28.23399762339479" lon="112.90373055213507">
        <ele>56.41174247767776</ele>
        <time>2026-08-17T22:25:27Z</time>
        <extensions>
          <gpxtpx:TrackPointExtension>
            <gpxtpx:hr>152</gpxtpx:hr>
          </gpxtpx:TrackPointExtension>
        </extensions>
      </trkpt>
      <trkpt lat="28.233995151296273" lon="112.90374145220908">
        <ele>56.47659324854612</ele>
        <time>2026-08-17T22:25:28Z</time>
        <extensions>
          <gpxtpx:TrackPointExtension>
            <gpxtpx:hr>152</gpxtpx:hr>
          </gpxtpx:TrackPointExtension>
        </extensions>
      </trkpt>
      <trkpt lat="28.233992544421763" lon="112.90375296633653">
        <ele>56.541895393282175</ele>
        <time>2026-08-17T22:25:29Z</time>
        <extensions>
          <gpxtpx:TrackPointExtension>
            <gpxtpx:hr>152</gpxtpx:hr>
          </gpxtpx:TrackPointExtension>
        </extensions>
      </trkpt>
      <trkpt lat="28.233989820067066" lon="112.90376528364686">
        <ele>56.60773401055485</ele>
        <time>2026-08-17T22:25:30Z</time>
        <extensions>
          <gpxtpx:TrackPointExtension>
            <gpxtpx:hr>152</gpxtpx:hr>
          </gpxtpx:TrackPointExtension>
        </extensions>
      </trkpt>
      <trkpt lat="28.233987529095995" lon="112.90377850957823">
        <ele>56.6741877021268</ele>
        <time>2026-08-17T22:25:31Z</time>
        <extensions>
          <gpxtpx:TrackPointExtension>
            <gpxtpx:hr>152</gpxtpx:hr>
          </gpxtpx:TrackPointExtension>
        </extensions>
      </trkpt>
      <trkpt lat="28.233985711356794" lon="112.90379229211489">
        <ele>56.7416010601446</ele>
        <time>2026-08-17T22:25:32Z</time>
        <extensions>
          <gpxtpx:TrackPointExtension>
            <gpxtpx:hr>152</gpxtpx:hr>
          </gpxtpx:TrackPointExtension>
        </extensions>
      </trkpt>
      <trkpt lat="28.233983610709444" lon="112.90380581196476">
        <ele>56.810089733451605</ele>
        <time>2026-08-17T22:25:33Z</time>
        <extensions>
          <gpxtpx:TrackPointExtension>
            <gpxtpx:hr>152</gpxtpx:hr>
          </gpxtpx:TrackPointExtension>
        </extensions>
      </trkpt>
      <trkpt lat="28.23398079626995" lon="112.9038181806447">
        <ele>56.88025862257928</ele>
        <time>2026-08-17T22:25:33.900000Z</time>
        <extensions>
          <gpxtpx:TrackPointExtension>
            <gpxtpx:hr>152</gpxtpx:hr>
          </gpxtpx:TrackPointExtension>
        </extensions>
      </trkpt>
      <trkpt lat="28.233977175245276" lon="112.90382889205875">
        <ele>56.95257893577218</ele>
        <time>2026-08-17T22:25:34.900000Z</time>
        <extensions>
          <gpxtpx:TrackPointExtension>
            <gpxtpx:hr>152</gpxtpx:hr>
          </gpxtpx:TrackPointExtension>
        </extensions>
      </trkpt>
      <trkpt lat="28.23397261916724" lon="112.90383826731792">
        <ele>57.02756879106164</ele>
        <time>2026-08-17T22:25:35.900000Z</time>
        <extensions>
          <gpxtpx:TrackPointExtension>
            <gpxtpx:hr>152</gpxtpx:hr>
          </gpxtpx:TrackPointExtension>
        </extensions>
      </trkpt>
      <trkpt lat="28.233966791231865" lon="112.9038469669514">
        <ele>57.105950232595205</ele>
        <time>2026-08-17T22:25:36.900000Z</time>
        <extensions>
          <gpxtpx:TrackPointExtension>
            <gpxtpx:hr>143</gpxtpx:hr>
          </gpxtpx:TrackPointExtension>
        </extensions>
      </trkpt>
      <trkpt lat="28.23395942445324" lon="112.90385527695315">
        <ele>57.188189178705215</ele>
        <time>2026-08-17T22:25:37.900000Z</time>
        <extensions>
          <gpxtpx:TrackPointExtension>
            <gpxtpx:hr>143</gpxtpx:hr>
          </gpxtpx:TrackPointExtension>
        </extensions>
      </trkpt>
      <trkpt lat="28.23395060338006" lon="112.903863076485">
        <ele>57.274619900621474</ele>
        <time>2026-08-17T22:25:38.900000Z</time>
        <extensions>
          <gpxtpx:TrackPointExtension>
            <gpxtpx:hr>143</gpxtpx:hr>
          </gpxtpx:TrackPointExtension>
        </extensions>
      </trkpt>
      <trkpt lat="28.233940668371087" lon="112.90386992413073">
        <ele>57.3652000837028</ele>
        <time>2026-08-17T22:25:39.900000Z</time>
        <extensions>
          <gpxtpx:TrackPointExtension>
            <gpxtpx:hr>143</gpxtpx:hr>
          </gpxtpx:TrackPointExtension>
        </extensions>
      </trkpt>
      <trkpt lat="28.233929963376298" lon="112.90387486239221">
        <ele>57.459708319976926</ele>
        <time>2026-08-17T22:25:40.900000Z</time>
        <extensions>
          <gpxtpx:TrackPointExtension>
            <gpxtpx:hr>143</gpxtpx:hr>
          </gpxtpx:TrackPointExtension>
        </extensions>
      </trkpt>
      <trkpt lat="28.233918888569406" lon="112.90387695047158">
        <ele>57.5576504515484</ele>
        <time>2026-08-17T22:25:41.900000Z</time>
        <extensions>
          <gpxtpx:TrackPointExtension>
            <gpxtpx:hr>143</gpxtpx:hr>
          </gpxtpx:TrackPointExtension>
        </extensions>
      </trkpt>
      <trkpt lat="28.233908239148622" lon="112.90387618687087">
        <ele>57.658468819223344</ele>
        <time>2026-08-17T22:25:42.900000Z</time>
        <extensions>
          <gpxtpx:TrackPointExtension>
            <gpxtpx:hr>143</gpxtpx:hr>
          </gpxtpx:TrackPointExtension>
        </extensions>
      </trkpt>
      <trkpt lat="28.233898704177978" lon="112.90387374209081">
        <ele>57.76191554777324</ele>
        <time>2026-08-17T22:25:43.900000Z</time>
        <extensions>
          <gpxtpx:TrackPointExtension>
            <gpxtpx:hr>143</gpxtpx:hr>
          </gpxtpx:TrackPointExtension>
        </extensions>
      </trkpt>
      <trkpt lat="28.23389015231995" lon="112.90387079898656">
        <ele>57.86802095640451</ele>
        <time>2026-08-17T22:25:44.900000Z</time>
        <extensions>
          <gpxtpx:TrackPointExtension>
            <gpxtpx:hr>143</gpxtpx:hr>
          </gpxtpx:TrackPointExtension>
        </extensions>
      </trkpt>
      <trkpt lat="28.23388211339381" lon="112.9038678702444">
        <ele>57.977032211609185</ele>
        <time>2026-08-17T22:25:45.900000Z</time>
        <extensions>
          <gpxtpx:TrackPointExtension>
            <gpxtpx:hr>143</gpxtpx:hr>
          </gpxtpx:TrackPointExtension>
        </extensions>
      </trkpt>
      <trkpt lat="28.23387393377247" lon="112.90386524246405">
        <ele>58.089451116509736</ele>
        <time>2026-08-17T22:25:46.900000Z</time>
        <extensions>
          <gpxtpx:TrackPointExtension>
            <gpxtpx:hr>147</gpxtpx:hr>
          </gpxtpx:TrackPointExtension>
        </extensions>
      </trkpt>
      <trkpt lat="28.23386471852378" lon="112.9038630692618">
        <ele>58.20612101163715</ele>
        <time>2026-08-17T22:25:47.900000Z</time>
        <extensions>
          <gpxtpx:TrackPointExtension>
            <gpxtpx:hr>147</gpxtpx:hr>
          </gpxtpx:TrackPointExtension>
        </extensions>
      </trkpt>
      <trkpt lat="28.233853941032717" lon="112.90386206682398">
        <ele>58.32779616676271</ele>
        <time>2026-08-17T22:25:48.900000Z</time>
        <extensions>
          <gpxtpx:TrackPointExtension>
            <gpxtpx:hr>147</gpxtpx:hr>
          </gpxtpx:TrackPointExtension>
        </extensions>
      </trkpt>
      <trkpt lat="28.23384209954784" lon="112.90386278589662">
        <ele>58.45531441178173</ele>
        <time>2026-08-17T22:25:49.900000Z</time>
        <extensions>
          <gpxtpx:TrackPointExtension>
            <gpxtpx:hr>147</gpxtpx:hr>
          </gpxtpx:TrackPointExtension>
        </extensions>
      </trkpt>
      <trkpt lat="28.23382984803634" lon="112.9038650111342">
        <ele>58.58902108389884</ele>
        <time>2026-08-17T22:25:50.900000Z</time>
        <extensions>
          <gpxtpx:TrackPointExtension>
            <gpxtpx:hr>147</gpxtpx:hr>
          </gpxtpx:TrackPointExtension>
        </extensions>
      </trkpt>
      <trkpt lat="28.233817535807216" lon="112.90386855252915">
        <ele>58.72933443635702</ele>
        <time>2026-08-17T22:25:51.900000Z</time>
        <extensions>
          <gpxtpx:TrackPointExtension>
            <gpxtpx:hr>147</gpxtpx:hr>
          </gpxtpx:TrackPointExtension>
        </extensions>
      </trkpt>
      <trkpt lat="28.233805265208204" lon="112.90387313627673">
        <ele>58.876344218850136</ele>
        <time>2026-08-17T22:25:52.900000Z</time>
        <extensions>
          <gpxtpx:TrackPointExtension>
            <gpxtpx:hr>147</gpxtpx:hr>
          </gpxtpx:TrackPointExtension>
        </extensions>
      </trkpt>
      <trkpt lat="28.233793147483283" lon="112.90387824061514">
        <ele>59.02980871964246</ele>
        <time>2026-08-17T22:25:53.900000Z</time>
        <extensions>
          <gpxtpx:TrackPointExtension>
            <gpxtpx:hr>146</gpxtpx:hr>
          </gpxtpx:TrackPointExtension>
        </extensions>
      </trkpt>
      <trkpt lat="28.233781259205397" lon="112.90388327949067">
        <ele>59.1890999302268</ele>
        <time>2026-08-17T22:25:54.900000Z</time>
        <extensions>
          <gpxtpx:TrackPointExtension>
            <gpxtpx:hr>146</gpxtpx:hr>
          </gpxtpx:TrackPointExtension>
        </extensions>
      </trkpt>
      <trkpt lat="28.23376954897263" lon="112.90388781942363">
        <ele>59.353505270555615</ele>
        <time>2026-08-17T22:25:55.900000Z</time>
        <extensions>
          <gpxtpx:TrackPointExtension>
            <gpxtpx:hr>146</gpxtpx:hr>
          </gpxtpx:TrackPointExtension>
        </extensions>
      </trkpt>
      <trkpt lat="28.23375793560124" lon="112.90389148622626">
        <ele>59.52192603889853</ele>
        <time>2026-08-17T22:25:56.900000Z</time>
        <extensions>
          <gpxtpx:TrackPointExtension>
            <gpxtpx:hr>146</gpxtpx:hr>
          </gpxtpx:TrackPointExtension>
        </extensions>
      </trkpt>
      <trkpt lat="28.233746519619032" lon="112.90389380524958">
        <ele>59.693152788095176</ele>
        <time>2026-08-17T22:25:57.900000Z</time>
        <extensions>
          <gpxtpx:TrackPointExtension>
            <gpxtpx:hr>146</gpxtpx:hr>
          </gpxtpx:TrackPointExtension>
        </extensions>
      </trkpt>
      <trkpt lat="28.233735200927537" lon="112.9038947680065">
        <ele>59.86595469340682</ele>
        <time>2026-08-17T22:25:58.900000Z</time>
        <extensions>
          <gpxtpx:TrackPointExtension>
            <gpxtpx:hr>144</gpxtpx:hr>
          </gpxtpx:TrackPointExtension>
        </extensions>
      </trkpt>
      <trkpt lat="28.233724323706888" lon="112.90389451021849">
        <ele>60.039389953017235</ele>
        <time>2026-08-17T22:25:59.900000Z</time>
        <extensions>
          <gpxtpx:TrackPointExtension>
            <gpxtpx:hr>144</gpxtpx:hr>
          </gpxtpx:TrackPointExtension>
        </extensions>
      </trkpt>
      <trkpt lat="28.23371409194505" lon="112.9038933675443">
        <ele>60.2124775564298</ele>
        <time>2026-08-17T22:26:00.900000Z</time>
        <extensions>
          <gpxtpx:TrackPointExtension>
            <gpxtpx:hr>144</gpxtpx:hr>
          </gpxtpx:TrackPointExtension>
        </extensions>
      </trkpt>
      <trkpt lat="28.233704506364074" lon="112.90389160210341">
        <ele>60.384347817860544</ele>
        <time>2026-08-17T22:26:01.900000Z</time>
        <extensions>
          <gpxtpx:TrackPointExtension>
            <gpxtpx:hr>144</gpxtpx:hr>
          </gpxtpx:TrackPointExtension>
        </extensions>
      </trkpt>
      <trkpt lat="28.233695307113674" lon="112.90388932118837">
        <ele>60.554348091594875</ele>
        <time>2026-08-17T22:26:02.900000Z</time>
        <extensions>
          <gpxtpx:TrackPointExtension>
            <gpxtpx:hr>144</gpxtpx:hr>
          </gpxtpx:TrackPointExtension>
        </extensions>
      </trkpt>
      <trkpt lat="28.233686130346552" lon="112.90388655600759">
        <ele>60.72209937963635</ele>
        <time>2026-08-17T22:26:03.900000Z</time>
        <extensions>
          <gpxtpx:TrackPointExtension>
            <gpxtpx:hr>144</gpxtpx:hr>
          </gpxtpx:TrackPointExtension>
        </extensions>
      </trkpt>
      <trkpt lat="28.233677004124775" lon="112.90388338109402">
        <ele>60.88720880262554</ele>
        <time>2026-08-17T22:26:04.900000Z</time>
        <extensions>
          <gpxtpx:TrackPointExtension>
            <gpxtpx:hr>144</gpxtpx:hr>
          </gpxtpx:TrackPointExtension>
        </extensions>
      </trkpt>
      <trkpt lat="28.233667996400143" lon="112.90387988351532">
        <ele>61.04920007288456</ele>
        <time>2026-08-17T22:26:05.900000Z</time>
        <extensions>
          <gpxtpx:TrackPointExtension>
            <gpxtpx:hr>144</gpxtpx:hr>
          </gpxtpx:TrackPointExtension>
        </extensions>
      </trkpt>
      <trkpt lat="28.233659049873836" lon="112.90387596120121">
        <ele>61.20750314556062</ele>
        <time>2026-08-17T22:26:06.900000Z</time>
        <extensions>
          <gpxtpx:TrackPointExtension>
            <gpxtpx:hr>143</gpxtpx:hr>
          </gpxtpx:TrackPointExtension>
        </extensions>
      </trkpt>
      <trkpt lat="28.233650007678957" lon="112.90387150985248">
        <ele>61.361471951939166</ele>
        <time>2026-08-17T22:26:07.900000Z</time>
        <extensions>
          <gpxtpx:TrackPointExtension>
            <gpxtpx:hr>143</gpxtpx:hr>
          </gpxtpx:TrackPointExtension>
        </extensions>
      </trkpt>
      <trkpt lat="28.23364073995432" lon="112.90386665056334">
        <ele>61.51043242588639</ele>
        <time>2026-08-17T22:26:08.900000Z</time>
        <extensions>
          <gpxtpx:TrackPointExtension>
            <gpxtpx:hr>143</gpxtpx:hr>
          </gpxtpx:TrackPointExtension>
        </extensions>
      </trkpt>
      <trkpt lat="28.233631216665408" lon="112.90386152757442">
        <ele>61.65349165163934</ele>
        <time>2026-08-17T22:26:09.900000Z</time>
        <extensions>
          <gpxtpx:TrackPointExtension>
            <gpxtpx:hr>143</gpxtpx:hr>
          </gpxtpx:TrackPointExtension>
        </extensions>
      </trkpt>
      <trkpt lat="28.23362126592929" lon="112.90385632059568">
        <ele>61.78985994681716</ele>
        <time>2026-08-17T22:26:10.900000Z</time>
        <extensions>
          <gpxtpx:TrackPointExtension>
            <gpxtpx:hr>143</gpxtpx:hr>
          </gpxtpx:TrackPointExtension>
        </extensions>
      </trkpt>
      <trkpt lat="28.233610695182414" lon="112.90385127931721">
        <ele>61.918869632296264</ele>
        <time>2026-08-17T22:26:11.900000Z</time>
        <extensions>
          <gpxtpx:TrackPointExtension>
            <gpxtpx:hr>143</gpxtpx:hr>
          </gpxtpx:TrackPointExtension>
        </extensions>
      </trkpt>
      <trkpt lat="28.23359947347973" lon="112.90384645115529">
        <ele>62.04009145498276</ele>
        <time>2026-08-17T22:26:12.900000Z</time>
        <extensions>
          <gpxtpx:TrackPointExtension>
            <gpxtpx:hr>143</gpxtpx:hr>
          </gpxtpx:TrackPointExtension>
        </extensions>
      </trkpt>
      <trkpt lat="28.233587980277" lon="112.9038418892939">
        <ele>62.15350281074643</ele>
        <time>2026-08-17T22:26:13.900000Z</time>
        <extensions>
          <gpxtpx:TrackPointExtension>
            <gpxtpx:hr>143</gpxtpx:hr>
          </gpxtpx:TrackPointExtension>
        </extensions>
      </trkpt>
      <trkpt lat="28.23357685847028" lon="112.90383751867094">
        <ele>62.25937127508223</ele>
        <time>2026-08-17T22:26:14.900000Z</time>
        <extensions>
          <gpxtpx:TrackPointExtension>
            <gpxtpx:hr>143</gpxtpx:hr>
          </gpxtpx:TrackPointExtension>
        </extensions>
      </trkpt>
      <trkpt lat="28.233566259236465" lon="112.9038330743363">
        <ele>62.35802348330617</ele>
        <time>2026-08-17T22:26:15.900000Z</time>
        <extensions>
          <gpxtpx:TrackPointExtension>
            <gpxtpx:hr>143</gpxtpx:hr>
          </gpxtpx:TrackPointExtension>
        </extensions>
      </trkpt>
      <trkpt lat="28.233555940197988" lon="112.90382856648561">
        <ele>62.44965009111911</ele>
        <time>2026-08-17T22:26:16.900000Z</time>
        <extensions>
          <gpxtpx:TrackPointExtension>
            <gpxtpx:hr>143</gpxtpx:hr>
          </gpxtpx:TrackPointExtension>
        </extensions>
      </trkpt>
      <trkpt lat="28.233546041188486" lon="112.90382385995494">
        <ele>62.5344173880294</ele>
        <time>2026-08-17T22:26:17.900000Z</time>
        <extensions>
          <gpxtpx:TrackPointExtension>
            <gpxtpx:hr>143</gpxtpx:hr>
          </gpxtpx:TrackPointExtension>
        </extensions>
      </trkpt>
      <trkpt lat="28.233537176754112" lon="112.90381802462561">
        <ele>62.61279210820794</ele>
        <time>2026-08-17T22:26:18.900000Z</time>
        <extensions>
          <gpxtpx:TrackPointExtension>
            <gpxtpx:hr>143</gpxtpx:hr>
          </gpxtpx:TrackPointExtension>
        </extensions>
      </trkpt>
      <trkpt lat="28.233529894738982" lon="112.90381076077968">
        <ele>62.684880453161895</ele>
        <time>2026-08-17T22:26:19.900000Z</time>
        <extensions>
          <gpxtpx:TrackPointExtension>
            <gpxtpx:hr>143</gpxtpx:hr>
          </gpxtpx:TrackPointExtension>
        </extensions>
      </trkpt>
      <trkpt lat="28.233524144266205" lon="112.90380255739817">
        <ele>62.751205895096064</ele>
        <time>2026-08-17T22:26:20.900000Z</time>
        <extensions>
          <gpxtpx:TrackPointExtension>
            <gpxtpx:hr>143</gpxtpx:hr>
          </gpxtpx:TrackPointExtension>
        </extensions>
      </trkpt>
      <trkpt lat="28.233519901939502" lon="112.90379360286983">
        <ele>62.81225671060383</ele>
        <time>2026-08-17T22:26:21.900000Z</time>
        <extensions>
          <gpxtpx:TrackPointExtension>
            <gpxtpx:hr>143</gpxtpx:hr>
          </gpxtpx:TrackPointExtension>
        </extensions>
      </trkpt>
      <trkpt lat="28.23351715234058" lon="112.90378411367698">
        <ele>62.86819073557854</ele>
        <time>2026-08-17T22:26:22.900000Z</time>
        <extensions>
          <gpxtpx:TrackPointExtension>
            <gpxtpx:hr>143</gpxtpx:hr>
          </gpxtpx:TrackPointExtension>
        </extensions>
      </trkpt>
      <trkpt lat="28.233515644461075" lon="112.90377433216229">
        <ele>62.919509592466056</ele>
        <time>2026-08-17T22:26:23.900000Z</time>
        <extensions>
          <gpxtpx:TrackPointExtension>
            <gpxtpx:hr>143</gpxtpx:hr>
          </gpxtpx:TrackPointExtension>
        </extensions>
      </trkpt>
      <trkpt lat="28.233515172291504" lon="112.9037641368977">
        <ele>62.96660815831274</ele>
        <time>2026-08-17T22:26:24.900000Z</time>
        <extensions>
          <gpxtpx:TrackPointExtension>
            <gpxtpx:hr>143</gpxtpx:hr>
          </gpxtpx:TrackPointExtension>
        </extensions>
      </trkpt>
      <trkpt lat="28.233515386449398" lon="112.90375333596194">
        <ele>63.009976632893085</ele>
        <time>2026-08-17T22:26:25.900000Z</time>
        <extensions>
          <gpxtpx:TrackPointExtension>
            <gpxtpx:hr>143</gpxtpx:hr>
          </gpxtpx:TrackPointExtension>
        </extensions>
      </trkpt>
      <trkpt lat="28.23351602192882" lon="112.90374164290625">
        <ele>63.050185944885015</ele>
        <time>2026-08-17T22:26:26.900000Z</time>
        <extensions>
          <gpxtpx:TrackPointExtension>
            <gpxtpx:hr>142</gpxtpx:hr>
          </gpxtpx:TrackPointExtension>
        </extensions>
      </trkpt>
      <trkpt lat="28.233517195887732" lon="112.90372907796268">
        <ele>63.08777431584895</ele>
        <time>2026-08-17T22:26:27.800000Z</time>
        <extensions>
          <gpxtpx:TrackPointExtension>
            <gpxtpx:hr>142</gpxtpx:hr>
          </gpxtpx:TrackPointExtension>
        </extensions>
      </trkpt>
      <trkpt lat="28.23351936145277" lon="112.90371593035543">
        <ele>63.12359378580004</ele>
        <time>2026-08-17T22:26:28.800000Z</time>
        <extensions>
          <gpxtpx:TrackPointExtension>
            <gpxtpx:hr>142</gpxtpx:hr>
          </gpxtpx:TrackPointExtension>
        </extensions>
      </trkpt>
      <trkpt lat="28.23352277131374" lon="112.9037022177163">
        <ele>63.15827349293977</ele>
        <time>2026-08-17T22:26:29.800000Z</time>
        <extensions>
          <gpxtpx:TrackPointExtension>
            <gpxtpx:hr>142</gpxtpx:hr>
          </gpxtpx:TrackPointExtension>
        </extensions>
      </trkpt>
      <trkpt lat="28.233527483958223" lon="112.90368802449333">
        <ele>63.192645319737494</ele>
        <time>2026-08-17T22:26:30.800000Z</time>
        <extensions>
          <gpxtpx:TrackPointExtension>
            <gpxtpx:hr>142</gpxtpx:hr>
          </gpxtpx:TrackPointExtension>
        </extensions>
      </trkpt>
      <trkpt lat="28.23353319516421" lon="112.90367354278919">
        <ele>63.22733240947127</ele>
        <time>2026-08-17T22:26:31.800000Z</time>
        <extensions>
          <gpxtpx:TrackPointExtension>
            <gpxtpx:hr>142</gpxtpx:hr>
          </gpxtpx:TrackPointExtension>
        </extensions>
      </trkpt>
      <trkpt lat="28.23353940698575" lon="112.90365918014969">
        <ele>63.263175065629184</ele>
        <time>2026-08-17T22:26:32.800000Z</time>
        <extensions>
          <gpxtpx:TrackPointExtension>
            <gpxtpx:hr>142</gpxtpx:hr>
          </gpxtpx:TrackPointExtension>
        </extensions>
      </trkpt>
      <trkpt lat="28.233545592819755" lon="112.90364523194873">
        <ele>63.30046016909182</ele>
        <time>2026-08-17T22:26:33.800000Z</time>
        <extensions>
          <gpxtpx:TrackPointExtension>
            <gpxtpx:hr>142</gpxtpx:hr>
          </gpxtpx:TrackPointExtension>
        </extensions>
      </trkpt>
      <trkpt lat="28.2335515046764" lon="112.90363205985427">
        <ele>63.33959256764501</ele>
        <time>2026-08-17T22:26:34.800000Z</time>
        <extensions>
          <gpxtpx:TrackPointExtension>
            <gpxtpx:hr>142</gpxtpx:hr>
          </gpxtpx:TrackPointExtension>
        </extensions>
      </trkpt>
      <trkpt lat="28.233556963937126" lon="112.90361969199625">
        <ele>63.38081749435514</ele>
        <time>2026-08-17T22:26:35.800000Z</time>
        <extensions>
          <gpxtpx:TrackPointExtension>
            <gpxtpx:hr>142</gpxtpx:hr>
          </gpxtpx:TrackPointExtension>
        </extensions>
      </trkpt>
      <trkpt lat="28.233561856161298" lon="112.90360813533697">
        <ele>63.42389281466603</ele>
        <time>2026-08-17T22:26:36.800000Z</time>
        <extensions>
          <gpxtpx:TrackPointExtension>
            <gpxtpx:hr>143</gpxtpx:hr>
          </gpxtpx:TrackPointExtension>
        </extensions>
      </trkpt>
      <trkpt lat="28.23356601613983" lon="112.90359745213921">
        <ele>63.46879687346518</ele>
        <time>2026-08-17T22:26:37.800000Z</time>
        <extensions>
          <gpxtpx:TrackPointExtension>
            <gpxtpx:hr>143</gpxtpx:hr>
          </gpxtpx:TrackPointExtension>
        </extensions>
      </trkpt>
      <trkpt lat="28.233568778769826" lon="112.90358792325604">
        <ele>63.514671550132334</ele>
        <time>2026-08-17T22:26:38.800000Z</time>
        <extensions>
          <gpxtpx:TrackPointExtension>
            <gpxtpx:hr>143</gpxtpx:hr>
          </gpxtpx:TrackPointExtension>
        </extensions>
      </trkpt>
      <trkpt lat="28.233568943145762" lon="112.90358006435541">
        <ele>63.56070967763662</ele>
        <time>2026-08-17T22:26:39.800000Z</time>
        <extensions>
          <gpxtpx:TrackPointExtension>
            <gpxtpx:hr>143</gpxtpx:hr>
          </gpxtpx:TrackPointExtension>
        </extensions>
      </trkpt>
      <trkpt lat="28.233566404968425" lon="112.90357416265725">
        <ele>63.60598615370691</ele>
        <time>2026-08-17T22:26:40.800000Z</time>
        <extensions>
          <gpxtpx:TrackPointExtension>
            <gpxtpx:hr>143</gpxtpx:hr>
          </gpxtpx:TrackPointExtension>
        </extensions>
      </trkpt>
      <trkpt lat="28.23356222495956" lon="112.90356975578563">
        <ele>63.65011796820909</ele>
        <time>2026-08-17T22:26:41.800000Z</time>
        <extensions>
          <gpxtpx:TrackPointExtension>
            <gpxtpx:hr>142</gpxtpx:hr>
          </gpxtpx:TrackPointExtension>
        </extensions>
      </trkpt>
      <trkpt lat="28.233557127390917" lon="112.90356618648109">
        <ele>63.69322679191828</ele>
        <time>2026-08-17T22:26:42.800000Z</time>
        <extensions>
          <gpxtpx:TrackPointExtension>
            <gpxtpx:hr>142</gpxtpx:hr>
          </gpxtpx:TrackPointExtension>
        </extensions>
      </trkpt>
      <trkpt lat="28.23355162679246" lon="112.90356295363216">
        <ele>63.73543609119952</ele>
        <time>2026-08-17T22:26:43.800000Z</time>
        <extensions>
          <gpxtpx:TrackPointExtension>
            <gpxtpx:hr>142</gpxtpx:hr>
          </gpxtpx:TrackPointExtension>
        </extensions>
      </trkpt>
      <trkpt lat="28.23354629177974" lon="112.90355954028443">
        <ele>63.77708898112178</ele>
        <time>2026-08-17T22:26:44.800000Z</time>
        <extensions>
          <gpxtpx:TrackPointExtension>
            <gpxtpx:hr>142</gpxtpx:hr>
          </gpxtpx:TrackPointExtension>
        </extensions>
      </trkpt>
      <trkpt lat="28.23354229355684" lon="112.90355535807552">
        <ele>63.81868398375809</ele>
        <time>2026-08-17T22:26:45.800000Z</time>
        <extensions>
          <gpxtpx:TrackPointExtension>
            <gpxtpx:hr>138</gpxtpx:hr>
          </gpxtpx:TrackPointExtension>
        </extensions>
      </trkpt>
      <trkpt lat="28.23354116869912" lon="112.90354968870275">
        <ele>63.86024550907314</ele>
        <time>2026-08-17T22:26:46.800000Z</time>
        <extensions>
          <gpxtpx:TrackPointExtension>
            <gpxtpx:hr>138</gpxtpx:hr>
          </gpxtpx:TrackPointExtension>
        </extensions>
      </trkpt>
      <trkpt lat="28.23354305214914" lon="112.90354278403096">
        <ele>63.902260245755315</ele>
        <time>2026-08-17T22:26:47.800000Z</time>
        <extensions>
          <gpxtpx:TrackPointExtension>
            <gpxtpx:hr>138</gpxtpx:hr>
          </gpxtpx:TrackPointExtension>
        </extensions>
      </trkpt>
      <trkpt lat="28.233546468770037" lon="112.9035350315156">
        <ele>63.94510091096163</ele>
        <time>2026-08-17T22:26:48.800000Z</time>
        <extensions>
          <gpxtpx:TrackPointExtension>
            <gpxtpx:hr>138</gpxtpx:hr>
          </gpxtpx:TrackPointExtension>
        </extensions>
      </trkpt>
      <trkpt lat="28.233550518806624" lon="112.90352623742429">
        <ele>63.98890115413815</ele>
        <time>2026-08-17T22:26:49.800000Z</time>
        <extensions>
          <gpxtpx:TrackPointExtension>
            <gpxtpx:hr>138</gpxtpx:hr>
          </gpxtpx:TrackPointExtension>
        </extensions>
      </trkpt>
      <trkpt lat="28.23355523220995" lon="112.90351690060606">
        <ele>64.03326609544456</ele>
        <time>2026-08-17T22:26:50.800000Z</time>
        <extensions>
          <gpxtpx:TrackPointExtension>
            <gpxtpx:hr>138</gpxtpx:hr>
          </gpxtpx:TrackPointExtension>
        </extensions>
      </trkpt>
      <trkpt lat="28.233560724811408" lon="112.90350735915199">
        <ele>64.07807627599686</ele>
        <time>2026-08-17T22:26:51.800000Z</time>
        <extensions>
          <gpxtpx:TrackPointExtension>
            <gpxtpx:hr>138</gpxtpx:hr>
          </gpxtpx:TrackPointExtension>
        </extensions>
      </trkpt>
      <trkpt lat="28.233566855020435" lon="112.90349759655743">
        <ele>64.12308828346431</ele>
        <time>2026-08-17T22:26:52.800000Z</time>
        <extensions>
          <gpxtpx:TrackPointExtension>
            <gpxtpx:hr>136</gpxtpx:hr>
          </gpxtpx:TrackPointExtension>
        </extensions>
      </trkpt>
      <trkpt lat="28.233573360076022" lon="112.90348742035457">
        <ele>64.16837465018034</ele>
        <time>2026-08-17T22:26:53.800000Z</time>
        <extensions>
          <gpxtpx:TrackPointExtension>
            <gpxtpx:hr>136</gpxtpx:hr>
          </gpxtpx:TrackPointExtension>
        </extensions>
      </trkpt>
      <trkpt lat="28.233579830834294" lon="112.90347681713463">
        <ele>64.21397341229022</ele>
        <time>2026-08-17T22:26:54.800000Z</time>
        <extensions>
          <gpxtpx:TrackPointExtension>
            <gpxtpx:hr>136</gpxtpx:hr>
          </gpxtpx:TrackPointExtension>
        </extensions>
      </trkpt>
      <trkpt lat="28.23358594054599" lon="112.90346614068143">
        <ele>64.25986257288605</ele>
        <time>2026-08-17T22:26:55.800000Z</time>
        <extensions>
          <gpxtpx:TrackPointExtension>
            <gpxtpx:hr>136</gpxtpx:hr>
          </gpxtpx:TrackPointExtension>
        </extensions>
      </trkpt>
      <trkpt lat="28.233591377715783" lon="112.9034556647469">
        <ele>64.30597696267068</ele>
        <time>2026-08-17T22:26:56.800000Z</time>
        <extensions>
          <gpxtpx:TrackPointExtension>
            <gpxtpx:hr>136</gpxtpx:hr>
          </gpxtpx:TrackPointExtension>
        </extensions>
      </trkpt>
      <trkpt lat="28.233595845002007" lon="112.90344558075604">
        <ele>64.35193533916026</ele>
        <time>2026-08-17T22:26:57.800000Z</time>
        <extensions>
          <gpxtpx:TrackPointExtension>
            <gpxtpx:hr>137</gpxtpx:hr>
          </gpxtpx:TrackPointExtension>
        </extensions>
      </trkpt>
      <trkpt lat="28.233599060723805" lon="112.90343607486872">
        <ele>64.39747601561248</ele>
        <time>2026-08-17T22:26:58.800000Z</time>
        <extensions>
          <gpxtpx:TrackPointExtension>
            <gpxtpx:hr>137</gpxtpx:hr>
          </gpxtpx:TrackPointExtension>
        </extensions>
      </trkpt>
      <trkpt lat="28.233600323202726" lon="112.90342769525421">
        <ele>64.44217532873154</ele>
        <time>2026-08-17T22:26:59.800000Z</time>
        <extensions>
          <gpxtpx:TrackPointExtension>
            <gpxtpx:hr>137</gpxtpx:hr>
          </gpxtpx:TrackPointExtension>
        </extensions>
      </trkpt>
      <trkpt lat="28.23360010720642" lon="112.90342073910017">
        <ele>64.48580072727054</ele>
        <time>2026-08-17T22:27:00.800000Z</time>
        <extensions>
          <gpxtpx:TrackPointExtension>
            <gpxtpx:hr>137</gpxtpx:hr>
          </gpxtpx:TrackPointExtension>
        </extensions>
      </trkpt>
      <trkpt lat="28.233600271097316" lon="112.90341436486368">
        <ele>64.52806343138218</ele>
        <time>2026-08-17T22:27:01.800000Z</time>
        <extensions>
          <gpxtpx:TrackPointExtension>
            <gpxtpx:hr>136</gpxtpx:hr>
          </gpxtpx:TrackPointExtension>
        </extensions>
      </trkpt>
      <trkpt lat="28.23360137335002" lon="112.90340803848723">
        <ele>64.56857338640839</ele>
        <time>2026-08-17T22:27:02.800000Z</time>
        <extensions>
          <gpxtpx:TrackPointExtension>
            <gpxtpx:hr>136</gpxtpx:hr>
          </gpxtpx:TrackPointExtension>
        </extensions>
      </trkpt>
      <trkpt lat="28.233602970947388" lon="112.90340206997485">
        <ele>64.60704258922487</ele>
        <time>2026-08-17T22:27:03.800000Z</time>
        <extensions>
          <gpxtpx:TrackPointExtension>
            <gpxtpx:hr>136</gpxtpx:hr>
          </gpxtpx:TrackPointExtension>
        </extensions>
      </trkpt>
      <trkpt lat="28.233604463873558" lon="112.90339648609431">
        <ele>64.64306676294655</ele>
        <time>2026-08-17T22:27:04.800000Z</time>
        <extensions>
          <gpxtpx:TrackPointExtension>
            <gpxtpx:hr>136</gpxtpx:hr>
          </gpxtpx:TrackPointExtension>
        </extensions>
      </trkpt>
      <trkpt lat="28.233605238950446" lon="112.90339103201337">
        <ele>64.67645217850804</ele>
        <time>2026-08-17T22:27:05.800000Z</time>
        <extensions>
          <gpxtpx:TrackPointExtension>
            <gpxtpx:hr>136</gpxtpx:hr>
          </gpxtpx:TrackPointExtension>
        </extensions>
      </trkpt>
      <trkpt lat="28.233605002237358" lon="112.90338556905068">
        <ele>64.70686951931566</ele>
        <time>2026-08-17T22:27:06.800000Z</time>
        <extensions>
          <gpxtpx:TrackPointExtension>
            <gpxtpx:hr>133</gpxtpx:hr>
          </gpxtpx:TrackPointExtension>
        </extensions>
      </trkpt>
      <trkpt lat="28.23360355699551" lon="112.90338002745175">
        <ele>64.73411746323109</ele>
        <time>2026-08-17T22:27:07.800000Z</time>
        <extensions>
          <gpxtpx:TrackPointExtension>
            <gpxtpx:hr>133</gpxtpx:hr>
          </gpxtpx:TrackPointExtension>
        </extensions>
      </trkpt>
      <trkpt lat="28.23360059950351" lon="112.90337436760055">
        <ele>64.75788908544928</ele>
        <time>2026-08-17T22:27:08.800000Z</time>
        <extensions>
          <gpxtpx:TrackPointExtension>
            <gpxtpx:hr>133</gpxtpx:hr>
          </gpxtpx:TrackPointExtension>
        </extensions>
      </trkpt>
      <trkpt lat="28.233595967774352" lon="112.903368713868">
        <ele>64.77784132305533</ele>
        <time>2026-08-17T22:27:09.800000Z</time>
        <extensions>
          <gpxtpx:TrackPointExtension>
            <gpxtpx:hr>133</gpxtpx:hr>
          </gpxtpx:TrackPointExtension>
        </extensions>
      </trkpt>
      <trkpt lat="28.23359019685234" lon="112.90336288669121">
        <ele>64.79404320009053</ele>
        <time>2026-08-17T22:27:10.800000Z</time>
        <extensions>
          <gpxtpx:TrackPointExtension>
            <gpxtpx:hr>133</gpxtpx:hr>
          </gpxtpx:TrackPointExtension>
        </extensions>
      </trkpt>
      <trkpt lat="28.233584341647635" lon="112.90335623584939">
        <ele>64.80615130625665</ele>
        <time>2026-08-17T22:27:11.800000Z</time>
        <extensions>
          <gpxtpx:TrackPointExtension>
            <gpxtpx:hr>133</gpxtpx:hr>
          </gpxtpx:TrackPointExtension>
        </extensions>
      </trkpt>
      <trkpt lat="28.23357926167707" lon="112.90334803313138">
        <ele>64.8140009958297</ele>
        <time>2026-08-17T22:27:12.800000Z</time>
        <extensions>
          <gpxtpx:TrackPointExtension>
            <gpxtpx:hr>133</gpxtpx:hr>
          </gpxtpx:TrackPointExtension>
        </extensions>
      </trkpt>
      <trkpt lat="28.233575655295475" lon="112.90333732780147">
        <ele>64.81739638652653</ele>
        <time>2026-08-17T22:27:13.800000Z</time>
        <extensions>
          <gpxtpx:TrackPointExtension>
            <gpxtpx:hr>132</gpxtpx:hr>
          </gpxtpx:TrackPointExtension>
        </extensions>
      </trkpt>
      <trkpt lat="28.233573510692693" lon="112.9033240217056">
        <ele>64.8160144072026</ele>
        <time>2026-08-17T22:27:14.800000Z</time>
        <extensions>
          <gpxtpx:TrackPointExtension>
            <gpxtpx:hr>132</gpxtpx:hr>
          </gpxtpx:TrackPointExtension>
        </extensions>
      </trkpt>
      <trkpt lat="28.233572010842543" lon="112.90330877123306">
        <ele>64.80956360790879</ele>
        <time>2026-08-17T22:27:15.800000Z</time>
        <extensions>
          <gpxtpx:TrackPointExtension>
            <gpxtpx:hr>132</gpxtpx:hr>
          </gpxtpx:TrackPointExtension>
        </extensions>
      </trkpt>
      <trkpt lat="28.233570151721654" lon="112.90329193613033">
        <ele>64.79734497144818</ele>
        <time>2026-08-17T22:27:16.800000Z</time>
        <extensions>
          <gpxtpx:TrackPointExtension>
            <gpxtpx:hr>132</gpxtpx:hr>
          </gpxtpx:TrackPointExtension>
        </extensions>
      </trkpt>
      <trkpt lat="28.23356737608625" lon="112.90327399201031">
        <ele>64.77901581954211</ele>
        <time>2026-08-17T22:27:17.800000Z</time>
        <extensions>
          <gpxtpx:TrackPointExtension>
            <gpxtpx:hr>132</gpxtpx:hr>
          </gpxtpx:TrackPointExtension>
        </extensions>
      </trkpt>
      <trkpt lat="28.233563891385888" lon="112.90325566452056">
        <ele>64.75387604814023</ele>
        <time>2026-08-17T22:27:18.800000Z</time>
        <extensions>
          <gpxtpx:TrackPointExtension>
            <gpxtpx:hr>132</gpxtpx:hr>
          </gpxtpx:TrackPointExtension>
        </extensions>
      </trkpt>
      <trkpt lat="28.233560349351578" lon="112.90323823512094">
        <ele>64.72191638872027</ele>
        <time>2026-08-17T22:27:19.800000Z</time>
        <extensions>
          <gpxtpx:TrackPointExtension>
            <gpxtpx:hr>132</gpxtpx:hr>
          </gpxtpx:TrackPointExtension>
        </extensions>
      </trkpt>
      <trkpt lat="28.233556793493868" lon="112.90322166973311">
        <ele>64.68285948503762</ele>
        <time>2026-08-17T22:27:20.800000Z</time>
        <extensions>
          <gpxtpx:TrackPointExtension>
            <gpxtpx:hr>132</gpxtpx:hr>
          </gpxtpx:TrackPointExtension>
        </extensions>
      </trkpt>
      <trkpt lat="28.233552690503604" lon="112.90320389515524">
        <ele>64.63874713610858</ele>
        <time>2026-08-17T22:27:21.700000Z</time>
        <extensions>
          <gpxtpx:TrackPointExtension>
            <gpxtpx:hr>132</gpxtpx:hr>
          </gpxtpx:TrackPointExtension>
        </extensions>
      </trkpt>
      <trkpt lat="28.23354801409005" lon="112.90318387770695">
        <ele>64.58715825993568</ele>
        <time>2026-08-17T22:27:22.700000Z</time>
        <extensions>
          <gpxtpx:TrackPointExtension>
            <gpxtpx:hr>132</gpxtpx:hr>
          </gpxtpx:TrackPointExtension>
        </extensions>
      </trkpt>
      <trkpt lat="28.233543199029086" lon="112.90316297606697">
        <ele>64.52963578887284</ele>
        <time>2026-08-17T22:27:23.700000Z</time>
        <extensions>
          <gpxtpx:TrackPointExtension>
            <gpxtpx:hr>132</gpxtpx:hr>
          </gpxtpx:TrackPointExtension>
        </extensions>
      </trkpt>
      <trkpt lat="28.23353803578195" lon="112.9031413994254">
        <ele>64.46722499933094</ele>
        <time>2026-08-17T22:27:24.700000Z</time>
        <extensions>
          <gpxtpx:TrackPointExtension>
            <gpxtpx:hr>132</gpxtpx:hr>
          </gpxtpx:TrackPointExtension>
        </extensions>
      </trkpt>
      <trkpt lat="28.233531827280498" lon="112.90311807317751">
        <ele>64.40112561453134</ele>
        <time>2026-08-17T22:27:25.700000Z</time>
        <extensions>
          <gpxtpx:TrackPointExtension>
            <gpxtpx:hr>132</gpxtpx:hr>
          </gpxtpx:TrackPointExtension>
        </extensions>
      </trkpt>
      <trkpt lat="28.23352411014599" lon="112.90309305572958">
        <ele>64.33268054109067</ele>
        <time>2026-08-17T22:27:26.700000Z</time>
        <extensions>
          <gpxtpx:TrackPointExtension>
            <gpxtpx:hr>139</gpxtpx:hr>
          </gpxtpx:TrackPointExtension>
        </extensions>
      </trkpt>
      <trkpt lat="28.233514448143595" lon="112.90306693143337">
        <ele>64.26340488530695</ele>
        <time>2026-08-17T22:27:27.700000Z</time>
        <extensions>
          <gpxtpx:TrackPointExtension>
            <gpxtpx:hr>139</gpxtpx:hr>
          </gpxtpx:TrackPointExtension>
        </extensions>
      </trkpt>
      <trkpt lat="28.233502491069455" lon="112.90304081734268">
        <ele>64.1947966478765</ele>
        <time>2026-08-17T22:27:28.700000Z</time>
        <extensions>
          <gpxtpx:TrackPointExtension>
            <gpxtpx:hr>139</gpxtpx:hr>
          </gpxtpx:TrackPointExtension>
        </extensions>
      </trkpt>
      <trkpt lat="28.233488454982222" lon="112.90301553692245">
        <ele>64.12835733219981</ele>
        <time>2026-08-17T22:27:29.700000Z</time>
        <extensions>
          <gpxtpx:TrackPointExtension>
            <gpxtpx:hr>139</gpxtpx:hr>
          </gpxtpx:TrackPointExtension>
        </extensions>
      </trkpt>
      <trkpt lat="28.233473364334937" lon="112.90299124550558">
        <ele>64.06546614784747</ele>
        <time>2026-08-17T22:27:30.700000Z</time>
        <extensions>
          <gpxtpx:TrackPointExtension>
            <gpxtpx:hr>139</gpxtpx:hr>
          </gpxtpx:TrackPointExtension>
        </extensions>
      </trkpt>
      <trkpt lat="28.233458788110447" lon="112.90296745431272">
        <ele>64.00739867053926</ele>
        <time>2026-08-17T22:27:31.700000Z</time>
        <extensions>
          <gpxtpx:TrackPointExtension>
            <gpxtpx:hr>139</gpxtpx:hr>
          </gpxtpx:TrackPointExtension>
        </extensions>
      </trkpt>
      <trkpt lat="28.23344631228899" lon="112.90294348940377">
        <ele>63.9550986494869</ele>
        <time>2026-08-17T22:27:32.700000Z</time>
        <extensions>
          <gpxtpx:TrackPointExtension>
            <gpxtpx:hr>140</gpxtpx:hr>
          </gpxtpx:TrackPointExtension>
        </extensions>
      </trkpt>
      <trkpt lat="28.23343695673318" lon="112.90291883513493">
        <ele>63.90881111007184</ele>
        <time>2026-08-17T22:27:33.700000Z</time>
        <extensions>
          <gpxtpx:TrackPointExtension>
            <gpxtpx:hr>140</gpxtpx:hr>
          </gpxtpx:TrackPointExtension>
        </extensions>
      </trkpt>
      <trkpt lat="28.233430692681647" lon="112.90289317049721">
        <ele>63.86812433041632</ele>
        <time>2026-08-17T22:27:34.700000Z</time>
        <extensions>
          <gpxtpx:TrackPointExtension>
            <gpxtpx:hr>140</gpxtpx:hr>
          </gpxtpx:TrackPointExtension>
        </extensions>
      </trkpt>
      <trkpt lat="28.233426743554926" lon="112.90286622738657">
        <ele>63.83215913269669</ele>
        <time>2026-08-17T22:27:35.700000Z</time>
        <extensions>
          <gpxtpx:TrackPointExtension>
            <gpxtpx:hr>140</gpxtpx:hr>
          </gpxtpx:TrackPointExtension>
        </extensions>
      </trkpt>
      <trkpt lat="28.233424901657134" lon="112.9028380434394">
        <ele>63.799417804926634</ele>
        <time>2026-08-17T22:27:36.700000Z</time>
        <extensions>
          <gpxtpx:TrackPointExtension>
            <gpxtpx:hr>146</gpxtpx:hr>
          </gpxtpx:TrackPointExtension>
        </extensions>
      </trkpt>
      <trkpt lat="28.233424535144216" lon="112.90280939702087">
        <ele>63.76926457788795</ele>
        <time>2026-08-17T22:27:37.700000Z</time>
        <extensions>
          <gpxtpx:TrackPointExtension>
            <gpxtpx:hr>146</gpxtpx:hr>
          </gpxtpx:TrackPointExtension>
        </extensions>
      </trkpt>
      <trkpt lat="28.233423881368005" lon="112.90278152210287">
        <ele>63.74116166681051</ele>
        <time>2026-08-17T22:27:38.700000Z</time>
        <extensions>
          <gpxtpx:TrackPointExtension>
            <gpxtpx:hr>146</gpxtpx:hr>
          </gpxtpx:TrackPointExtension>
        </extensions>
      </trkpt>
      <trkpt lat="28.233421316432576" lon="112.90275561762834">
        <ele>63.71449303254485</ele>
        <time>2026-08-17T22:27:39.700000Z</time>
        <extensions>
          <gpxtpx:TrackPointExtension>
            <gpxtpx:hr>146</gpxtpx:hr>
          </gpxtpx:TrackPointExtension>
        </extensions>
      </trkpt>
      <trkpt lat="28.233415405228847" lon="112.90273310296068">
        <ele>63.689002309925854</ele>
        <time>2026-08-17T22:27:40.700000Z</time>
        <extensions>
          <gpxtpx:TrackPointExtension>
            <gpxtpx:hr>146</gpxtpx:hr>
          </gpxtpx:TrackPointExtension>
        </extensions>
      </trkpt>
      <trkpt lat="28.23340574255916" lon="112.90271564879937">
        <ele>63.66445277351886</ele>
        <time>2026-08-17T22:27:41.700000Z</time>
        <extensions>
          <gpxtpx:TrackPointExtension>
            <gpxtpx:hr>149</gpxtpx:hr>
          </gpxtpx:TrackPointExtension>
        </extensions>
      </trkpt>
      <trkpt lat="28.233393100015263" lon="112.90270427098972">
        <ele>63.63965084590018</ele>
        <time>2026-08-17T22:27:42.700000Z</time>
        <extensions>
          <gpxtpx:TrackPointExtension>
            <gpxtpx:hr>149</gpxtpx:hr>
          </gpxtpx:TrackPointExtension>
        </extensions>
      </trkpt>
      <trkpt lat="28.233378671376258" lon="112.9027001730828">
        <ele>63.61534355394542</ele>
        <time>2026-08-17T22:27:43.700000Z</time>
        <extensions>
          <gpxtpx:TrackPointExtension>
            <gpxtpx:hr>149</gpxtpx:hr>
          </gpxtpx:TrackPointExtension>
        </extensions>
      </trkpt>
      <trkpt lat="28.233363911095143" lon="112.90270355610491">
        <ele>63.590102965943515</ele>
        <time>2026-08-17T22:27:44.700000Z</time>
        <extensions>
          <gpxtpx:TrackPointExtension>
            <gpxtpx:hr>149</gpxtpx:hr>
          </gpxtpx:TrackPointExtension>
        </extensions>
      </trkpt>
      <trkpt lat="28.233350128969743" lon="112.90271306748618">
        <ele>63.563189247623086</ele>
        <time>2026-08-17T22:27:45.700000Z</time>
        <extensions>
          <gpxtpx:TrackPointExtension>
            <gpxtpx:hr>149</gpxtpx:hr>
          </gpxtpx:TrackPointExtension>
        </extensions>
      </trkpt>
      <trkpt lat="28.233338302354678" lon="112.90272800623687">
        <ele>63.53411159105599</ele>
        <time>2026-08-17T22:27:46.700000Z</time>
        <extensions>
          <gpxtpx:TrackPointExtension>
            <gpxtpx:hr>153</gpxtpx:hr>
          </gpxtpx:TrackPointExtension>
        </extensions>
      </trkpt>
      <trkpt lat="28.233329158088814" lon="112.90274760517764">
        <ele>63.50277245324105</ele>
        <time>2026-08-17T22:27:47.700000Z</time>
        <extensions>
          <gpxtpx:TrackPointExtension>
            <gpxtpx:hr>153</gpxtpx:hr>
          </gpxtpx:TrackPointExtension>
        </extensions>
      </trkpt>
      <trkpt lat="28.233323045126237" lon="112.90277063608052">
        <ele>63.46953430119902</ele>
        <time>2026-08-17T22:27:48.700000Z</time>
        <extensions>
          <gpxtpx:TrackPointExtension>
            <gpxtpx:hr>153</gpxtpx:hr>
          </gpxtpx:TrackPointExtension>
        </extensions>
      </trkpt>
      <trkpt lat="28.233319531742595" lon="112.90279583655224">
        <ele>63.435122202150524</ele>
        <time>2026-08-17T22:27:49.700000Z</time>
        <extensions>
          <gpxtpx:TrackPointExtension>
            <gpxtpx:hr>153</gpxtpx:hr>
          </gpxtpx:TrackPointExtension>
        </extensions>
      </trkpt>
      <trkpt lat="28.23331758508589" lon="112.90282207166932">
        <ele>63.40051906183362</ele>
        <time>2026-08-17T22:27:50.700000Z</time>
        <extensions>
          <gpxtpx:TrackPointExtension>
            <gpxtpx:hr>153</gpxtpx:hr>
          </gpxtpx:TrackPointExtension>
        </extensions>
      </trkpt>
      <trkpt lat="28.23331603642377" lon="112.90284855716126">
        <ele>63.366782922297716</ele>
        <time>2026-08-17T22:27:51.700000Z</time>
        <extensions>
          <gpxtpx:TrackPointExtension>
            <gpxtpx:hr>155</gpxtpx:hr>
          </gpxtpx:TrackPointExtension>
        </extensions>
      </trkpt>
      <trkpt lat="28.233313735535038" lon="112.90287497713">
        <ele>63.33486252371222</ele>
        <time>2026-08-17T22:27:52.700000Z</time>
        <extensions>
          <gpxtpx:TrackPointExtension>
            <gpxtpx:hr>155</gpxtpx:hr>
          </gpxtpx:TrackPointExtension>
        </extensions>
      </trkpt>
      <trkpt lat="28.233309943641878" lon="112.90290132501427">
        <ele>63.305964447557926</ele>
        <time>2026-08-17T22:27:53.700000Z</time>
        <extensions>
          <gpxtpx:TrackPointExtension>
            <gpxtpx:hr>155</gpxtpx:hr>
          </gpxtpx:TrackPointExtension>
        </extensions>
      </trkpt>
      <trkpt lat="28.233304246165172" lon="112.90292743233913">
        <ele>63.28123429603875</ele>
        <time>2026-08-17T22:27:54.700000Z</time>
        <extensions>
          <gpxtpx:TrackPointExtension>
            <gpxtpx:hr>155</gpxtpx:hr>
          </gpxtpx:TrackPointExtension>
        </extensions>
      </trkpt>
      <trkpt lat="28.233296686476372" lon="112.90295291755916">
        <ele>63.26207028888166</ele>
        <time>2026-08-17T22:27:55.700000Z</time>
        <extensions>
          <gpxtpx:TrackPointExtension>
            <gpxtpx:hr>156</gpxtpx:hr>
          </gpxtpx:TrackPointExtension>
        </extensions>
      </trkpt>
      <trkpt lat="28.233288016296193" lon="112.90297777285295">
        <ele>63.250099478289485</ele>
        <time>2026-08-17T22:27:56.700000Z</time>
        <extensions>
          <gpxtpx:TrackPointExtension>
            <gpxtpx:hr>156</gpxtpx:hr>
          </gpxtpx:TrackPointExtension>
        </extensions>
      </trkpt>
      <trkpt lat="28.23327887736876" lon="112.90300228684444">
        <ele>63.247174519114196</ele>
        <time>2026-08-17T22:27:57.700000Z</time>
        <extensions>
          <gpxtpx:TrackPointExtension>
            <gpxtpx:hr>156</gpxtpx:hr>
          </gpxtpx:TrackPointExtension>
        </extensions>
      </trkpt>
      <trkpt lat="28.23326970869617" lon="112.90302670837687">
        <ele>63.255170927383006</ele>
        <time>2026-08-17T22:27:58.700000Z</time>
        <extensions>
          <gpxtpx:TrackPointExtension>
            <gpxtpx:hr>156</gpxtpx:hr>
          </gpxtpx:TrackPointExtension>
        </extensions>
      </trkpt>
      <trkpt lat="28.233261108235208" lon="112.90305113108025">
        <ele>63.2756272116676</ele>
        <time>2026-08-17T22:27:59.700000Z</time>
        <extensions>
          <gpxtpx:TrackPointExtension>
            <gpxtpx:hr>156</gpxtpx:hr>
          </gpxtpx:TrackPointExtension>
        </extensions>
      </trkpt>
      <trkpt lat="28.23325374231449" lon="112.90307558844691">
        <ele>63.30944960471243</ele>
        <time>2026-08-17T22:28:00.700000Z</time>
        <extensions>
          <gpxtpx:TrackPointExtension>
            <gpxtpx:hr>156</gpxtpx:hr>
          </gpxtpx:TrackPointExtension>
        </extensions>
      </trkpt>
      <trkpt lat="28.2332482262648" lon="112.90310035718302">
        <ele>63.35698316153139</ele>
        <time>2026-08-17T22:28:01.700000Z</time>
        <extensions>
          <gpxtpx:TrackPointExtension>
            <gpxtpx:hr>160</gpxtpx:hr>
          </gpxtpx:TrackPointExtension>
        </extensions>
      </trkpt>
      <trkpt lat="28.233244700181984" lon="112.90312563777525">
        <ele>63.418304862454534</ele>
        <time>2026-08-17T22:28:02.700000Z</time>
        <extensions>
          <gpxtpx:TrackPointExtension>
            <gpxtpx:hr>160</gpxtpx:hr>
          </gpxtpx:TrackPointExtension>
        </extensions>
      </trkpt>
      <trkpt lat="28.23324330180986" lon="112.90315153669835">
        <ele>63.493135585449636</ele>
        <time>2026-08-17T22:28:03.700000Z</time>
        <extensions>
          <gpxtpx:TrackPointExtension>
            <gpxtpx:hr>160</gpxtpx:hr>
          </gpxtpx:TrackPointExtension>
        </extensions>
      </trkpt>
      <trkpt lat="28.23324430486244" lon="112.90317802905652">
        <ele>63.580700050108135</ele>
        <time>2026-08-17T22:28:04.700000Z</time>
        <extensions>
          <gpxtpx:TrackPointExtension>
            <gpxtpx:hr>160</gpxtpx:hr>
          </gpxtpx:TrackPointExtension>
        </extensions>
      </trkpt>
      <trkpt lat="28.233247786974015" lon="112.9032047533862">
        <ele>63.67971184384078</ele>
        <time>2026-08-17T22:28:05.700000Z</time>
        <extensions>
          <gpxtpx:TrackPointExtension>
            <gpxtpx:hr>160</gpxtpx:hr>
          </gpxtpx:TrackPointExtension>
        </extensions>
      </trkpt>
      <trkpt lat="28.23325403323983" lon="112.90323119120585">
        <ele>63.78834313713014</ele>
        <time>2026-08-17T22:28:06.700000Z</time>
        <extensions>
          <gpxtpx:TrackPointExtension>
            <gpxtpx:hr>160</gpxtpx:hr>
          </gpxtpx:TrackPointExtension>
        </extensions>
      </trkpt>
      <trkpt lat="28.23326316292849" lon="112.90325694387495">
        <ele>63.9041808899492</ele>
        <time>2026-08-17T22:28:07.700000Z</time>
        <extensions>
          <gpxtpx:TrackPointExtension>
            <gpxtpx:hr>160</gpxtpx:hr>
          </gpxtpx:TrackPointExtension>
        </extensions>
      </trkpt>
      <trkpt lat="28.233274735372323" lon="112.90328187487216">
        <ele>64.02406094875187</ele>
        <time>2026-08-17T22:28:08.700000Z</time>
        <extensions>
          <gpxtpx:TrackPointExtension>
            <gpxtpx:hr>162</gpxtpx:hr>
          </gpxtpx:TrackPointExtension>
        </extensions>
      </trkpt>
      <trkpt lat="28.233287996382575" lon="112.90330612099136">
        <ele>64.14378792792559</ele>
        <time>2026-08-17T22:28:09.700000Z</time>
        <extensions>
          <gpxtpx:TrackPointExtension>
            <gpxtpx:hr>162</gpxtpx:hr>
          </gpxtpx:TrackPointExtension>
        </extensions>
      </trkpt>
      <trkpt lat="28.23330223430535" lon="112.90332982552233">
        <ele>64.25776705145836</ele>
        <time>2026-08-17T22:28:10.700000Z</time>
        <extensions>
          <gpxtpx:TrackPointExtension>
            <gpxtpx:hr>162</gpxtpx:hr>
          </gpxtpx:TrackPointExtension>
        </extensions>
      </trkpt>
      <trkpt lat="28.23331538862635" lon="112.90335049880001">
        <ele>64.34916928131133</ele>
        <time>2026-08-17T22:28:11.500000Z</time>
        <extensions>
          <gpxtpx:TrackPointExtension>
            <gpxtpx:hr>162</gpxtpx:hr>
          </gpxtpx:TrackPointExtension>
        </extensions>
      </trkpt>
      <trkpt lat="28.23333041342942" lon="112.90337378892703">
        <ele>64.43489404395223</ele>
        <time>2026-08-17T22:28:12.500000Z</time>
        <extensions>
          <gpxtpx:TrackPointExtension>
            <gpxtpx:hr>162</gpxtpx:hr>
          </gpxtpx:TrackPointExtension>
        </extensions>
      </trkpt>
      <trkpt lat="28.233344921437972" lon="112.9033975893446">
        <ele>64.49720307067037</ele>
        <time>2026-08-17T22:28:13.500000Z</time>
        <extensions>
          <gpxtpx:TrackPointExtension>
            <gpxtpx:hr>164</gpxtpx:hr>
          </gpxtpx:TrackPointExtension>
        </extensions>
      </trkpt>
      <trkpt lat="28.23335859499803" lon="112.90342234547569">
        <ele>64.53501218557358</ele>
        <time>2026-08-17T22:28:14.500000Z</time>
        <extensions>
          <gpxtpx:TrackPointExtension>
            <gpxtpx:hr>164</gpxtpx:hr>
          </gpxtpx:TrackPointExtension>
        </extensions>
      </trkpt>
      <trkpt lat="28.23337142200844" lon="112.90344804827662">
        <ele>64.54905729927123</ele>
        <time>2026-08-17T22:28:15.500000Z</time>
        <extensions>
          <gpxtpx:TrackPointExtension>
            <gpxtpx:hr>164</gpxtpx:hr>
          </gpxtpx:TrackPointExtension>
        </extensions>
      </trkpt>
      <trkpt lat="28.233383444061648" lon="112.90347449451805">
        <ele>64.54091448243707</ele>
        <time>2026-08-17T22:28:16.500000Z</time>
        <extensions>
          <gpxtpx:TrackPointExtension>
            <gpxtpx:hr>164</gpxtpx:hr>
          </gpxtpx:TrackPointExtension>
        </extensions>
      </trkpt>
      <trkpt lat="28.233394527422398" lon="112.90350153022213">
        <ele>64.51277136616409</ele>
        <time>2026-08-17T22:28:17.500000Z</time>
        <extensions>
          <gpxtpx:TrackPointExtension>
            <gpxtpx:hr>164</gpxtpx:hr>
          </gpxtpx:TrackPointExtension>
        </extensions>
      </trkpt>
      <trkpt lat="28.233404424427462" lon="112.90352878129744">
        <ele>64.46786549314857</ele>
        <time>2026-08-17T22:28:18.500000Z</time>
        <extensions>
          <gpxtpx:TrackPointExtension>
            <gpxtpx:hr>165</gpxtpx:hr>
          </gpxtpx:TrackPointExtension>
        </extensions>
      </trkpt>
      <trkpt lat="28.233414191146284" lon="112.90355843629334">
        <ele>64.4054249310866</ele>
        <time>2026-08-17T22:28:19.600000Z</time>
        <extensions>
          <gpxtpx:TrackPointExtension>
            <gpxtpx:hr>165</gpxtpx:hr>
          </gpxtpx:TrackPointExtension>
        </extensions>
      </trkpt>
      <trkpt lat="28.233422791532913" lon="112.90358482295785">
        <ele>64.34430980496109</ele>
        <time>2026-08-17T22:28:20.600000Z</time>
        <extensions>
          <gpxtpx:TrackPointExtension>
            <gpxtpx:hr>165</gpxtpx:hr>
          </gpxtpx:TrackPointExtension>
        </extensions>
      </trkpt>
      <trkpt lat="28.233432121062872" lon="112.9036104113843">
        <ele>64.28614823333919</ele>
        <time>2026-08-17T22:28:21.600000Z</time>
        <extensions>
          <gpxtpx:TrackPointExtension>
            <gpxtpx:hr>165</gpxtpx:hr>
          </gpxtpx:TrackPointExtension>
        </extensions>
      </trkpt>
      <trkpt lat="28.233443121199603" lon="112.90363493646113">
        <ele>64.23543088138103</ele>
        <time>2026-08-17T22:28:22.600000Z</time>
        <extensions>
          <gpxtpx:TrackPointExtension>
            <gpxtpx:hr>167</gpxtpx:hr>
          </gpxtpx:TrackPointExtension>
        </extensions>
      </trkpt>
      <trkpt lat="28.233456770765414" lon="112.90365764002179">
        <ele>64.195088067092</ele>
        <time>2026-08-17T22:28:23.600000Z</time>
        <extensions>
          <gpxtpx:TrackPointExtension>
            <gpxtpx:hr>167</gpxtpx:hr>
          </gpxtpx:TrackPointExtension>
        </extensions>
      </trkpt>
      <trkpt lat="28.233473397187975" lon="112.90367726171134">
        <ele>64.16667365282774</ele>
        <time>2026-08-17T22:28:24.600000Z</time>
        <extensions>
          <gpxtpx:TrackPointExtension>
            <gpxtpx:hr>167</gpxtpx:hr>
          </gpxtpx:TrackPointExtension>
        </extensions>
      </trkpt>
      <trkpt lat="28.233492397734818" lon="112.90369262976816">
        <ele>64.15103766042739</ele>
        <time>2026-08-17T22:28:25.600000Z</time>
        <extensions>
          <gpxtpx:TrackPointExtension>
            <gpxtpx:hr>167</gpxtpx:hr>
          </gpxtpx:TrackPointExtension>
        </extensions>
      </trkpt>
      <trkpt lat="28.23351271815135" lon="112.90370319996684">
        <ele>64.14865496568382</ele>
        <time>2026-08-17T22:28:26.600000Z</time>
        <extensions>
          <gpxtpx:TrackPointExtension>
            <gpxtpx:hr>167</gpxtpx:hr>
          </gpxtpx:TrackPointExtension>
        </extensions>
      </trkpt>
      <trkpt lat="28.233533309698682" lon="112.90370897718411">
        <ele>64.15924291219562</ele>
        <time>2026-08-17T22:28:27.600000Z</time>
        <extensions>
          <gpxtpx:TrackPointExtension>
            <gpxtpx:hr>167</gpxtpx:hr>
          </gpxtpx:TrackPointExtension>
        </extensions>
      </trkpt>
      <trkpt lat="28.23355343096358" lon="112.90371046360305">
        <ele>64.18182508274913</ele>
        <time>2026-08-17T22:28:28.600000Z</time>
        <extensions>
          <gpxtpx:TrackPointExtension>
            <gpxtpx:hr>167</gpxtpx:hr>
          </gpxtpx:TrackPointExtension>
        </extensions>
      </trkpt>
      <trkpt lat="28.233572353474287" lon="112.90370794923597">
        <ele>64.21452923770994</ele>
        <time>2026-08-17T22:28:29.600000Z</time>
        <extensions>
          <gpxtpx:TrackPointExtension>
            <gpxtpx:hr>167</gpxtpx:hr>
          </gpxtpx:TrackPointExtension>
        </extensions>
      </trkpt>
      <trkpt lat="28.233589138167247" lon="112.90370112067357">
        <ele>64.25431826431304</ele>
        <time>2026-08-17T22:28:30.600000Z</time>
        <extensions>
          <gpxtpx:TrackPointExtension>
            <gpxtpx:hr>167</gpxtpx:hr>
          </gpxtpx:TrackPointExtension>
        </extensions>
      </trkpt>
      <trkpt lat="28.233602888275936" lon="112.90368995050405">
        <ele>64.29717069957405</ele>
        <time>2026-08-17T22:28:31.600000Z</time>
        <extensions>
          <gpxtpx:TrackPointExtension>
            <gpxtpx:hr>170</gpxtpx:hr>
          </gpxtpx:TrackPointExtension>
        </extensions>
      </trkpt>
      <trkpt lat="28.233613323011816" lon="112.90367694448292">
        <ele>64.33528969436884</ele>
        <time>2026-08-17T22:28:32.500000Z</time>
        <extensions>
          <gpxtpx:TrackPointExtension>
            <gpxtpx:hr>170</gpxtpx:hr>
          </gpxtpx:TrackPointExtension>
        </extensions>
      </trkpt>
      <trkpt lat="28.23362348824334" lon="112.90365986173349">
        <ele>64.37407527398318</ele>
        <time>2026-08-17T22:28:33.600000Z</time>
        <extensions>
          <gpxtpx:TrackPointExtension>
            <gpxtpx:hr>170</gpxtpx:hr>
          </gpxtpx:TrackPointExtension>
        </extensions>
      </trkpt>
      <trkpt lat="28.233631437958273" lon="112.90364247650183">
        <ele>64.40672642923892</ele>
        <time>2026-08-17T22:28:34.600000Z</time>
        <extensions>
          <gpxtpx:TrackPointExtension>
            <gpxtpx:hr>170</gpxtpx:hr>
          </gpxtpx:TrackPointExtension>
        </extensions>
      </trkpt>
      <trkpt lat="28.233639119826794" lon="112.9036245451273">
        <ele>64.4401976596564</ele>
        <time>2026-08-17T22:28:35.600000Z</time>
        <extensions>
          <gpxtpx:TrackPointExtension>
            <gpxtpx:hr>170</gpxtpx:hr>
          </gpxtpx:TrackPointExtension>
        </extensions>
      </trkpt>
      <trkpt lat="28.233647120374027" lon="112.9036066690341">
        <ele>64.47720272932202</ele>
        <time>2026-08-17T22:28:36.600000Z</time>
        <extensions>
          <gpxtpx:TrackPointExtension>
            <gpxtpx:hr>170</gpxtpx:hr>
          </gpxtpx:TrackPointExtension>
        </extensions>
      </trkpt>
      <trkpt lat="28.23365502559972" lon="112.90358919875592">
        <ele>64.51943108253181</ele>
        <time>2026-08-17T22:28:37.600000Z</time>
        <extensions>
          <gpxtpx:TrackPointExtension>
            <gpxtpx:hr>170</gpxtpx:hr>
          </gpxtpx:TrackPointExtension>
        </extensions>
      </trkpt>
      <trkpt lat="28.23366186207754" lon="112.90357262180243">
        <ele>64.56753122713417</ele>
        <time>2026-08-17T22:28:38.600000Z</time>
        <extensions>
          <gpxtpx:TrackPointExtension>
            <gpxtpx:hr>168</gpxtpx:hr>
          </gpxtpx:TrackPointExtension>
        </extensions>
      </trkpt>
      <trkpt lat="28.23366683532249" lon="112.90355812533782">
        <ele>64.62098744418472</ele>
        <time>2026-08-17T22:28:39.600000Z</time>
        <extensions>
          <gpxtpx:TrackPointExtension>
            <gpxtpx:hr>168</gpxtpx:hr>
          </gpxtpx:TrackPointExtension>
        </extensions>
      </trkpt>
      <trkpt lat="28.233670799929502" lon="112.90354634674694">
        <ele>64.67801202554256</ele>
        <time>2026-08-17T22:28:40.600000Z</time>
        <extensions>
          <gpxtpx:TrackPointExtension>
            <gpxtpx:hr>168</gpxtpx:hr>
          </gpxtpx:TrackPointExtension>
        </extensions>
      </trkpt>
      <trkpt lat="28.23367529110177" lon="112.90353674409896">
        <ele>64.73543951287866</ele>
        <time>2026-08-17T22:28:41.600000Z</time>
        <extensions>
          <gpxtpx:TrackPointExtension>
            <gpxtpx:hr>168</gpxtpx:hr>
          </gpxtpx:TrackPointExtension>
        </extensions>
      </trkpt>
      <trkpt lat="28.233680319709993" lon="112.90352879303255">
        <ele>64.78584193717688</ele>
        <time>2026-08-17T22:28:42.500000Z</time>
        <extensions>
          <gpxtpx:TrackPointExtension>
            <gpxtpx:hr>167</gpxtpx:hr>
          </gpxtpx:TrackPointExtension>
        </extensions>
      </trkpt>
      <trkpt lat="28.233685604371804" lon="112.9035203408561">
        <ele>64.83021844178438</ele>
        <time>2026-08-17T22:28:43.500000Z</time>
        <extensions>
          <gpxtpx:TrackPointExtension>
            <gpxtpx:hr>167</gpxtpx:hr>
          </gpxtpx:TrackPointExtension>
        </extensions>
      </trkpt>
      <trkpt lat="28.23368938253772" lon="112.90351143916482">
        <ele>64.8625111663714</ele>
        <time>2026-08-17T22:28:44.500000Z</time>
        <extensions>
          <gpxtpx:TrackPointExtension>
            <gpxtpx:hr>167</gpxtpx:hr>
          </gpxtpx:TrackPointExtension>
        </extensions>
      </trkpt>
      <trkpt lat="28.233690867800156" lon="112.90350224060268">
        <ele>64.88325523491949</ele>
        <time>2026-08-17T22:28:45.500000Z</time>
        <extensions>
          <gpxtpx:TrackPointExtension>
            <gpxtpx:hr>167</gpxtpx:hr>
          </gpxtpx:TrackPointExtension>
        </extensions>
      </trkpt>
      <trkpt lat="28.233690211778384" lon="112.90349268513559">
        <ele>64.89467126782984</ele>
        <time>2026-08-17T22:28:46.500000Z</time>
        <extensions>
          <gpxtpx:TrackPointExtension>
            <gpxtpx:hr>167</gpxtpx:hr>
          </gpxtpx:TrackPointExtension>
        </extensions>
      </trkpt>
      <trkpt lat="28.233687716361935" lon="112.90348265471884">
        <ele>64.89955133385956</ele>
        <time>2026-08-17T22:28:47.500000Z</time>
        <extensions>
          <gpxtpx:TrackPointExtension>
            <gpxtpx:hr>163</gpxtpx:hr>
          </gpxtpx:TrackPointExtension>
        </extensions>
      </trkpt>
      <trkpt lat="28.23368358082819" lon="112.90347232042899">
        <ele>64.90055491402745</ele>
        <time>2026-08-17T22:28:48.500000Z</time>
        <extensions>
          <gpxtpx:TrackPointExtension>
            <gpxtpx:hr>163</gpxtpx:hr>
          </gpxtpx:TrackPointExtension>
        </extensions>
      </trkpt>
      <trkpt lat="28.233678268899837" lon="112.90346190360728">
        <ele>64.89980192482471</ele>
        <time>2026-08-17T22:28:49.500000Z</time>
        <extensions>
          <gpxtpx:TrackPointExtension>
            <gpxtpx:hr>163</gpxtpx:hr>
          </gpxtpx:TrackPointExtension>
        </extensions>
      </trkpt>
      <trkpt lat="28.233672430145685" lon="112.90345154279545">
        <ele>64.89874721691012</ele>
        <time>2026-08-17T22:28:50.500000Z</time>
        <extensions>
          <gpxtpx:TrackPointExtension>
            <gpxtpx:hr>163</gpxtpx:hr>
          </gpxtpx:TrackPointExtension>
        </extensions>
      </trkpt>
      <trkpt lat="28.233666905467896" lon="112.90344113319557">
        <ele>64.89831174444407</ele>
        <time>2026-08-17T22:28:51.500000Z</time>
        <extensions>
          <gpxtpx:TrackPointExtension>
            <gpxtpx:hr>163</gpxtpx:hr>
          </gpxtpx:TrackPointExtension>
        </extensions>
      </trkpt>
      <trkpt lat="28.233666902654" lon="112.90344113401643">
        <ele>64.89831070508808</ele>
        <time>2026-08-17T22:28:51.500000Z</time>
        <extensions>
          <gpxtpx:TrackPointExtension>
            <gpxtpx:hr>163</gpxtpx:hr>
          </gpxtpx:TrackPointExtension>
        </extensions>
      </trkpt>
      <trkpt lat="28.233662829132918" lon="112.90342968777477">
        <ele>64.8990315683186</ele>
        <time>2026-08-17T22:28:52.500000Z</time>
        <extensions>
          <gpxtpx:TrackPointExtension>
            <gpxtpx:hr>163</gpxtpx:hr>
          </gpxtpx:TrackPointExtension>
        </extensions>
      </trkpt>
      <trkpt lat="28.233660381884043" lon="112.90341604779147">
        <ele>64.90135662909597</ele>
        <time>2026-08-17T22:28:53.600000Z</time>
        <extensions>
          <gpxtpx:TrackPointExtension>
            <gpxtpx:hr>163</gpxtpx:hr>
          </gpxtpx:TrackPointExtension>
        </extensions>
      </trkpt>
      <trkpt lat="28.23365918025718" lon="112.90340231385872">
        <ele>64.90480538830161</ele>
        <time>2026-08-17T22:28:54.500000Z</time>
        <extensions>
          <gpxtpx:TrackPointExtension>
            <gpxtpx:hr>163</gpxtpx:hr>
          </gpxtpx:TrackPointExtension>
        </extensions>
      </trkpt>
      <trkpt lat="28.23365866582457" lon="112.90338802148493">
        <ele>64.90873835142702</ele>
        <time>2026-08-17T22:28:55.500000Z</time>
        <extensions>
          <gpxtpx:TrackPointExtension>
            <gpxtpx:hr>163</gpxtpx:hr>
          </gpxtpx:TrackPointExtension>
        </extensions>
      </trkpt>
      <trkpt lat="28.233658655132214" lon="112.9033742440117">
        <ele>64.91185536514968</ele>
        <time>2026-08-17T22:28:56.500000Z</time>
        <extensions>
          <gpxtpx:TrackPointExtension>
            <gpxtpx:hr>162</gpxtpx:hr>
          </gpxtpx:TrackPointExtension>
        </extensions>
      </trkpt>
      <trkpt lat="28.23365898536782" lon="112.9033608044116">
        <ele>64.91313929669559</ele>
        <time>2026-08-17T22:28:57.500000Z</time>
        <extensions>
          <gpxtpx:TrackPointExtension>
            <gpxtpx:hr>162</gpxtpx:hr>
          </gpxtpx:TrackPointExtension>
        </extensions>
      </trkpt>
      <trkpt lat="28.233659626456806" lon="112.90334712194814">
        <ele>64.91173850465566</ele>
        <time>2026-08-17T22:28:58.500000Z</time>
        <extensions>
          <gpxtpx:TrackPointExtension>
            <gpxtpx:hr>162</gpxtpx:hr>
          </gpxtpx:TrackPointExtension>
        </extensions>
      </trkpt>
      <trkpt lat="28.233660524818124" lon="112.90333299521168">
        <ele>64.90696698054671</ele>
        <time>2026-08-17T22:28:59.500000Z</time>
        <extensions>
          <gpxtpx:TrackPointExtension>
            <gpxtpx:hr>162</gpxtpx:hr>
          </gpxtpx:TrackPointExtension>
        </extensions>
      </trkpt>
      <trkpt lat="28.23366155897896" lon="112.90331888716595">
        <ele>64.8982534268871</ele>
        <time>2026-08-17T22:29:00.500000Z</time>
        <extensions>
          <gpxtpx:TrackPointExtension>
            <gpxtpx:hr>162</gpxtpx:hr>
          </gpxtpx:TrackPointExtension>
        </extensions>
      </trkpt>
      <trkpt lat="28.233662558773933" lon="112.90330533472765">
        <ele>64.88501655682921</ele>
        <time>2026-08-17T22:29:01.500000Z</time>
        <extensions>
          <gpxtpx:TrackPointExtension>
            <gpxtpx:hr>162</gpxtpx:hr>
          </gpxtpx:TrackPointExtension>
        </extensions>
      </trkpt>
      <trkpt lat="28.233663249791896" lon="112.90329287907518">
        <ele>64.86661767214537</ele>
        <time>2026-08-17T22:29:02.500000Z</time>
        <extensions>
          <gpxtpx:TrackPointExtension>
            <gpxtpx:hr>162</gpxtpx:hr>
          </gpxtpx:TrackPointExtension>
        </extensions>
      </trkpt>
      <trkpt lat="28.23366332969077" lon="112.90328213266007">
        <ele>64.84256724081933</ele>
        <time>2026-08-17T22:29:03.500000Z</time>
        <extensions>
          <gpxtpx:TrackPointExtension>
            <gpxtpx:hr>159</gpxtpx:hr>
          </gpxtpx:TrackPointExtension>
        </extensions>
      </trkpt>
      <trkpt lat="28.23366221240193" lon="112.90327346093841">
        <ele>64.81296897586435</ele>
        <time>2026-08-17T22:29:04.500000Z</time>
        <extensions>
          <gpxtpx:TrackPointExtension>
            <gpxtpx:hr>159</gpxtpx:hr>
          </gpxtpx:TrackPointExtension>
        </extensions>
      </trkpt>
      <trkpt lat="28.233658595323053" lon="112.90326706790762">
        <ele>64.7786756772548</ele>
        <time>2026-08-17T22:29:05.600000Z</time>
        <extensions>
          <gpxtpx:TrackPointExtension>
            <gpxtpx:hr>159</gpxtpx:hr>
          </gpxtpx:TrackPointExtension>
        </extensions>
      </trkpt>
      <trkpt lat="28.233651800211124" lon="112.90326311273412">
        <ele>64.74325914308429</ele>
        <time>2026-08-17T22:29:06.600000Z</time>
        <extensions>
          <gpxtpx:TrackPointExtension>
            <gpxtpx:hr>159</gpxtpx:hr>
          </gpxtpx:TrackPointExtension>
        </extensions>
      </trkpt>
      <trkpt lat="28.233642352160327" lon="112.90326063994107">
        <ele>64.7086340347305</ele>
        <time>2026-08-17T22:29:07.600000Z</time>
        <extensions>
          <gpxtpx:TrackPointExtension>
            <gpxtpx:hr>159</gpxtpx:hr>
          </gpxtpx:TrackPointExtension>
        </extensions>
      </trkpt>
      <trkpt lat="28.233631634854415" lon="112.90325872555071">
        <ele>64.67629733029753</ele>
        <time>2026-08-17T22:29:08.600000Z</time>
        <extensions>
          <gpxtpx:TrackPointExtension>
            <gpxtpx:hr>158</gpxtpx:hr>
          </gpxtpx:TrackPointExtension>
        </extensions>
      </trkpt>
      <trkpt lat="28.233621132922142" lon="112.90325664075519">
        <ele>64.64690448809415</ele>
        <time>2026-08-17T22:29:09.600000Z</time>
        <extensions>
          <gpxtpx:TrackPointExtension>
            <gpxtpx:hr>158</gpxtpx:hr>
          </gpxtpx:TrackPointExtension>
        </extensions>
      </trkpt>
      <trkpt lat="28.23361207994976" lon="112.90325354158331">
        <ele>64.62021765299141</ele>
        <time>2026-08-17T22:29:10.500000Z</time>
        <extensions>
          <gpxtpx:TrackPointExtension>
            <gpxtpx:hr>158</gpxtpx:hr>
          </gpxtpx:TrackPointExtension>
        </extensions>
      </trkpt>
      <trkpt lat="28.233605567940995" lon="112.90324827837765">
        <ele>64.5951135084033</ele>
        <time>2026-08-17T22:29:11.500000Z</time>
        <extensions>
          <gpxtpx:TrackPointExtension>
            <gpxtpx:hr>158</gpxtpx:hr>
          </gpxtpx:TrackPointExtension>
        </extensions>
      </trkpt>
      <trkpt lat="28.23360170891572" lon="112.90324062862922">
        <ele>64.5695878546685</ele>
        <time>2026-08-17T22:29:12.500000Z</time>
        <extensions>
          <gpxtpx:TrackPointExtension>
            <gpxtpx:hr>158</gpxtpx:hr>
          </gpxtpx:TrackPointExtension>
        </extensions>
      </trkpt>
      <trkpt lat="28.233599885164352" lon="112.90323101256655">
        <ele>64.54043200518936</ele>
        <time>2026-08-17T22:29:13.500000Z</time>
        <extensions>
          <gpxtpx:TrackPointExtension>
            <gpxtpx:hr>156</gpxtpx:hr>
          </gpxtpx:TrackPointExtension>
        </extensions>
      </trkpt>
      <trkpt lat="28.23359957352526" lon="112.90321958153096">
        <ele>64.50567855220288</ele>
        <time>2026-08-17T22:29:14.500000Z</time>
        <extensions>
          <gpxtpx:TrackPointExtension>
            <gpxtpx:hr>156</gpxtpx:hr>
          </gpxtpx:TrackPointExtension>
        </extensions>
      </trkpt>
      <trkpt lat="28.233600221911363" lon="112.90320665251326">
        <ele>64.46704488154501</ele>
        <time>2026-08-17T22:29:15.500000Z</time>
        <extensions>
          <gpxtpx:TrackPointExtension>
            <gpxtpx:hr>156</gpxtpx:hr>
          </gpxtpx:TrackPointExtension>
        </extensions>
      </trkpt>
      <trkpt lat="28.23360162267355" lon="112.90319263953047">
        <ele>64.42700250260532</ele>
        <time>2026-08-17T22:29:16.500000Z</time>
        <extensions>
          <gpxtpx:TrackPointExtension>
            <gpxtpx:hr>156</gpxtpx:hr>
          </gpxtpx:TrackPointExtension>
        </extensions>
      </trkpt>
      <trkpt lat="28.233603983099748" lon="112.90317806740329">
        <ele>64.38746862206608</ele>
        <time>2026-08-17T22:29:17.500000Z</time>
        <extensions>
          <gpxtpx:TrackPointExtension>
            <gpxtpx:hr>155</gpxtpx:hr>
          </gpxtpx:TrackPointExtension>
        </extensions>
      </trkpt>
      <trkpt lat="28.23360720279635" lon="112.90316336926752">
        <ele>64.34892233926803</ele>
        <time>2026-08-17T22:29:18.500000Z</time>
        <extensions>
          <gpxtpx:TrackPointExtension>
            <gpxtpx:hr>155</gpxtpx:hr>
          </gpxtpx:TrackPointExtension>
        </extensions>
      </trkpt>
      <trkpt lat="28.233610767277522" lon="112.90314869269936">
        <ele>64.31267594825476</ele>
        <time>2026-08-17T22:29:19.500000Z</time>
        <extensions>
          <gpxtpx:TrackPointExtension>
            <gpxtpx:hr>155</gpxtpx:hr>
          </gpxtpx:TrackPointExtension>
        </extensions>
      </trkpt>
      <trkpt lat="28.23361401649671" lon="112.90313394986866">
        <ele>64.27895187120885</ele>
        <time>2026-08-17T22:29:20.500000Z</time>
        <extensions>
          <gpxtpx:TrackPointExtension>
            <gpxtpx:hr>153</gpxtpx:hr>
          </gpxtpx:TrackPointExtension>
        </extensions>
      </trkpt>
      <trkpt lat="28.233616428561106" lon="112.90311905189505">
        <ele>64.24867258314043</ele>
        <time>2026-08-17T22:29:21.500000Z</time>
        <extensions>
          <gpxtpx:TrackPointExtension>
            <gpxtpx:hr>153</gpxtpx:hr>
          </gpxtpx:TrackPointExtension>
        </extensions>
      </trkpt>
      <trkpt lat="28.233617753650165" lon="112.90310421316926">
        <ele>64.22145579569042</ele>
        <time>2026-08-17T22:29:22.500000Z</time>
        <extensions>
          <gpxtpx:TrackPointExtension>
            <gpxtpx:hr>153</gpxtpx:hr>
          </gpxtpx:TrackPointExtension>
        </extensions>
      </trkpt>
      <trkpt lat="28.233617997552425" lon="112.9030897232021">
        <ele>64.19729079771787</ele>
        <time>2026-08-17T22:29:23.500000Z</time>
        <extensions>
          <gpxtpx:TrackPointExtension>
            <gpxtpx:hr>153</gpxtpx:hr>
          </gpxtpx:TrackPointExtension>
        </extensions>
      </trkpt>
      <trkpt lat="28.233616842520775" lon="112.90307612386727">
        <ele>64.17614176962525</ele>
        <time>2026-08-17T22:29:24.500000Z</time>
        <extensions>
          <gpxtpx:TrackPointExtension>
            <gpxtpx:hr>153</gpxtpx:hr>
          </gpxtpx:TrackPointExtension>
        </extensions>
      </trkpt>
      <trkpt lat="28.23361382906455" lon="112.90306396517475">
        <ele>64.15802304912359</ele>
        <time>2026-08-17T22:29:25.500000Z</time>
        <extensions>
          <gpxtpx:TrackPointExtension>
            <gpxtpx:hr>151</gpxtpx:hr>
          </gpxtpx:TrackPointExtension>
        </extensions>
      </trkpt>
      <trkpt lat="28.233608839374913" lon="112.90305347957131">
        <ele>64.14244449418038</ele>
        <time>2026-08-17T22:29:26.500000Z</time>
        <extensions>
          <gpxtpx:TrackPointExtension>
            <gpxtpx:hr>151</gpxtpx:hr>
          </gpxtpx:TrackPointExtension>
        </extensions>
      </trkpt>
      <trkpt lat="28.233602140353042" lon="112.90304463873909">
        <ele>64.12914303597063</ele>
        <time>2026-08-17T22:29:27.500000Z</time>
        <extensions>
          <gpxtpx:TrackPointExtension>
            <gpxtpx:hr>151</gpxtpx:hr>
          </gpxtpx:TrackPointExtension>
        </extensions>
      </trkpt>
      <trkpt lat="28.23359431904058" lon="112.90303725071556">
        <ele>64.11792834568769</ele>
        <time>2026-08-17T22:29:28.500000Z</time>
        <extensions>
          <gpxtpx:TrackPointExtension>
            <gpxtpx:hr>151</gpxtpx:hr>
          </gpxtpx:TrackPointExtension>
        </extensions>
      </trkpt>
      <trkpt lat="28.233586019239258" lon="112.90303127213639">
        <ele>64.10831623803824</ele>
        <time>2026-08-17T22:29:29.500000Z</time>
        <extensions>
          <gpxtpx:TrackPointExtension>
            <gpxtpx:hr>151</gpxtpx:hr>
          </gpxtpx:TrackPointExtension>
        </extensions>
      </trkpt>
      <trkpt lat="28.23357772469364" lon="112.90302693624126">
        <ele>64.09954646416008</ele>
        <time>2026-08-17T22:29:30.500000Z</time>
        <extensions>
          <gpxtpx:TrackPointExtension>
            <gpxtpx:hr>149</gpxtpx:hr>
          </gpxtpx:TrackPointExtension>
        </extensions>
      </trkpt>
      <trkpt lat="28.233569466436915" lon="112.9030242003296">
        <ele>64.09101633355021</ele>
        <time>2026-08-17T22:29:31.500000Z</time>
        <extensions>
          <gpxtpx:TrackPointExtension>
            <gpxtpx:hr>149</gpxtpx:hr>
          </gpxtpx:TrackPointExtension>
        </extensions>
      </trkpt>
      <trkpt lat="28.233560867204393" lon="112.90302297090317">
        <ele>64.08241744246334</ele>
        <time>2026-08-17T22:29:32.500000Z</time>
        <extensions>
          <gpxtpx:TrackPointExtension>
            <gpxtpx:hr>149</gpxtpx:hr>
          </gpxtpx:TrackPointExtension>
        </extensions>
      </trkpt>
      <trkpt lat="28.23355182931329" lon="112.90302299249375">
        <ele>64.07280462887138</ele>
        <time>2026-08-17T22:29:33.500000Z</time>
        <extensions>
          <gpxtpx:TrackPointExtension>
            <gpxtpx:hr>149</gpxtpx:hr>
          </gpxtpx:TrackPointExtension>
        </extensions>
      </trkpt>
      <trkpt lat="28.233542524783978" lon="112.90302387660203">
        <ele>64.06140390504152</ele>
        <time>2026-08-17T22:29:34.500000Z</time>
        <extensions>
          <gpxtpx:TrackPointExtension>
            <gpxtpx:hr>149</gpxtpx:hr>
          </gpxtpx:TrackPointExtension>
        </extensions>
      </trkpt>
      <trkpt lat="28.23353310966221" lon="112.90302549737103">
        <ele>64.04746641311795</ele>
        <time>2026-08-17T22:29:35.500000Z</time>
        <extensions>
          <gpxtpx:TrackPointExtension>
            <gpxtpx:hr>149</gpxtpx:hr>
          </gpxtpx:TrackPointExtension>
        </extensions>
      </trkpt>
      <trkpt lat="28.23352378319011" lon="112.90302794069414">
        <ele>64.03052240144461</ele>
        <time>2026-08-17T22:29:36.500000Z</time>
        <extensions>
          <gpxtpx:TrackPointExtension>
            <gpxtpx:hr>149</gpxtpx:hr>
          </gpxtpx:TrackPointExtension>
        </extensions>
      </trkpt>
      <trkpt lat="28.233514646445496" lon="112.90303123953353">
        <ele>64.01015450432897</ele>
        <time>2026-08-17T22:29:37.500000Z</time>
        <extensions>
          <gpxtpx:TrackPointExtension>
            <gpxtpx:hr>149</gpxtpx:hr>
          </gpxtpx:TrackPointExtension>
        </extensions>
      </trkpt>
      <trkpt lat="28.23350548792393" lon="112.90303533830836">
        <ele>63.98634491208941</ele>
        <time>2026-08-17T22:29:38.500000Z</time>
        <extensions>
          <gpxtpx:TrackPointExtension>
            <gpxtpx:hr>149</gpxtpx:hr>
          </gpxtpx:TrackPointExtension>
        </extensions>
      </trkpt>
      <trkpt lat="28.23349608356334" lon="112.90304027547394">
        <ele>63.95768210943788</ele>
        <time>2026-08-17T22:29:39.500000Z</time>
        <extensions>
          <gpxtpx:TrackPointExtension>
            <gpxtpx:hr>145</gpxtpx:hr>
          </gpxtpx:TrackPointExtension>
        </extensions>
      </trkpt>
      <trkpt lat="28.233486231087266" lon="112.9030460898055">
        <ele>63.92440156079829</ele>
        <time>2026-08-17T22:29:40.500000Z</time>
        <extensions>
          <gpxtpx:TrackPointExtension>
            <gpxtpx:hr>145</gpxtpx:hr>
          </gpxtpx:TrackPointExtension>
        </extensions>
      </trkpt>
      <trkpt lat="28.23347578986116" lon="112.90305284019381">
        <ele>63.88519138190895</ele>
        <time>2026-08-17T22:29:41.500000Z</time>
        <extensions>
          <gpxtpx:TrackPointExtension>
            <gpxtpx:hr>145</gpxtpx:hr>
          </gpxtpx:TrackPointExtension>
        </extensions>
      </trkpt>
      <trkpt lat="28.233464775241703" lon="112.90306030159606">
        <ele>63.840636004693806</ele>
        <time>2026-08-17T22:29:42.500000Z</time>
        <extensions>
          <gpxtpx:TrackPointExtension>
            <gpxtpx:hr>145</gpxtpx:hr>
          </gpxtpx:TrackPointExtension>
        </extensions>
      </trkpt>
      <trkpt lat="28.233453112808768" lon="112.9030681965648">
        <ele>63.79019423108548</ele>
        <time>2026-08-17T22:29:43.500000Z</time>
        <extensions>
          <gpxtpx:TrackPointExtension>
            <gpxtpx:hr>145</gpxtpx:hr>
          </gpxtpx:TrackPointExtension>
        </extensions>
      </trkpt>
      <trkpt lat="28.233440676388543" lon="112.90307638326664">
        <ele>63.73437332827598</ele>
        <time>2026-08-17T22:29:44.500000Z</time>
        <extensions>
          <gpxtpx:TrackPointExtension>
            <gpxtpx:hr>145</gpxtpx:hr>
          </gpxtpx:TrackPointExtension>
        </extensions>
      </trkpt>
      <trkpt lat="28.23342761497883" lon="112.90308409881983">
        <ele>63.67324367258698</ele>
        <time>2026-08-17T22:29:45.500000Z</time>
        <extensions>
          <gpxtpx:TrackPointExtension>
            <gpxtpx:hr>145</gpxtpx:hr>
          </gpxtpx:TrackPointExtension>
        </extensions>
      </trkpt>
      <trkpt lat="28.23341419872655" lon="112.90308997568557">
        <ele>63.60814359690994</ele>
        <time>2026-08-17T22:29:46.500000Z</time>
        <extensions>
          <gpxtpx:TrackPointExtension>
            <gpxtpx:hr>144</gpxtpx:hr>
          </gpxtpx:TrackPointExtension>
        </extensions>
      </trkpt>
      <trkpt lat="28.233400474274884" lon="112.90309481932098">
        <ele>63.539633677341044</ele>
        <time>2026-08-17T22:29:47.500000Z</time>
        <extensions>
          <gpxtpx:TrackPointExtension>
            <gpxtpx:hr>144</gpxtpx:hr>
          </gpxtpx:TrackPointExtension>
        </extensions>
      </trkpt>
      <trkpt lat="28.233386787371614" lon="112.90310044912697">
        <ele>63.467980614863336</ele>
        <time>2026-08-17T22:29:48.500000Z</time>
        <extensions>
          <gpxtpx:TrackPointExtension>
            <gpxtpx:hr>144</gpxtpx:hr>
          </gpxtpx:TrackPointExtension>
        </extensions>
      </trkpt>
      <trkpt lat="28.233373822283866" lon="112.90310733465782">
        <ele>63.39385725930333</ele>
        <time>2026-08-17T22:29:49.500000Z</time>
        <extensions>
          <gpxtpx:TrackPointExtension>
            <gpxtpx:hr>144</gpxtpx:hr>
          </gpxtpx:TrackPointExtension>
        </extensions>
      </trkpt>
      <trkpt lat="28.233361860535986" lon="112.90311530465469">
        <ele>63.31749140564352</ele>
        <time>2026-08-17T22:29:50.500000Z</time>
        <extensions>
          <gpxtpx:TrackPointExtension>
            <gpxtpx:hr>144</gpxtpx:hr>
          </gpxtpx:TrackPointExtension>
        </extensions>
      </trkpt>
      <trkpt lat="28.233350592411423" lon="112.9031235469286">
        <ele>63.23940390907228</ele>
        <time>2026-08-17T22:29:51.500000Z</time>
        <extensions>
          <gpxtpx:TrackPointExtension>
            <gpxtpx:hr>144</gpxtpx:hr>
          </gpxtpx:TrackPointExtension>
        </extensions>
      </trkpt>
      <trkpt lat="28.233339287220872" lon="112.90313220401399">
        <ele>63.15895929001272</ele>
        <time>2026-08-17T22:29:52.500000Z</time>
        <extensions>
          <gpxtpx:TrackPointExtension>
            <gpxtpx:hr>144</gpxtpx:hr>
          </gpxtpx:TrackPointExtension>
        </extensions>
      </trkpt>
      <trkpt lat="28.23332727253812" lon="112.9031416573558">
        <ele>63.07662033289671</ele>
        <time>2026-08-17T22:29:53.500000Z</time>
        <extensions>
          <gpxtpx:TrackPointExtension>
            <gpxtpx:hr>144</gpxtpx:hr>
          </gpxtpx:TrackPointExtension>
        </extensions>
      </trkpt>
      <trkpt lat="28.233314554435925" lon="112.90315142355128">
        <ele>62.99196614604443</ele>
        <time>2026-08-17T22:29:54.500000Z</time>
        <extensions>
          <gpxtpx:TrackPointExtension>
            <gpxtpx:hr>144</gpxtpx:hr>
          </gpxtpx:TrackPointExtension>
        </extensions>
      </trkpt>
      <trkpt lat="28.233301185125107" lon="112.9031606398848">
        <ele>62.90497834980488</ele>
        <time>2026-08-17T22:29:55.500000Z</time>
        <extensions>
          <gpxtpx:TrackPointExtension>
            <gpxtpx:hr>144</gpxtpx:hr>
          </gpxtpx:TrackPointExtension>
        </extensions>
      </trkpt>
      <trkpt lat="28.233287094941275" lon="112.90316798065689">
        <ele>62.81495442613959</ele>
        <time>2026-08-17T22:29:56.500000Z</time>
        <extensions>
          <gpxtpx:TrackPointExtension>
            <gpxtpx:hr>144</gpxtpx:hr>
          </gpxtpx:TrackPointExtension>
        </extensions>
      </trkpt>
      <trkpt lat="28.233272450569654" lon="112.90317410166988">
        <ele>62.721694316715</ele>
        <time>2026-08-17T22:29:57.500000Z</time>
        <extensions>
          <gpxtpx:TrackPointExtension>
            <gpxtpx:hr>143</gpxtpx:hr>
          </gpxtpx:TrackPointExtension>
        </extensions>
      </trkpt>
      <trkpt lat="28.233257796986916" lon="112.90318072891984">
        <ele>62.6250604018569</ele>
        <time>2026-08-17T22:29:58.500000Z</time>
        <extensions>
          <gpxtpx:TrackPointExtension>
            <gpxtpx:hr>143</gpxtpx:hr>
          </gpxtpx:TrackPointExtension>
        </extensions>
      </trkpt>
      <trkpt lat="28.233243633893224" lon="112.90318854156772">
        <ele>62.524459186941385</ele>
        <time>2026-08-17T22:29:59.500000Z</time>
        <extensions>
          <gpxtpx:TrackPointExtension>
            <gpxtpx:hr>143</gpxtpx:hr>
          </gpxtpx:TrackPointExtension>
        </extensions>
      </trkpt>
      <trkpt lat="28.233230137816914" lon="112.90319812393581">
        <ele>62.41974131669849</ele>
        <time>2026-08-17T22:30:00.500000Z</time>
        <extensions>
          <gpxtpx:TrackPointExtension>
            <gpxtpx:hr>144</gpxtpx:hr>
          </gpxtpx:TrackPointExtension>
        </extensions>
      </trkpt>
      <trkpt lat="28.233217096608385" lon="112.90320952712658">
        <ele>62.31062497757375</ele>
        <time>2026-08-17T22:30:01.500000Z</time>
        <extensions>
          <gpxtpx:TrackPointExtension>
            <gpxtpx:hr>144</gpxtpx:hr>
          </gpxtpx:TrackPointExtension>
        </extensions>
      </trkpt>
      <trkpt lat="28.233204015026857" lon="112.90322255973246">
        <ele>62.196551172062755</ele>
        <time>2026-08-17T22:30:02.500000Z</time>
        <extensions>
          <gpxtpx:TrackPointExtension>
            <gpxtpx:hr>144</gpxtpx:hr>
          </gpxtpx:TrackPointExtension>
        </extensions>
      </trkpt>
      <trkpt lat="28.233190153062313" lon="112.90323660878144">
        <ele>62.07708637416363</ele>
        <time>2026-08-17T22:30:03.500000Z</time>
        <extensions>
          <gpxtpx:TrackPointExtension>
            <gpxtpx:hr>144</gpxtpx:hr>
          </gpxtpx:TrackPointExtension>
        </extensions>
      </trkpt>
      <trkpt lat="28.233175513096903" lon="112.90325038630542">
        <ele>61.951923087239265</ele>
        <time>2026-08-17T22:30:04.500000Z</time>
        <extensions>
          <gpxtpx:TrackPointExtension>
            <gpxtpx:hr>144</gpxtpx:hr>
          </gpxtpx:TrackPointExtension>
        </extensions>
      </trkpt>
      <trkpt lat="28.233160145288362" lon="112.90326340498319">
        <ele>61.820985129103065</ele>
        <time>2026-08-17T22:30:05.400000Z</time>
        <extensions>
          <gpxtpx:TrackPointExtension>
            <gpxtpx:hr>144</gpxtpx:hr>
          </gpxtpx:TrackPointExtension>
        </extensions>
      </trkpt>
      <trkpt lat="28.233144461767413" lon="112.90327558948475">
        <ele>61.68439798988402</ele>
        <time>2026-08-17T22:30:06.400000Z</time>
        <extensions>
          <gpxtpx:TrackPointExtension>
            <gpxtpx:hr>144</gpxtpx:hr>
          </gpxtpx:TrackPointExtension>
        </extensions>
      </trkpt>
      <trkpt lat="28.233129040871344" lon="112.90328699737617">
        <ele>61.54274752549827</ele>
        <time>2026-08-17T22:30:07.400000Z</time>
        <extensions>
          <gpxtpx:TrackPointExtension>
            <gpxtpx:hr>144</gpxtpx:hr>
          </gpxtpx:TrackPointExtension>
        </extensions>
      </trkpt>
      <trkpt lat="28.23311350253674" lon="112.90329810107788">
        <ele>61.39691972080618</ele>
        <time>2026-08-17T22:30:08.400000Z</time>
        <extensions>
          <gpxtpx:TrackPointExtension>
            <gpxtpx:hr>144</gpxtpx:hr>
          </gpxtpx:TrackPointExtension>
        </extensions>
      </trkpt>
      <trkpt lat="28.233097336628504" lon="112.90330913338734">
        <ele>61.24821869842708</ele>
        <time>2026-08-17T22:30:09.400000Z</time>
        <extensions>
          <gpxtpx:TrackPointExtension>
            <gpxtpx:hr>144</gpxtpx:hr>
          </gpxtpx:TrackPointExtension>
        </extensions>
      </trkpt>
      <trkpt lat="28.233080063732505" lon="112.9033202210489">
        <ele>61.09803914371878</ele>
        <time>2026-08-17T22:30:10.400000Z</time>
        <extensions>
          <gpxtpx:TrackPointExtension>
            <gpxtpx:hr>144</gpxtpx:hr>
          </gpxtpx:TrackPointExtension>
        </extensions>
      </trkpt>
      <trkpt lat="28.233061282719795" lon="112.90333137272694">
        <ele>60.94759564381093</ele>
        <time>2026-08-17T22:30:11.400000Z</time>
        <extensions>
          <gpxtpx:TrackPointExtension>
            <gpxtpx:hr>144</gpxtpx:hr>
          </gpxtpx:TrackPointExtension>
        </extensions>
      </trkpt>
      <trkpt lat="28.233041306366005" lon="112.9033421022415">
        <ele>60.79764574114233</ele>
        <time>2026-08-17T22:30:12.400000Z</time>
        <extensions>
          <gpxtpx:TrackPointExtension>
            <gpxtpx:hr>144</gpxtpx:hr>
          </gpxtpx:TrackPointExtension>
        </extensions>
      </trkpt>
      <trkpt lat="28.233019639126603" lon="112.9033523693378">
        <ele>60.648709771223366</ele>
        <time>2026-08-17T22:30:13.400000Z</time>
        <extensions>
          <gpxtpx:TrackPointExtension>
            <gpxtpx:hr>147</gpxtpx:hr>
          </gpxtpx:TrackPointExtension>
        </extensions>
      </trkpt>
      <trkpt lat="28.23299558269751" lon="112.90336245098075">
        <ele>60.5014770925045</ele>
        <time>2026-08-17T22:30:14.400000Z</time>
        <extensions>
          <gpxtpx:TrackPointExtension>
            <gpxtpx:hr>147</gpxtpx:hr>
          </gpxtpx:TrackPointExtension>
        </extensions>
      </trkpt>
      <trkpt lat="28.23296977713427" lon="112.903372044704">
        <ele>60.35675745457411</ele>
        <time>2026-08-17T22:30:15.400000Z</time>
        <extensions>
          <gpxtpx:TrackPointExtension>
            <gpxtpx:hr>147</gpxtpx:hr>
          </gpxtpx:TrackPointExtension>
        </extensions>
      </trkpt>
      <trkpt lat="28.232943052820122" lon="112.90338123879577">
        <ele>60.2149703502655</ele>
        <time>2026-08-17T22:30:16.400000Z</time>
        <extensions>
          <gpxtpx:TrackPointExtension>
            <gpxtpx:hr>147</gpxtpx:hr>
          </gpxtpx:TrackPointExtension>
        </extensions>
      </trkpt>
      <trkpt lat="28.23291629424609" lon="112.90339062723888">
        <ele>60.07661951612681</ele>
        <time>2026-08-17T22:30:17.400000Z</time>
        <extensions>
          <gpxtpx:TrackPointExtension>
            <gpxtpx:hr>148</gpxtpx:hr>
          </gpxtpx:TrackPointExtension>
        </extensions>
      </trkpt>
      <trkpt lat="28.232890559150093" lon="112.9034013462623">
        <ele>59.94171336106956</ele>
        <time>2026-08-17T22:30:18.400000Z</time>
        <extensions>
          <gpxtpx:TrackPointExtension>
            <gpxtpx:hr>148</gpxtpx:hr>
          </gpxtpx:TrackPointExtension>
        </extensions>
      </trkpt>
      <trkpt lat="28.23286664202985" lon="112.90341443464943">
        <ele>59.80973855778575</ele>
        <time>2026-08-17T22:30:19.400000Z</time>
        <extensions>
          <gpxtpx:TrackPointExtension>
            <gpxtpx:hr>148</gpxtpx:hr>
          </gpxtpx:TrackPointExtension>
        </extensions>
      </trkpt>
      <trkpt lat="28.23284398645067" lon="112.90342878041587">
        <ele>59.68101524654776</ele>
        <time>2026-08-17T22:30:20.400000Z</time>
        <extensions>
          <gpxtpx:TrackPointExtension>
            <gpxtpx:hr>148</gpxtpx:hr>
          </gpxtpx:TrackPointExtension>
        </extensions>
      </trkpt>
      <trkpt lat="28.232821749666908" lon="112.9034426835523">
        <ele>59.55567472986877</ele>
        <time>2026-08-17T22:30:21.400000Z</time>
        <extensions>
          <gpxtpx:TrackPointExtension>
            <gpxtpx:hr>148</gpxtpx:hr>
          </gpxtpx:TrackPointExtension>
        </extensions>
      </trkpt>
      <trkpt lat="28.23280013478692" lon="112.90345651232192">
        <ele>59.43373594805598</ele>
        <time>2026-08-17T22:30:22.400000Z</time>
        <extensions>
          <gpxtpx:TrackPointExtension>
            <gpxtpx:hr>154</gpxtpx:hr>
          </gpxtpx:TrackPointExtension>
        </extensions>
      </trkpt>
      <trkpt lat="28.23277895198329" lon="112.90347131714861">
        <ele>59.31478143110871</ele>
        <time>2026-08-17T22:30:23.400000Z</time>
        <extensions>
          <gpxtpx:TrackPointExtension>
            <gpxtpx:hr>154</gpxtpx:hr>
          </gpxtpx:TrackPointExtension>
        </extensions>
      </trkpt>
      <trkpt lat="28.232757555720514" lon="112.90348741030543">
        <ele>59.19855843484402</ele>
        <time>2026-08-17T22:30:24.400000Z</time>
        <extensions>
          <gpxtpx:TrackPointExtension>
            <gpxtpx:hr>154</gpxtpx:hr>
          </gpxtpx:TrackPointExtension>
        </extensions>
      </trkpt>
      <trkpt lat="28.23273588878092" lon="112.90350474167107">
        <ele>59.08445415087044</ele>
        <time>2026-08-17T22:30:25.400000Z</time>
        <extensions>
          <gpxtpx:TrackPointExtension>
            <gpxtpx:hr>154</gpxtpx:hr>
          </gpxtpx:TrackPointExtension>
        </extensions>
      </trkpt>
      <trkpt lat="28.23271373864731" lon="112.9035227712653">
        <ele>58.97175461705774</ele>
        <time>2026-08-17T22:30:26.400000Z</time>
        <extensions>
          <gpxtpx:TrackPointExtension>
            <gpxtpx:hr>154</gpxtpx:hr>
          </gpxtpx:TrackPointExtension>
        </extensions>
      </trkpt>
      <trkpt lat="28.232690920803538" lon="112.90354080573032">
        <ele>58.85971961542964</ele>
        <time>2026-08-17T22:30:27.400000Z</time>
        <extensions>
          <gpxtpx:TrackPointExtension>
            <gpxtpx:hr>154</gpxtpx:hr>
          </gpxtpx:TrackPointExtension>
        </extensions>
      </trkpt>
      <trkpt lat="28.232667848864576" lon="112.90355874487689">
        <ele>58.7470383355394</ele>
        <time>2026-08-17T22:30:28.400000Z</time>
        <extensions>
          <gpxtpx:TrackPointExtension>
            <gpxtpx:hr>154</gpxtpx:hr>
          </gpxtpx:TrackPointExtension>
        </extensions>
      </trkpt>
      <trkpt lat="28.232644980914557" lon="112.90357672943188">
        <ele>58.63317873515189</ele>
        <time>2026-08-17T22:30:29.400000Z</time>
        <extensions>
          <gpxtpx:TrackPointExtension>
            <gpxtpx:hr>156</gpxtpx:hr>
          </gpxtpx:TrackPointExtension>
        </extensions>
      </trkpt>
      <trkpt lat="28.23262225246422" lon="112.90359442362768">
        <ele>58.517138035967946</ele>
        <time>2026-08-17T22:30:30.400000Z</time>
        <extensions>
          <gpxtpx:TrackPointExtension>
            <gpxtpx:hr>156</gpxtpx:hr>
          </gpxtpx:TrackPointExtension>
        </extensions>
      </trkpt>
      <trkpt lat="28.232599124036124" lon="112.90361091503789">
        <ele>58.398437269032</ele>
        <time>2026-08-17T22:30:31.400000Z</time>
        <extensions>
          <gpxtpx:TrackPointExtension>
            <gpxtpx:hr>156</gpxtpx:hr>
          </gpxtpx:TrackPointExtension>
        </extensions>
      </trkpt>
      <trkpt lat="28.232575288154656" lon="112.90362568308242">
        <ele>58.27706239465624</ele>
        <time>2026-08-17T22:30:32.400000Z</time>
        <extensions>
          <gpxtpx:TrackPointExtension>
            <gpxtpx:hr>156</gpxtpx:hr>
          </gpxtpx:TrackPointExtension>
        </extensions>
      </trkpt>
      <trkpt lat="28.23255078465695" lon="112.90363882824751">
        <ele>58.15299515146762</ele>
        <time>2026-08-17T22:30:33.400000Z</time>
        <extensions>
          <gpxtpx:TrackPointExtension>
            <gpxtpx:hr>156</gpxtpx:hr>
          </gpxtpx:TrackPointExtension>
        </extensions>
      </trkpt>
      <trkpt lat="28.232525587970063" lon="112.90365037469289">
        <ele>58.02715507335961</ele>
        <time>2026-08-17T22:30:34.400000Z</time>
        <extensions>
          <gpxtpx:TrackPointExtension>
            <gpxtpx:hr>156</gpxtpx:hr>
          </gpxtpx:TrackPointExtension>
        </extensions>
      </trkpt>
      <trkpt lat="28.23249986252388" lon="112.90366059615452">
        <ele>57.90075263008475</ele>
        <time>2026-08-17T22:30:35.400000Z</time>
        <extensions>
          <gpxtpx:TrackPointExtension>
            <gpxtpx:hr>158</gpxtpx:hr>
          </gpxtpx:TrackPointExtension>
        </extensions>
      </trkpt>
      <trkpt lat="28.232474006752415" lon="112.90367013905215">
        <ele>57.77548024430871</ele>
        <time>2026-08-17T22:30:36.400000Z</time>
        <extensions>
          <gpxtpx:TrackPointExtension>
            <gpxtpx:hr>158</gpxtpx:hr>
          </gpxtpx:TrackPointExtension>
        </extensions>
      </trkpt>
      <trkpt lat="28.23244829352588" lon="112.90367906964738">
        <ele>57.65275265555829</ele>
        <time>2026-08-17T22:30:37.400000Z</time>
        <extensions>
          <gpxtpx:TrackPointExtension>
            <gpxtpx:hr>158</gpxtpx:hr>
          </gpxtpx:TrackPointExtension>
        </extensions>
      </trkpt>
      <trkpt lat="28.232422571234647" lon="112.9036864786515">
        <ele>57.53365802299231</ele>
        <time>2026-08-17T22:30:38.400000Z</time>
        <extensions>
          <gpxtpx:TrackPointExtension>
            <gpxtpx:hr>158</gpxtpx:hr>
          </gpxtpx:TrackPointExtension>
        </extensions>
      </trkpt>
      <trkpt lat="28.232396667162607" lon="112.90369137713827">
        <ele>57.41897930111736</ele>
        <time>2026-08-17T22:30:39.400000Z</time>
        <extensions>
          <gpxtpx:TrackPointExtension>
            <gpxtpx:hr>158</gpxtpx:hr>
          </gpxtpx:TrackPointExtension>
        </extensions>
      </trkpt>
      <trkpt lat="28.232370703639923" lon="112.90369326451687">
        <ele>57.30938065703958</ele>
        <time>2026-08-17T22:30:40.400000Z</time>
        <extensions>
          <gpxtpx:TrackPointExtension>
            <gpxtpx:hr>158</gpxtpx:hr>
          </gpxtpx:TrackPointExtension>
        </extensions>
      </trkpt>
      <trkpt lat="28.232345244160758" lon="112.90369201082565">
        <ele>57.2049460625276</ele>
        <time>2026-08-17T22:30:41.400000Z</time>
        <extensions>
          <gpxtpx:TrackPointExtension>
            <gpxtpx:hr>160</gpxtpx:hr>
          </gpxtpx:TrackPointExtension>
        </extensions>
      </trkpt>
      <trkpt lat="28.23232106310941" lon="112.9036872686477">
        <ele>57.10616181511432</ele>
        <time>2026-08-17T22:30:42.400000Z</time>
        <extensions>
          <gpxtpx:TrackPointExtension>
            <gpxtpx:hr>160</gpxtpx:hr>
          </gpxtpx:TrackPointExtension>
        </extensions>
      </trkpt>
      <trkpt lat="28.23229871201572" lon="112.90367849901274">
        <ele>57.012990506365895</ele>
        <time>2026-08-17T22:30:43.400000Z</time>
        <extensions>
          <gpxtpx:TrackPointExtension>
            <gpxtpx:hr>160</gpxtpx:hr>
          </gpxtpx:TrackPointExtension>
        </extensions>
      </trkpt>
      <trkpt lat="28.23227853645533" lon="112.90366618431213">
        <ele>56.92631466127932</ele>
        <time>2026-08-17T22:30:44.400000Z</time>
        <extensions>
          <gpxtpx:TrackPointExtension>
            <gpxtpx:hr>160</gpxtpx:hr>
          </gpxtpx:TrackPointExtension>
        </extensions>
      </trkpt>
      <trkpt lat="28.232260565848787" lon="112.90365147816037">
        <ele>56.84651543851942</ele>
        <time>2026-08-17T22:30:45.400000Z</time>
        <extensions>
          <gpxtpx:TrackPointExtension>
            <gpxtpx:hr>160</gpxtpx:hr>
          </gpxtpx:TrackPointExtension>
        </extensions>
      </trkpt>
      <trkpt lat="28.232244516978106" lon="112.9036354099404">
        <ele>56.77394500095397</ele>
        <time>2026-08-17T22:30:46.400000Z</time>
        <extensions>
          <gpxtpx:TrackPointExtension>
            <gpxtpx:hr>164</gpxtpx:hr>
          </gpxtpx:TrackPointExtension>
        </extensions>
      </trkpt>
      <trkpt lat="28.232229722370672" lon="112.9036187394804">
        <ele>56.7092549642548</ele>
        <time>2026-08-17T22:30:47.400000Z</time>
        <extensions>
          <gpxtpx:TrackPointExtension>
            <gpxtpx:hr>164</gpxtpx:hr>
          </gpxtpx:TrackPointExtension>
        </extensions>
      </trkpt>
      <trkpt lat="28.23221538965253" lon="112.90360160911028">
        <ele>56.65298292879015</ele>
        <time>2026-08-17T22:30:48.400000Z</time>
        <extensions>
          <gpxtpx:TrackPointExtension>
            <gpxtpx:hr>164</gpxtpx:hr>
          </gpxtpx:TrackPointExtension>
        </extensions>
      </trkpt>
      <trkpt lat="28.232201439040352" lon="112.9035842108245">
        <ele>56.60526425205171</ele>
        <time>2026-08-17T22:30:49.400000Z</time>
        <extensions>
          <gpxtpx:TrackPointExtension>
            <gpxtpx:hr>164</gpxtpx:hr>
          </gpxtpx:TrackPointExtension>
        </extensions>
      </trkpt>
      <trkpt lat="28.23218871936729" lon="112.90356701599124">
        <ele>56.56655788421631</ele>
        <time>2026-08-17T22:30:50.400000Z</time>
        <extensions>
          <gpxtpx:TrackPointExtension>
            <gpxtpx:hr>164</gpxtpx:hr>
          </gpxtpx:TrackPointExtension>
        </extensions>
      </trkpt>
      <trkpt lat="28.232177788670032" lon="112.90355046374377">
        <ele>56.537013376131654</ele>
        <time>2026-08-17T22:30:51.400000Z</time>
        <extensions>
          <gpxtpx:TrackPointExtension>
            <gpxtpx:hr>164</gpxtpx:hr>
          </gpxtpx:TrackPointExtension>
        </extensions>
      </trkpt>
      <trkpt lat="28.232168809587563" lon="112.9035346955688">
        <ele>56.5164343630895</ele>
        <time>2026-08-17T22:30:52.400000Z</time>
        <extensions>
          <gpxtpx:TrackPointExtension>
            <gpxtpx:hr>164</gpxtpx:hr>
          </gpxtpx:TrackPointExtension>
        </extensions>
      </trkpt>
      <trkpt lat="28.232162271256215" lon="112.9035193425987">
        <ele>56.50409664493054</ele>
        <time>2026-08-17T22:30:53.400000Z</time>
        <extensions>
          <gpxtpx:TrackPointExtension>
            <gpxtpx:hr>166</gpxtpx:hr>
          </gpxtpx:TrackPointExtension>
        </extensions>
      </trkpt>
      <trkpt lat="28.23215813748389" lon="112.90350426175942">
        <ele>56.49964109156281</ele>
        <time>2026-08-17T22:30:54.400000Z</time>
        <extensions>
          <gpxtpx:TrackPointExtension>
            <gpxtpx:hr>166</gpxtpx:hr>
          </gpxtpx:TrackPointExtension>
        </extensions>
      </trkpt>
      <trkpt lat="28.23215577964522" lon="112.9034898607254">
        <ele>56.50223800446838</ele>
        <time>2026-08-17T22:30:55.400000Z</time>
        <extensions>
          <gpxtpx:TrackPointExtension>
            <gpxtpx:hr>166</gpxtpx:hr>
          </gpxtpx:TrackPointExtension>
        </extensions>
      </trkpt>
      <trkpt lat="28.23215476332184" lon="112.90347641666507">
        <ele>56.51210907753557</ele>
        <time>2026-08-17T22:30:56.400000Z</time>
        <extensions>
          <gpxtpx:TrackPointExtension>
            <gpxtpx:hr>166</gpxtpx:hr>
          </gpxtpx:TrackPointExtension>
        </extensions>
      </trkpt>
      <trkpt lat="28.232154860909663" lon="112.90346374353466">
        <ele>56.52671097125858</ele>
        <time>2026-08-17T22:30:57.400000Z</time>
        <extensions>
          <gpxtpx:TrackPointExtension>
            <gpxtpx:hr>166</gpxtpx:hr>
          </gpxtpx:TrackPointExtension>
        </extensions>
      </trkpt>
      <trkpt lat="28.232155825393455" lon="112.90345153002413">
        <ele>56.54618920851499</ele>
        <time>2026-08-17T22:30:58.400000Z</time>
        <extensions>
          <gpxtpx:TrackPointExtension>
            <gpxtpx:hr>166</gpxtpx:hr>
          </gpxtpx:TrackPointExtension>
        </extensions>
      </trkpt>
      <trkpt lat="28.232157293789903" lon="112.90343978220075">
        <ele>56.56983253546059</ele>
        <time>2026-08-17T22:30:59.300000Z</time>
        <extensions>
          <gpxtpx:TrackPointExtension>
            <gpxtpx:hr>166</gpxtpx:hr>
          </gpxtpx:TrackPointExtension>
        </extensions>
      </trkpt>
      <trkpt lat="28.232158994459667" lon="112.90342846668632">
        <ele>56.5967634441331</ele>
        <time>2026-08-17T22:31:00.300000Z</time>
        <extensions>
          <gpxtpx:TrackPointExtension>
            <gpxtpx:hr>164</gpxtpx:hr>
          </gpxtpx:TrackPointExtension>
        </extensions>
      </trkpt>
      <trkpt lat="28.232160799629412" lon="112.9034174569636">
        <ele>56.626013834029436</ele>
        <time>2026-08-17T22:31:01.300000Z</time>
        <extensions>
          <gpxtpx:TrackPointExtension>
            <gpxtpx:hr>164</gpxtpx:hr>
          </gpxtpx:TrackPointExtension>
        </extensions>
      </trkpt>
      <trkpt lat="28.232162719131875" lon="112.90340682521968">
        <ele>56.656740959733725</ele>
        <time>2026-08-17T22:31:02.300000Z</time>
        <extensions>
          <gpxtpx:TrackPointExtension>
            <gpxtpx:hr>164</gpxtpx:hr>
          </gpxtpx:TrackPointExtension>
        </extensions>
      </trkpt>
      <trkpt lat="28.232164817856784" lon="112.90339657121248">
        <ele>56.688535121269524</ele>
        <time>2026-08-17T22:31:03.300000Z</time>
        <extensions>
          <gpxtpx:TrackPointExtension>
            <gpxtpx:hr>164</gpxtpx:hr>
          </gpxtpx:TrackPointExtension>
        </extensions>
      </trkpt>
      <trkpt lat="28.232166969639433" lon="112.90338663779914">
        <ele>56.721520993858576</ele>
        <time>2026-08-17T22:31:04.300000Z</time>
        <extensions>
          <gpxtpx:TrackPointExtension>
            <gpxtpx:hr>164</gpxtpx:hr>
          </gpxtpx:TrackPointExtension>
        </extensions>
      </trkpt>
      <trkpt lat="28.232168853904756" lon="112.90337695488044">
        <ele>56.75609467085451</ele>
        <time>2026-08-17T22:31:05.300000Z</time>
        <extensions>
          <gpxtpx:TrackPointExtension>
            <gpxtpx:hr>164</gpxtpx:hr>
          </gpxtpx:TrackPointExtension>
        </extensions>
      </trkpt>
      <trkpt lat="28.232170057528396" lon="112.90336742040776">
        <ele>56.79262428916991</ele>
        <time>2026-08-17T22:31:06.300000Z</time>
        <extensions>
          <gpxtpx:TrackPointExtension>
            <gpxtpx:hr>164</gpxtpx:hr>
          </gpxtpx:TrackPointExtension>
        </extensions>
      </trkpt>
      <trkpt lat="28.232170073042493" lon="112.90335822720435">
        <ele>56.83139734715223</ele>
        <time>2026-08-17T22:31:07.300000Z</time>
        <extensions>
          <gpxtpx:TrackPointExtension>
            <gpxtpx:hr>164</gpxtpx:hr>
          </gpxtpx:TrackPointExtension>
        </extensions>
      </trkpt>
      <trkpt lat="28.232168340277692" lon="112.90335015094048">
        <ele>56.87281302269548</ele>
        <time>2026-08-17T22:31:08.300000Z</time>
        <extensions>
          <gpxtpx:TrackPointExtension>
            <gpxtpx:hr>164</gpxtpx:hr>
          </gpxtpx:TrackPointExtension>
        </extensions>
      </trkpt>
      <trkpt lat="28.232164732131718" lon="112.90334408056064">
        <ele>56.91771830338985</ele>
        <time>2026-08-17T22:31:09.300000Z</time>
        <extensions>
          <gpxtpx:TrackPointExtension>
            <gpxtpx:hr>164</gpxtpx:hr>
          </gpxtpx:TrackPointExtension>
        </extensions>
      </trkpt>
      <trkpt lat="28.232159757218234" lon="112.90334049787768">
        <ele>56.967373738996685</ele>
        <time>2026-08-17T22:31:10.300000Z</time>
        <extensions>
          <gpxtpx:TrackPointExtension>
            <gpxtpx:hr>164</gpxtpx:hr>
          </gpxtpx:TrackPointExtension>
        </extensions>
      </trkpt>
      <trkpt lat="28.232153977633967" lon="112.9033388024741">
        <ele>57.023052932694554</ele>
        <time>2026-08-17T22:31:11.300000Z</time>
        <extensions>
          <gpxtpx:TrackPointExtension>
            <gpxtpx:hr>164</gpxtpx:hr>
          </gpxtpx:TrackPointExtension>
        </extensions>
      </trkpt>
      <trkpt lat="28.232147758310642" lon="112.90333861874159">
        <ele>57.08589453622699</ele>
        <time>2026-08-17T22:31:12.300000Z</time>
        <extensions>
          <gpxtpx:TrackPointExtension>
            <gpxtpx:hr>159</gpxtpx:hr>
          </gpxtpx:TrackPointExtension>
        </extensions>
      </trkpt>
      <trkpt lat="28.232141644150953" lon="112.90334004711433">
        <ele>57.15693746693432</ele>
        <time>2026-08-17T22:31:13.300000Z</time>
        <extensions>
          <gpxtpx:TrackPointExtension>
            <gpxtpx:hr>159</gpxtpx:hr>
          </gpxtpx:TrackPointExtension>
        </extensions>
      </trkpt>
      <trkpt lat="28.232136304490137" lon="112.9033427916998">
        <ele>57.23718152474612</ele>
        <time>2026-08-17T22:31:14.300000Z</time>
        <extensions>
          <gpxtpx:TrackPointExtension>
            <gpxtpx:hr>159</gpxtpx:hr>
          </gpxtpx:TrackPointExtension>
        </extensions>
      </trkpt>
      <trkpt lat="28.232131887676665" lon="112.90334671549458">
        <ele>57.32739986106753</ele>
        <time>2026-08-17T22:31:15.300000Z</time>
        <extensions>
          <gpxtpx:TrackPointExtension>
            <gpxtpx:hr>159</gpxtpx:hr>
          </gpxtpx:TrackPointExtension>
        </extensions>
      </trkpt>
      <trkpt lat="28.232128157808894" lon="112.90335156869587">
        <ele>57.42816244624555</ele>
        <time>2026-08-17T22:31:16.300000Z</time>
        <extensions>
          <gpxtpx:TrackPointExtension>
            <gpxtpx:hr>159</gpxtpx:hr>
          </gpxtpx:TrackPointExtension>
        </extensions>
      </trkpt>
      <trkpt lat="28.23212496660592" lon="112.9033570000972">
        <ele>57.53987786825746</ele>
        <time>2026-08-17T22:31:17.300000Z</time>
        <extensions>
          <gpxtpx:TrackPointExtension>
            <gpxtpx:hr>159</gpxtpx:hr>
          </gpxtpx:TrackPointExtension>
        </extensions>
      </trkpt>
      <trkpt lat="28.232122207561883" lon="112.9033627333246">
        <ele>57.66283298563212</ele>
        <time>2026-08-17T22:31:18.300000Z</time>
        <extensions>
          <gpxtpx:TrackPointExtension>
            <gpxtpx:hr>159</gpxtpx:hr>
          </gpxtpx:TrackPointExtension>
        </extensions>
      </trkpt>
      <trkpt lat="28.232119885305238" lon="112.90336872891508">
        <ele>57.797148319892585</ele>
        <time>2026-08-17T22:31:19.300000Z</time>
        <extensions>
          <gpxtpx:TrackPointExtension>
            <gpxtpx:hr>159</gpxtpx:hr>
          </gpxtpx:TrackPointExtension>
        </extensions>
      </trkpt>
      <trkpt lat="28.23211808812786" lon="112.90337500939759">
        <ele>57.94264499936253</ele>
        <time>2026-08-17T22:31:20.300000Z</time>
        <extensions>
          <gpxtpx:TrackPointExtension>
            <gpxtpx:hr>159</gpxtpx:hr>
          </gpxtpx:TrackPointExtension>
        </extensions>
      </trkpt>
      <trkpt lat="28.232116818556964" lon="112.9033814565549">
        <ele>58.09895545989275</ele>
        <time>2026-08-17T22:31:21.300000Z</time>
        <extensions>
          <gpxtpx:TrackPointExtension>
            <gpxtpx:hr>156</gpxtpx:hr>
          </gpxtpx:TrackPointExtension>
        </extensions>
      </trkpt>
      <trkpt lat="28.232116052814586" lon="112.9033878605273">
        <ele>58.26555172260851</ele>
        <time>2026-08-17T22:31:22.300000Z</time>
        <extensions>
          <gpxtpx:TrackPointExtension>
            <gpxtpx:hr>156</gpxtpx:hr>
          </gpxtpx:TrackPointExtension>
        </extensions>
      </trkpt>
      <trkpt lat="28.232115767760515" lon="112.90339401753616">
        <ele>58.4417892890051</ele>
        <time>2026-08-17T22:31:23.300000Z</time>
        <extensions>
          <gpxtpx:TrackPointExtension>
            <gpxtpx:hr>156</gpxtpx:hr>
          </gpxtpx:TrackPointExtension>
        </extensions>
      </trkpt>
      <trkpt lat="28.232115933440976" lon="112.90339968652168">
        <ele>58.62695852294564</ele>
        <time>2026-08-17T22:31:24.300000Z</time>
        <extensions>
          <gpxtpx:TrackPointExtension>
            <gpxtpx:hr>156</gpxtpx:hr>
          </gpxtpx:TrackPointExtension>
        </extensions>
      </trkpt>
      <trkpt lat="28.232116524227955" lon="112.90340456713476">
        <ele>58.82035752106458</ele>
        <time>2026-08-17T22:31:25.300000Z</time>
        <extensions>
          <gpxtpx:TrackPointExtension>
            <gpxtpx:hr>156</gpxtpx:hr>
          </gpxtpx:TrackPointExtension>
        </extensions>
      </trkpt>
      <trkpt lat="28.232117511329687" lon="112.90340832531362">
        <ele>59.02136507537216</ele>
        <time>2026-08-17T22:31:26.300000Z</time>
        <extensions>
          <gpxtpx:TrackPointExtension>
            <gpxtpx:hr>156</gpxtpx:hr>
          </gpxtpx:TrackPointExtension>
        </extensions>
      </trkpt>
      <trkpt lat="28.232118875374482" lon="112.90341063686596">
        <ele>59.22947702743113</ele>
        <time>2026-08-17T22:31:27.300000Z</time>
        <extensions>
          <gpxtpx:TrackPointExtension>
            <gpxtpx:hr>154</gpxtpx:hr>
          </gpxtpx:TrackPointExtension>
        </extensions>
      </trkpt>
      <trkpt lat="28.23212061524079" lon="112.9034111941869">
        <ele>59.4442292265594</ele>
        <time>2026-08-17T22:31:28.300000Z</time>
        <extensions>
          <gpxtpx:TrackPointExtension>
            <gpxtpx:hr>154</gpxtpx:hr>
          </gpxtpx:TrackPointExtension>
        </extensions>
      </trkpt>
      <trkpt lat="28.232122712946175" lon="112.90340974902071">
        <ele>59.66524475533515</ele>
        <time>2026-08-17T22:31:29.300000Z</time>
        <extensions>
          <gpxtpx:TrackPointExtension>
            <gpxtpx:hr>154</gpxtpx:hr>
          </gpxtpx:TrackPointExtension>
        </extensions>
      </trkpt>
      <trkpt lat="28.232125092572304" lon="112.9034061579461">
        <ele>59.892107425257564</ele>
        <time>2026-08-17T22:31:30.300000Z</time>
        <extensions>
          <gpxtpx:TrackPointExtension>
            <gpxtpx:hr>154</gpxtpx:hr>
          </gpxtpx:TrackPointExtension>
        </extensions>
      </trkpt>
      <trkpt lat="28.232127555726606" lon="112.90340046340829">
        <ele>60.12408744730055</ele>
        <time>2026-08-17T22:31:31.300000Z</time>
        <extensions>
          <gpxtpx:TrackPointExtension>
            <gpxtpx:hr>154</gpxtpx:hr>
          </gpxtpx:TrackPointExtension>
        </extensions>
      </trkpt>
      <trkpt lat="28.2321296914922" lon="112.90339308463484">
        <ele>60.35985666606575</ele>
        <time>2026-08-17T22:31:32.300000Z</time>
        <extensions>
          <gpxtpx:TrackPointExtension>
            <gpxtpx:hr>150</gpxtpx:hr>
          </gpxtpx:TrackPointExtension>
        </extensions>
      </trkpt>
      <trkpt lat="28.23213109225099" lon="112.903384618679">
        <ele>60.59752213023603</ele>
        <time>2026-08-17T22:31:33.300000Z</time>
        <extensions>
          <gpxtpx:TrackPointExtension>
            <gpxtpx:hr>150</gpxtpx:hr>
          </gpxtpx:TrackPointExtension>
        </extensions>
      </trkpt>
      <trkpt lat="28.232131457367295" lon="112.90337555898365">
        <ele>60.834770718589425</ele>
        <time>2026-08-17T22:31:34.300000Z</time>
        <extensions>
          <gpxtpx:TrackPointExtension>
            <gpxtpx:hr>150</gpxtpx:hr>
          </gpxtpx:TrackPointExtension>
        </extensions>
      </trkpt>
      <trkpt lat="28.2321302956846" lon="112.90336630565409">
        <ele>61.06904650013894</ele>
        <time>2026-08-17T22:31:35.300000Z</time>
        <extensions>
          <gpxtpx:TrackPointExtension>
            <gpxtpx:hr>150</gpxtpx:hr>
          </gpxtpx:TrackPointExtension>
        </extensions>
      </trkpt>
      <trkpt lat="28.232127147346898" lon="112.9033575731605">
        <ele>61.297904253937304</ele>
        <time>2026-08-17T22:31:36.300000Z</time>
        <extensions>
          <gpxtpx:TrackPointExtension>
            <gpxtpx:hr>150</gpxtpx:hr>
          </gpxtpx:TrackPointExtension>
        </extensions>
      </trkpt>
      <trkpt lat="28.232122468862357" lon="112.90334999529748">
        <ele>61.51938577089459</ele>
        <time>2026-08-17T22:31:37.300000Z</time>
        <extensions>
          <gpxtpx:TrackPointExtension>
            <gpxtpx:hr>150</gpxtpx:hr>
          </gpxtpx:TrackPointExtension>
        </extensions>
      </trkpt>
      <trkpt lat="28.232117249039213" lon="112.90334391105151">
        <ele>61.73196230921894</ele>
        <time>2026-08-17T22:31:38.300000Z</time>
        <extensions>
          <gpxtpx:TrackPointExtension>
            <gpxtpx:hr>147</gpxtpx:hr>
          </gpxtpx:TrackPointExtension>
        </extensions>
      </trkpt>
      <trkpt lat="28.232111967101048" lon="112.90333961850295">
        <ele>61.934576680883765</ele>
        <time>2026-08-17T22:31:39.300000Z</time>
        <extensions>
          <gpxtpx:TrackPointExtension>
            <gpxtpx:hr>147</gpxtpx:hr>
          </gpxtpx:TrackPointExtension>
        </extensions>
      </trkpt>
      <trkpt lat="28.232106750103135" lon="112.90333734079249">
        <ele>62.126602546311915</ele>
        <time>2026-08-17T22:31:40.300000Z</time>
        <extensions>
          <gpxtpx:TrackPointExtension>
            <gpxtpx:hr>147</gpxtpx:hr>
          </gpxtpx:TrackPointExtension>
        </extensions>
      </trkpt>
      <trkpt lat="28.232101811080007" lon="112.90333705497547">
        <ele>62.30747514683753</ele>
        <time>2026-08-17T22:31:41.300000Z</time>
        <extensions>
          <gpxtpx:TrackPointExtension>
            <gpxtpx:hr>147</gpxtpx:hr>
          </gpxtpx:TrackPointExtension>
        </extensions>
      </trkpt>
      <trkpt lat="28.232097524882704" lon="112.90333839459021">
        <ele>62.47642384190112</ele>
        <time>2026-08-17T22:31:42.300000Z</time>
        <extensions>
          <gpxtpx:TrackPointExtension>
            <gpxtpx:hr>147</gpxtpx:hr>
          </gpxtpx:TrackPointExtension>
        </extensions>
      </trkpt>
      <trkpt lat="28.23209415501178" lon="112.90334111310263">
        <ele>62.63245004788041</ele>
        <time>2026-08-17T22:31:43.300000Z</time>
        <extensions>
          <gpxtpx:TrackPointExtension>
            <gpxtpx:hr>147</gpxtpx:hr>
          </gpxtpx:TrackPointExtension>
        </extensions>
      </trkpt>
      <trkpt lat="28.232091848730363" lon="112.90334505797372">
        <ele>62.77427628543228</ele>
        <time>2026-08-17T22:31:44.300000Z</time>
        <extensions>
          <gpxtpx:TrackPointExtension>
            <gpxtpx:hr>147</gpxtpx:hr>
          </gpxtpx:TrackPointExtension>
        </extensions>
      </trkpt>
      <trkpt lat="28.232090741421466" lon="112.9033501672279">
        <ele>62.90028396435082</ele>
        <time>2026-08-17T22:31:45.300000Z</time>
        <extensions>
          <gpxtpx:TrackPointExtension>
            <gpxtpx:hr>147</gpxtpx:hr>
          </gpxtpx:TrackPointExtension>
        </extensions>
      </trkpt>
      <trkpt lat="28.23209181699967" lon="112.90335811959929">
        <ele>63.03036350477487</ele>
        <time>2026-08-17T22:31:46.500000Z</time>
        <extensions>
          <gpxtpx:TrackPointExtension>
            <gpxtpx:hr>145</gpxtpx:hr>
          </gpxtpx:TrackPointExtension>
        </extensions>
      </trkpt>
      <trkpt lat="28.232094622601064" lon="112.90336488164456">
        <ele>63.104887309484184</ele>
        <time>2026-08-17T22:31:47.500000Z</time>
        <extensions>
          <gpxtpx:TrackPointExtension>
            <gpxtpx:hr>145</gpxtpx:hr>
          </gpxtpx:TrackPointExtension>
        </extensions>
      </trkpt>
      <trkpt lat="28.23209861949466" lon="112.90337154811097">
        <ele>63.1587999900803</ele>
        <time>2026-08-17T22:31:48.500000Z</time>
        <extensions>
          <gpxtpx:TrackPointExtension>
            <gpxtpx:hr>145</gpxtpx:hr>
          </gpxtpx:TrackPointExtension>
        </extensions>
      </trkpt>
      <trkpt lat="28.232103636152488" lon="112.90337773190147">
        <ele>63.19496571831405</ele>
        <time>2026-08-17T22:31:49.500000Z</time>
        <extensions>
          <gpxtpx:TrackPointExtension>
            <gpxtpx:hr>145</gpxtpx:hr>
          </gpxtpx:TrackPointExtension>
        </extensions>
      </trkpt>
      <trkpt lat="28.232109354801057" lon="112.90338294413401">
        <ele>63.21705319173634</ele>
        <time>2026-08-17T22:31:50.500000Z</time>
        <extensions>
          <gpxtpx:TrackPointExtension>
            <gpxtpx:hr>145</gpxtpx:hr>
          </gpxtpx:TrackPointExtension>
        </extensions>
      </trkpt>
      <trkpt lat="28.23211516573116" lon="112.90338663633452">
        <ele>63.228795357979834</ele>
        <time>2026-08-17T22:31:51.500000Z</time>
        <extensions>
          <gpxtpx:TrackPointExtension>
            <gpxtpx:hr>145</gpxtpx:hr>
          </gpxtpx:TrackPointExtension>
        </extensions>
      </trkpt>
      <trkpt lat="28.232120167899804" lon="112.90338849623788">
        <ele>63.233551228418946</ele>
        <time>2026-08-17T22:31:52.500000Z</time>
        <extensions>
          <gpxtpx:TrackPointExtension>
            <gpxtpx:hr>145</gpxtpx:hr>
          </gpxtpx:TrackPointExtension>
        </extensions>
      </trkpt>
      <trkpt lat="28.232124043350588" lon="112.90338816608624">
        <ele>63.23406143300235</ele>
        <time>2026-08-17T22:31:53.500000Z</time>
        <extensions>
          <gpxtpx:TrackPointExtension>
            <gpxtpx:hr>145</gpxtpx:hr>
          </gpxtpx:TrackPointExtension>
        </extensions>
      </trkpt>
      <trkpt lat="28.232127007320766" lon="112.90338571407628">
        <ele>63.232326802797616</ele>
        <time>2026-08-17T22:31:54.500000Z</time>
        <extensions>
          <gpxtpx:TrackPointExtension>
            <gpxtpx:hr>145</gpxtpx:hr>
          </gpxtpx:TrackPointExtension>
        </extensions>
      </trkpt>
      <trkpt lat="28.23212911522181" lon="112.90338170525352">
        <ele>63.22952863946557</ele>
        <time>2026-08-17T22:31:55.500000Z</time>
        <extensions>
          <gpxtpx:TrackPointExtension>
            <gpxtpx:hr>145</gpxtpx:hr>
          </gpxtpx:TrackPointExtension>
        </extensions>
      </trkpt>
      <trkpt lat="28.232130414138158" lon="112.90337656455347">
        <ele>63.22603166848421</ele>
        <time>2026-08-17T22:31:56.500000Z</time>
        <extensions>
          <gpxtpx:TrackPointExtension>
            <gpxtpx:hr>144</gpxtpx:hr>
          </gpxtpx:TrackPointExtension>
        </extensions>
      </trkpt>
      <trkpt lat="28.23213089935961" lon="112.90337254886073">
        <ele>63.223163711838424</ele>
        <time>2026-08-17T22:31:57.200000Z</time>
        <extensions>
          <gpxtpx:TrackPointExtension>
            <gpxtpx:hr>144</gpxtpx:hr>
          </gpxtpx:TrackPointExtension>
        </extensions>
      </trkpt>
      <trkpt lat="28.232130977368673" lon="112.90336648981584">
        <ele>63.217731883749366</ele>
        <time>2026-08-17T22:31:58.200000Z</time>
        <extensions>
          <gpxtpx:TrackPointExtension>
            <gpxtpx:hr>144</gpxtpx:hr>
          </gpxtpx:TrackPointExtension>
        </extensions>
      </trkpt>
      <trkpt lat="28.23213021760129" lon="112.9033603193613">
        <ele>63.20971346553415</ele>
        <time>2026-08-17T22:31:59.200000Z</time>
        <extensions>
          <gpxtpx:TrackPointExtension>
            <gpxtpx:hr>144</gpxtpx:hr>
          </gpxtpx:TrackPointExtension>
        </extensions>
      </trkpt>
      <trkpt lat="28.23212862475856" lon="112.90335438046856">
        <ele>63.198146771639585</ele>
        <time>2026-08-17T22:32:00.200000Z</time>
        <extensions>
          <gpxtpx:TrackPointExtension>
            <gpxtpx:hr>144</gpxtpx:hr>
          </gpxtpx:TrackPointExtension>
        </extensions>
      </trkpt>
      <trkpt lat="28.23212625573736" lon="112.90334902830737">
        <ele>63.1822864273563</ele>
        <time>2026-08-17T22:32:01.200000Z</time>
        <extensions>
          <gpxtpx:TrackPointExtension>
            <gpxtpx:hr>144</gpxtpx:hr>
          </gpxtpx:TrackPointExtension>
        </extensions>
      </trkpt>
      <trkpt lat="28.23212317758775" lon="112.90334462710383">
        <ele>63.161979489959776</ele>
        <time>2026-08-17T22:32:02.200000Z</time>
        <extensions>
          <gpxtpx:TrackPointExtension>
            <gpxtpx:hr>144</gpxtpx:hr>
          </gpxtpx:TrackPointExtension>
        </extensions>
      </trkpt>
      <trkpt lat="28.232119480416408" lon="112.90334157238074">
        <ele>63.13775901123881</ele>
        <time>2026-08-17T22:32:03.200000Z</time>
        <extensions>
          <gpxtpx:TrackPointExtension>
            <gpxtpx:hr>142</gpxtpx:hr>
          </gpxtpx:TrackPointExtension>
        </extensions>
      </trkpt>
      <trkpt lat="28.23211532424708" lon="112.90334023665682">
        <ele>63.11064213421196</ele>
        <time>2026-08-17T22:32:04.200000Z</time>
        <extensions>
          <gpxtpx:TrackPointExtension>
            <gpxtpx:hr>142</gpxtpx:hr>
          </gpxtpx:TrackPointExtension>
        </extensions>
      </trkpt>
      <trkpt lat="28.232110790232667" lon="112.90334081521301">
        <ele>63.081888956949115</ele>
        <time>2026-08-17T22:32:05.200000Z</time>
        <extensions>
          <gpxtpx:TrackPointExtension>
            <gpxtpx:hr>142</gpxtpx:hr>
          </gpxtpx:TrackPointExtension>
        </extensions>
      </trkpt>
      <trkpt lat="28.23210595855519" lon="112.9033434578208">
        <ele>63.052714137360454</ele>
        <time>2026-08-17T22:32:06.200000Z</time>
        <extensions>
          <gpxtpx:TrackPointExtension>
            <gpxtpx:hr>142</gpxtpx:hr>
          </gpxtpx:TrackPointExtension>
        </extensions>
      </trkpt>
      <trkpt lat="28.232101113738235" lon="112.90334830192133">
        <ele>63.02406798861921</ele>
        <time>2026-08-17T22:32:07.200000Z</time>
        <extensions>
          <gpxtpx:TrackPointExtension>
            <gpxtpx:hr>142</gpxtpx:hr>
          </gpxtpx:TrackPointExtension>
        </extensions>
      </trkpt>
      <trkpt lat="28.232096863547408" lon="112.9033553312058">
        <ele>62.99667339026928</ele>
        <time>2026-08-17T22:32:08.200000Z</time>
        <extensions>
          <gpxtpx:TrackPointExtension>
            <gpxtpx:hr>142</gpxtpx:hr>
          </gpxtpx:TrackPointExtension>
        </extensions>
      </trkpt>
      <trkpt lat="28.232093837438637" lon="112.90336396490125">
        <ele>62.971149819903076</ele>
        <time>2026-08-17T22:32:09.200000Z</time>
        <extensions>
          <gpxtpx:TrackPointExtension>
            <gpxtpx:hr>142</gpxtpx:hr>
          </gpxtpx:TrackPointExtension>
        </extensions>
      </trkpt>
      <trkpt lat="28.232092372915357" lon="112.90337312906308">
        <ele>62.948026976548135</ele>
        <time>2026-08-17T22:32:10.200000Z</time>
        <extensions>
          <gpxtpx:TrackPointExtension>
            <gpxtpx:hr>142</gpxtpx:hr>
          </gpxtpx:TrackPointExtension>
        </extensions>
      </trkpt>
      <trkpt lat="28.232092610712947" lon="112.9033818835471">
        <ele>62.92765873391181</ele>
        <time>2026-08-17T22:32:11.200000Z</time>
        <extensions>
          <gpxtpx:TrackPointExtension>
            <gpxtpx:hr>142</gpxtpx:hr>
          </gpxtpx:TrackPointExtension>
        </extensions>
      </trkpt>
      <trkpt lat="28.232094666173452" lon="112.90338981390414">
        <ele>62.91019094083458</ele>
        <time>2026-08-17T22:32:12.200000Z</time>
        <extensions>
          <gpxtpx:TrackPointExtension>
            <gpxtpx:hr>142</gpxtpx:hr>
          </gpxtpx:TrackPointExtension>
        </extensions>
      </trkpt>
      <trkpt lat="28.232098545646863" lon="112.90339661276285">
        <ele>62.895626582205296</ele>
        <time>2026-08-17T22:32:13.200000Z</time>
        <extensions>
          <gpxtpx:TrackPointExtension>
            <gpxtpx:hr>142</gpxtpx:hr>
          </gpxtpx:TrackPointExtension>
        </extensions>
      </trkpt>
      <trkpt lat="28.232103863920447" lon="112.90340180905986">
        <ele>62.88398729078472</ele>
        <time>2026-08-17T22:32:14.200000Z</time>
        <extensions>
          <gpxtpx:TrackPointExtension>
            <gpxtpx:hr>142</gpxtpx:hr>
          </gpxtpx:TrackPointExtension>
        </extensions>
      </trkpt>
      <trkpt lat="28.232109855493754" lon="112.90340513055929">
        <ele>62.87544058728963</ele>
        <time>2026-08-17T22:32:15.200000Z</time>
        <extensions>
          <gpxtpx:TrackPointExtension>
            <gpxtpx:hr>142</gpxtpx:hr>
          </gpxtpx:TrackPointExtension>
        </extensions>
      </trkpt>
      <trkpt lat="28.232115697564815" lon="112.90340649877378">
        <ele>62.87036207225174</ele>
        <time>2026-08-17T22:32:16.200000Z</time>
        <extensions>
          <gpxtpx:TrackPointExtension>
            <gpxtpx:hr>142</gpxtpx:hr>
          </gpxtpx:TrackPointExtension>
        </extensions>
      </trkpt>
      <trkpt lat="28.232120867193" lon="112.90340602065767">
        <ele>62.86940926592797</ele>
        <time>2026-08-17T22:32:17.200000Z</time>
        <extensions>
          <gpxtpx:TrackPointExtension>
            <gpxtpx:hr>142</gpxtpx:hr>
          </gpxtpx:TrackPointExtension>
        </extensions>
      </trkpt>
      <trkpt lat="28.232125194636588" lon="112.90340402415707">
        <ele>62.87348196003586</ele>
        <time>2026-08-17T22:32:18.200000Z</time>
        <extensions>
          <gpxtpx:TrackPointExtension>
            <gpxtpx:hr>142</gpxtpx:hr>
          </gpxtpx:TrackPointExtension>
        </extensions>
      </trkpt>
      <trkpt lat="28.232128698257306" lon="112.90340090365959">
        <ele>62.883549282327294</ele>
        <time>2026-08-17T22:32:19.200000Z</time>
        <extensions>
          <gpxtpx:TrackPointExtension>
            <gpxtpx:hr>142</gpxtpx:hr>
          </gpxtpx:TrackPointExtension>
        </extensions>
      </trkpt>
      <trkpt lat="28.232131408881415" lon="112.90339700491508">
        <ele>62.90054533910006</ele>
        <time>2026-08-17T22:32:20.200000Z</time>
        <extensions>
          <gpxtpx:TrackPointExtension>
            <gpxtpx:hr>142</gpxtpx:hr>
          </gpxtpx:TrackPointExtension>
        </extensions>
      </trkpt>
      <trkpt lat="28.23213333553892" lon="112.90339262677693">
        <ele>62.92529291473329</ele>
        <time>2026-08-17T22:32:21.200000Z</time>
        <extensions>
          <gpxtpx:TrackPointExtension>
            <gpxtpx:hr>141</gpxtpx:hr>
          </gpxtpx:TrackPointExtension>
        </extensions>
      </trkpt>
      <trkpt lat="28.232134452502525" lon="112.90338806400042">
        <ele>62.95836220495403</ele>
        <time>2026-08-17T22:32:22.200000Z</time>
        <extensions>
          <gpxtpx:TrackPointExtension>
            <gpxtpx:hr>141</gpxtpx:hr>
          </gpxtpx:TrackPointExtension>
        </extensions>
      </trkpt>
      <trkpt lat="28.232134740865686" lon="112.90338357853928">
        <ele>62.999974178150296</ele>
        <time>2026-08-17T22:32:23.200000Z</time>
        <extensions>
          <gpxtpx:TrackPointExtension>
            <gpxtpx:hr>141</gpxtpx:hr>
          </gpxtpx:TrackPointExtension>
        </extensions>
      </trkpt>
      <trkpt lat="28.23213421902403" lon="112.90337938512423">
        <ele>63.0499546835199</ele>
        <time>2026-08-17T22:32:24.200000Z</time>
        <extensions>
          <gpxtpx:TrackPointExtension>
            <gpxtpx:hr>141</gpxtpx:hr>
          </gpxtpx:TrackPointExtension>
        </extensions>
      </trkpt>
      <trkpt lat="28.23213293788068" lon="112.903375729243">
        <ele>63.107730621472</ele>
        <time>2026-08-17T22:32:25.200000Z</time>
        <extensions>
          <gpxtpx:TrackPointExtension>
            <gpxtpx:hr>141</gpxtpx:hr>
          </gpxtpx:TrackPointExtension>
        </extensions>
      </trkpt>
      <trkpt lat="28.23213094374086" lon="112.90337285198814">
        <ele>63.172310415655375</ele>
        <time>2026-08-17T22:32:26.200000Z</time>
        <extensions>
          <gpxtpx:TrackPointExtension>
            <gpxtpx:hr>141</gpxtpx:hr>
          </gpxtpx:TrackPointExtension>
        </extensions>
      </trkpt>
      <trkpt lat="28.232128211846128" lon="112.90337088561873">
        <ele>63.24224396236241</ele>
        <time>2026-08-17T22:32:27.200000Z</time>
        <extensions>
          <gpxtpx:TrackPointExtension>
            <gpxtpx:hr>140</gpxtpx:hr>
          </gpxtpx:TrackPointExtension>
        </extensions>
      </trkpt>
      <trkpt lat="28.232124693784662" lon="112.90336985947356">
        <ele>63.31575506366789</ele>
        <time>2026-08-17T22:32:28.200000Z</time>
        <extensions>
          <gpxtpx:TrackPointExtension>
            <gpxtpx:hr>140</gpxtpx:hr>
          </gpxtpx:TrackPointExtension>
        </extensions>
      </trkpt>
      <trkpt lat="28.232120373121795" lon="112.90336977215553">
        <ele>63.390932347625494</ele>
        <time>2026-08-17T22:32:29.200000Z</time>
        <extensions>
          <gpxtpx:TrackPointExtension>
            <gpxtpx:hr>140</gpxtpx:hr>
          </gpxtpx:TrackPointExtension>
        </extensions>
      </trkpt>
      <trkpt lat="28.23211526607742" lon="112.90337062795709">
        <ele>63.465888381935656</ele>
        <time>2026-08-17T22:32:30.200000Z</time>
        <extensions>
          <gpxtpx:TrackPointExtension>
            <gpxtpx:hr>140</gpxtpx:hr>
          </gpxtpx:TrackPointExtension>
        </extensions>
      </trkpt>
      <trkpt lat="28.2321095695234" lon="112.90337225893134">
        <ele>63.538907459937036</ele>
        <time>2026-08-17T22:32:31.200000Z</time>
        <extensions>
          <gpxtpx:TrackPointExtension>
            <gpxtpx:hr>140</gpxtpx:hr>
          </gpxtpx:TrackPointExtension>
        </extensions>
      </trkpt>
      <trkpt lat="28.232103586935995" lon="112.90337433232371">
        <ele>63.60860633291304</ele>
        <time>2026-08-17T22:32:32.200000Z</time>
        <extensions>
          <gpxtpx:TrackPointExtension>
            <gpxtpx:hr>140</gpxtpx:hr>
          </gpxtpx:TrackPointExtension>
        </extensions>
      </trkpt>
      <trkpt lat="28.23209740665182" lon="112.90337661684849">
        <ele>63.674102276563644</ele>
        <time>2026-08-17T22:32:33.200000Z</time>
        <extensions>
          <gpxtpx:TrackPointExtension>
            <gpxtpx:hr>140</gpxtpx:hr>
          </gpxtpx:TrackPointExtension>
        </extensions>
      </trkpt>
      <trkpt lat="28.232091136044613" lon="112.90337895696726">
        <ele>63.73500848188996</ele>
        <time>2026-08-17T22:32:34.200000Z</time>
        <extensions>
          <gpxtpx:TrackPointExtension>
            <gpxtpx:hr>140</gpxtpx:hr>
          </gpxtpx:TrackPointExtension>
        </extensions>
      </trkpt>
      <trkpt lat="28.23208502040972" lon="112.90338118946245">
        <ele>63.7914789384231</ele>
        <time>2026-08-17T22:32:35.200000Z</time>
        <extensions>
          <gpxtpx:TrackPointExtension>
            <gpxtpx:hr>141</gpxtpx:hr>
          </gpxtpx:TrackPointExtension>
        </extensions>
      </trkpt>
      <trkpt lat="28.232079072165448" lon="112.90338323489209">
        <ele>63.84423280879855</ele>
        <time>2026-08-17T22:32:36.200000Z</time>
        <extensions>
          <gpxtpx:TrackPointExtension>
            <gpxtpx:hr>141</gpxtpx:hr>
          </gpxtpx:TrackPointExtension>
        </extensions>
      </trkpt>
      <trkpt lat="28.232072945884493" lon="112.90338544239738">
        <ele>63.894371944479644</ele>
        <time>2026-08-17T22:32:37.200000Z</time>
        <extensions>
          <gpxtpx:TrackPointExtension>
            <gpxtpx:hr>141</gpxtpx:hr>
          </gpxtpx:TrackPointExtension>
        </extensions>
      </trkpt>
      <trkpt lat="28.23206655363815" lon="112.90338809978756">
        <ele>63.94318173173815</ele>
        <time>2026-08-17T22:32:38.200000Z</time>
        <extensions>
          <gpxtpx:TrackPointExtension>
            <gpxtpx:hr>141</gpxtpx:hr>
          </gpxtpx:TrackPointExtension>
        </extensions>
      </trkpt>
      <trkpt lat="28.23206022044338" lon="112.90339110011011">
        <ele>63.991868471726775</ele>
        <time>2026-08-17T22:32:39.200000Z</time>
        <extensions>
          <gpxtpx:TrackPointExtension>
            <gpxtpx:hr>141</gpxtpx:hr>
          </gpxtpx:TrackPointExtension>
        </extensions>
      </trkpt>
      <trkpt lat="28.23205411116733" lon="112.90339449024187">
        <ele>64.0413643848151</ele>
        <time>2026-08-17T22:32:40.200000Z</time>
        <extensions>
          <gpxtpx:TrackPointExtension>
            <gpxtpx:hr>141</gpxtpx:hr>
          </gpxtpx:TrackPointExtension>
        </extensions>
      </trkpt>
      <trkpt lat="28.232048103912568" lon="112.90339840118726">
        <ele>64.09219716861844</ele>
        <time>2026-08-17T22:32:41.200000Z</time>
        <extensions>
          <gpxtpx:TrackPointExtension>
            <gpxtpx:hr>142</gpxtpx:hr>
          </gpxtpx:TrackPointExtension>
        </extensions>
      </trkpt>
      <trkpt lat="28.23204200385066" lon="112.90340285595431">
        <ele>64.14432965498418</ele>
        <time>2026-08-17T22:32:42.200000Z</time>
        <extensions>
          <gpxtpx:TrackPointExtension>
            <gpxtpx:hr>142</gpxtpx:hr>
          </gpxtpx:TrackPointExtension>
        </extensions>
      </trkpt>
      <trkpt lat="28.232035701193507" lon="112.90340777936976">
        <ele>64.19718763697892</ele>
        <time>2026-08-17T22:32:43.200000Z</time>
        <extensions>
          <gpxtpx:TrackPointExtension>
            <gpxtpx:hr>142</gpxtpx:hr>
          </gpxtpx:TrackPointExtension>
        </extensions>
      </trkpt>
      <trkpt lat="28.232029057488777" lon="112.90341298544979">
        <ele>64.24984274990857</ele>
        <time>2026-08-17T22:32:44.200000Z</time>
        <extensions>
          <gpxtpx:TrackPointExtension>
            <gpxtpx:hr>142</gpxtpx:hr>
          </gpxtpx:TrackPointExtension>
        </extensions>
      </trkpt>
      <trkpt lat="28.232021820076973" lon="112.90341819832669">
        <ele>64.30125337094069</ele>
        <time>2026-08-17T22:32:45.200000Z</time>
        <extensions>
          <gpxtpx:TrackPointExtension>
            <gpxtpx:hr>142</gpxtpx:hr>
          </gpxtpx:TrackPointExtension>
        </extensions>
      </trkpt>
      <trkpt lat="28.232013691587984" lon="112.90342300909492">
        <ele>64.35051139071584</ele>
        <time>2026-08-17T22:32:46.200000Z</time>
        <extensions>
          <gpxtpx:TrackPointExtension>
            <gpxtpx:hr>142</gpxtpx:hr>
          </gpxtpx:TrackPointExtension>
        </extensions>
      </trkpt>
      <trkpt lat="28.23200466780243" lon="112.90342666596335">
        <ele>64.39683499280363</ele>
        <time>2026-08-17T22:32:47.200000Z</time>
        <extensions>
          <gpxtpx:TrackPointExtension>
            <gpxtpx:hr>141</gpxtpx:hr>
          </gpxtpx:TrackPointExtension>
        </extensions>
      </trkpt>
      <trkpt lat="28.23199527625542" lon="112.90342869188893">
        <ele>64.43954913970083</ele>
        <time>2026-08-17T22:32:48.100000Z</time>
        <extensions>
          <gpxtpx:TrackPointExtension>
            <gpxtpx:hr>141</gpxtpx:hr>
          </gpxtpx:TrackPointExtension>
        </extensions>
      </trkpt>
      <trkpt lat="28.23198618453117" lon="112.90342938309163">
        <ele>64.47855512332171</ele>
        <time>2026-08-17T22:32:49.100000Z</time>
        <extensions>
          <gpxtpx:TrackPointExtension>
            <gpxtpx:hr>141</gpxtpx:hr>
          </gpxtpx:TrackPointExtension>
        </extensions>
      </trkpt>
      <trkpt lat="28.231974536465987" lon="112.90343160940759">
        <ele>64.52791156899184</ele>
        <time>2026-08-17T22:32:50.500000Z</time>
        <extensions>
          <gpxtpx:TrackPointExtension>
            <gpxtpx:hr>141</gpxtpx:hr>
          </gpxtpx:TrackPointExtension>
        </extensions>
      </trkpt>
    </trkseg>
  </trk>
</gpx>